repo,sha,label,committer_date
angular/angular-cli,1ff0ec8e450522d47308f336b5d109e579bef45a,feat,2015-05-11T04:12:48+00:00
angular/angular-cli,f8d2ede2dffd69084dd74e680b8dbcaddae93263,fix,2015-05-13T17:31:51+00:00
angular/angular-cli,160cd6d8bbad301206d3798b9da7344325817fe5,fix,2015-05-13T17:36:17+00:00
angular/angular-cli,a768c0baa4e97c69fca1b1b327fa30727ef743ac,feat,2015-05-31T05:23:10+00:00
angular/angular-cli,4051911debf83e0d2c036d3ce179051ecc9f6611,fix,2015-06-18T18:03:46+00:00
angular/angular-cli,c0801d58bd0272b2b6bbe0e5dd5f22fe37de2a7f,feat,2015-07-24T17:37:03+00:00
angular/angular-cli,3c9a650a99feab4b4ab28059249f98c2e39b6fd0,fix,2015-09-01T16:11:10+00:00
angular/angular-cli,4727ebe00417a682890d069d273554b6651cd52b,feat,2015-10-16T05:35:40+00:00
angular/angular-cli,2edf87d66e02cebea0fe314b19194b2acc024bb0,feat,2015-10-18T17:38:22+00:00
angular/angular-cli,5ee0c1896d161a7fa8100fb875df34c68f75743f,fix,2015-10-19T11:51:51+00:00
angular/angular-cli,04a4bbbfde3ba45bb339eb3dc8e1344fcb990187,fix,2015-11-22T15:53:23+00:00
angular/angular-cli,1f2158269dcb090f4a2e135d121708cce1fc6438,fix,2015-11-26T17:45:04+00:00
angular/angular-cli,0f66aaca44e949d4b147f6c1bcf89348879a0c05,feat,2015-12-05T04:38:43+00:00
angular/angular-cli,563e6e2cd2c72604caff59be50ac0bfe7e02404e,feat,2015-12-10T11:13:50+00:00
angular/angular-cli,5e9f34bd2097bd400ec15f3fc6a1a1e1e2cb513c,feat,2015-12-15T12:50:24+00:00
angular/angular-cli,5dcdf5118274b527446460c1a5e1c41026267ac2,docs,2016-01-25T19:12:21+00:00
angular/angular-cli,acaaa3ea4bacd7b85d0e6c5ad2f3e7b5e48a1498,feat,2016-01-31T12:58:47+00:00
angular/angular-cli,2efc9a150fe84a38d479ed062e6454f3e3a14970,fix,2016-01-31T14:17:32+00:00
angular/angular-cli,2991dd7c56a94bbc78b99dd847f74522b25241dd,feat,2016-02-01T21:15:41+00:00
angular/angular-cli,6db91e76691e91f720f2e8b34d82e114404a9127,feat,2016-02-14T15:50:43+00:00
angular/angular-cli,78f7eac0aeb1b4118bdc369ebb9ca445409ae429,fix,2016-02-19T14:31:33+00:00
angular/angular-cli,1bbd7518d726e178a2cf296f19d376ec2bd0a8b6,fix,2016-02-25T07:51:08+00:00
angular/angular-cli,5592a6b37304cc311bc24eb38cbf72e815b232b3,feat,2016-02-29T02:06:53+00:00
angular/angular-cli,6cad6c39df29f5ec369d1bb406f59b6bfd0933c6,fix,2016-02-29T10:41:00+00:00
angular/angular-cli,09193e41aa2f35ac0969d8c2926e316933975131,fix,2016-03-08T01:33:59+00:00
angular/angular-cli,7be364b2d732c8255887c90d397576dd8002fcd4,fix,2016-03-17T14:57:01+00:00
angular/angular-cli,f2f5ff925033d16365397a909132e294d4b155e3,fix,2016-03-18T02:59:35+00:00
angular/angular-cli,b1289060c2ac29389280e51c801e5b7724cd88b9,fix,2016-03-20T15:47:29+00:00
angular/angular-cli,cae13707db6488b3c7eaac1bf193ea41ce3e5a86,feat,2016-03-21T02:43:54+00:00
angular/angular-cli,e32fd1cd7a696c33cd706b965e2ef6deb5c1b684,feat,2016-03-24T16:07:00+00:00
angular/angular-cli,7ba8b394b0367a41b82eb53bacbe7116fad928d4,feat,2016-03-25T02:02:42+00:00
angular/angular-cli,cc578dbc12e4133eb49c07daeb36ecd99220fab4,fix,2016-03-31T18:08:09+00:00
angular/angular-cli,25aeba77bde07c1df40c273717d903e662566247,fix,2016-03-31T18:28:33+00:00
angular/angular-cli,e9cebaa356b0718e706de7879f6ed2c99069566a,feat,2016-04-05T17:27:23+00:00
angular/angular-cli,94742ca05bcf67ac82bbb0f209c33947d1288825,fix,2016-04-13T18:26:14+00:00
angular/angular-cli,8e9d3efe5a7c68d6ddf379dcf823ebdeb5ea0d27,feat,2016-04-18T00:59:41+00:00
angular/angular-cli,61c383c98d3133d717a21b0ef7ff7b3198baaa83,feat,2016-04-19T05:34:11+00:00
angular/angular-cli,3581bf1600f916fa4a7d8fdac32147898c7ac782,refactor,2016-04-21T23:21:57+00:00
angular/angular-cli,69cdb28a2e10748035d9576693cc9eafa9a3ba5e,fix,2016-04-30T00:04:54+00:00
angular/angular-cli,5b0896520531f1862f72c7a4e40f89e51f006616,feat,2016-05-01T17:59:16+00:00
angular/angular-cli,9969509f15b3c800f4a168a1d4354cdf4fda529c,feat,2016-05-01T18:42:51+00:00
angular/angular-cli,51569ce674d1d80381b7f0867b43083ecca89209,feat,2016-05-12T04:13:59+00:00
angular/angular-cli,7f86ab37cbdc70f446c4b2af7b7b36e1096943d3,fix,2016-05-12T18:35:16+00:00
angular/angular-cli,285db139cebd6364cf03506d4a98f84ab1d7205e,fix,2016-05-15T06:06:32+00:00
angular/angular-cli,a34aca894372851f3457c5a4227cf198d90c81de,fix,2016-05-15T16:12:18+00:00
angular/angular-cli,88c77d69275da9328b432c20b836364036792744,docs,2016-05-16T17:21:55+00:00
angular/angular-cli,9d18f742c96e00a6bf7ccfbb00fda996a205dc22,fix,2016-05-17T00:44:19+00:00
angular/angular-cli,234de2b4f91b9b980ff3c55ea4eddabe4db64aa1,fix,2016-05-19T16:45:57+00:00
angular/angular-cli,67b577deb3bbee27228ec0b559bca6ba90603dcc,fix,2016-05-28T03:47:18+00:00
angular/angular-cli,424cff2275ce60b5fadf5c37142f3c14afe15e81,fix,2016-06-01T00:17:38+00:00
angular/angular-cli,0bc3d94994cc976e106801166bde5ae0f7487e2a,fix,2016-06-01T15:52:19+00:00
angular/angular-cli,9a7bfe0d564938b265c3166aa6917cf7231e83a2,fix,2016-06-02T23:41:35+00:00
angular/angular-cli,f8f81796c6c4c8768780ab9b38562f33ac988cb7,fix,2016-06-07T03:55:21+00:00
angular/angular-cli,b90a1104c6662c28aec3b1639d3a87800412cde6,fix,2016-06-17T17:26:10+00:00
angular/angular-cli,e97fd9f3783d54f5c8d711c5a48fac60cd2e8825,fix,2016-06-18T02:23:49+00:00
angular/angular-cli,9df0ffe751cc4f4cbf3a657438665d51eeeceeae,fix,2016-06-20T01:22:46+00:00
angular/angular-cli,4b638c8b9c33bc971751b1eceb29bcafb14cd65b,fix,2016-06-20T23:03:22+00:00
angular/angular-cli,327f649be9b3b69f57bad72af806378b87c45fac,feat,2016-06-22T22:03:07+00:00
angular/angular-cli,00e111af2b256a762fad33f2cfb0571d4757f6a1,fix,2016-07-12T18:15:44+00:00
angular/angular-cli,022e7f90b94faebd909e18bb945f8e0a960f83b9,fix,2016-07-13T21:19:43+00:00
angular/angular-cli,72bc9d9305c95428e3f907887fbe9bd5bc032034,fix,2016-07-14T21:16:55+00:00
angular/angular-cli,a85a507a82c07f6f4d67343601469ad283316f7c,feat,2016-07-28T21:21:33+00:00
angular/angular-cli,b8ddeec1a9fd8fd0d6bfc296c14ada337e58ea01,feat,2016-08-01T04:31:31+00:00
angular/angular-cli,e89d6f410215aa9d3c119d2148c88059fa0cc27a,refactor,2016-08-09T18:19:35+00:00
angular/angular-cli,67098e0d73918087ff2c8100e9f9f672d5600972,feat,2016-08-13T01:16:00+00:00
angular/angular-cli,9d697485bd4b7f07c3e13760a4823dc8dec9722b,feat,2016-08-19T13:22:30+00:00
angular/angular-cli,3dcd49bc625db36dd9f539cf9ce2492107e0258c,feat,2016-08-19T19:39:09+00:00
angular/angular-cli,f03f2756fd649857a4da98159093865b64e75e85,fix,2016-08-26T14:40:30+00:00
angular/angular-cli,74b29b390bc5714633b8f8a85c043254389a431b,feat,2016-08-26T14:48:03+00:00
angular/angular-cli,5e68151179ca6ab025b1d0aa6e55dc4fd4b15f91,fix,2016-08-29T20:37:02+00:00
angular/angular-cli,bf18f4d70527b5ba781a35895642f66737764b1d,fix,2016-08-30T05:35:49+00:00
angular/angular-cli,0d9d646c99e81294f1135bf1617689fbeb9744a4,fix,2016-08-31T00:31:13+00:00
angular/angular-cli,a647e5103e016b9a85fd01b1e26f8271a18301af,feat,2016-09-04T13:38:43+00:00
angular/angular-cli,9703dfa79c33bf33fd64ffd18ca5afa4f44c871b,refactor,2016-09-08T21:11:26+00:00
angular/angular-cli,33c9c73bdfd8f9c5fc1cd97cb76e912f65e8161d,fix,2016-09-10T18:21:54+00:00
angular/angular-cli,49a120b15096db63f13c344a53cb34f0ff28e076,fix,2016-09-27T16:23:29+00:00
angular/angular-cli,4b36ecff7ef250391937f686f6a0124675c65830,fix,2016-10-05T16:06:21+00:00
angular/angular-cli,c2f4b372608debe15d2ebc022430631a09d4bad4,fix,2016-10-05T16:14:58+00:00
angular/angular-cli,63023ae1601c086905fe0fdbd70b1a99daac8b9d,fix,2016-10-10T15:29:57+00:00
angular/angular-cli,883fe462aba2325b8d9fab5d4539fbfbc228fd4b,feat,2016-10-10T21:20:26+00:00
angular/angular-cli,eb2f93915353f7b5e69ba803aa6d86e7f97003ae,fix,2016-10-10T21:22:33+00:00
angular/angular-cli,699ebba7f7752ae89e715c871c050cba15e631d4,fix,2016-10-10T21:26:01+00:00
angular/angular-cli,6f8b1b5d088ba9f8b1454f6d44db8da141454ed4,fix,2016-10-17T11:32:37+00:00
angular/angular-cli,1587c1bfc7bfe3d159451821b048ac11ade3a466,fix,2016-10-17T12:09:10+00:00
angular/angular-cli,9b1c3e0ae9dff48172834624e122757a4cefc7a2,fix,2016-10-17T23:45:18+00:00
angular/angular-cli,8944d0469f6863b7fd8ad287a9f172af0a9f920c,feat,2016-10-24T12:44:48+00:00
angular/angular-cli,b62b996668b0f70fdd47c99f46741302bd54382f,fix,2016-10-27T15:06:12+00:00
angular/angular-cli,b50c12197e09222908b8cd29bcb8b2c68c5a3445,fix,2016-10-28T13:48:26+00:00
angular/angular-cli,a45a1f285c032ac96e9007fd153ebafbd9e9b15a,fix,2016-11-07T09:58:17+00:00
angular/angular-cli,d59fa1fc80a5c4f740dd6f3aa66077a3baaf5a9c,fix,2016-11-07T20:24:56+00:00
angular/angular-cli,7127dba4f2862007db0d2f9e8f4e4cda5a17b25c,fix,2016-11-11T17:44:17+00:00
angular/angular-cli,7c834a87415e2d5201834c4afdd7b43c71d5f0f0,feat,2016-11-11T17:59:02+00:00
angular/angular-cli,07e96ea4ffd1d2371d43f335f15ec8ff9aa5bb4e,fix,2016-11-16T07:51:35+00:00
angular/angular-cli,b1cbf17bd4139494f60dff940840dc2e559040ec,fix,2016-11-23T18:36:58+00:00
angular/angular-cli,bf9c8f1b2a8f0acac868d368cca2739a9a295df6,feat,2016-11-25T15:07:07+00:00
angular/angular-cli,d1037dfb58feb62e6e05c0a97ede2e13f0b03907,fix,2016-11-29T19:21:48+00:00
angular/angular-cli,ed305a255dc62521b7e7d2308a551317ee46ca1b,feat,2016-12-01T03:48:10+00:00
angular/angular-cli,c5cd095a200bdd9abe78e5f84de0f02b05e8e51b,fix,2016-12-05T23:27:05+00:00
angular/angular-cli,00bf3ff5df8ed511a22398a7dcddd4ae761a04a8,docs,2016-12-08T13:51:04+00:00
angular/angular-cli,2fb2d13851f45ec1e42d15d91e50b223688cfea9,feat,2016-12-09T00:53:55+00:00
angular/angular-cli,901a64f547444cdcc9d814b860bc4d752b383923,fix,2016-12-09T01:24:29+00:00
angular/angular-cli,c46de15ef8fe4bfbe565c1c2ebaf13f0257ff7c8,fix,2016-12-09T18:59:31+00:00
angular/angular-cli,2a0a42dd9543e5e56b055135a6027fab6335eb49,feat,2016-12-14T20:08:39+00:00
angular/angular-cli,123f74d19d96195e268fd48abf29008015a7c5ec,feat,2016-12-19T19:25:50+00:00
angular/angular-cli,8b47a90eb7f8c61dc36113b6bcf862e6f59ab73e,feat,2016-12-28T18:04:58+00:00
angular/angular-cli,2a513ca2b198a29d4e5c9001ad41f662ac6326ae,fix,2016-12-31T19:56:24+00:00
angular/angular-cli,f61615852273af2a4cc7907d0fe5e85a26834eae,fix,2017-01-03T15:48:33+00:00
angular/angular-cli,1555c2b957e77ceb6071fd42368e41eb3bfb6c00,fix,2017-01-03T23:53:17+00:00
angular/angular-cli,45e2985def491b03acc2e6bb3a18183b23597c37,fix,2017-01-05T11:43:13+00:00
angular/angular-cli,74f7cddf9e0a5af013ccd15350f018849846daf5,feat,2017-01-11T00:19:42+00:00
angular/angular-cli,da1c19737aade7e4d42e424d33423703b601df33,feat,2017-01-12T19:11:15+00:00
angular/angular-cli,4c2f06aceb09739e40d07d7610184d3de023d31c,feat,2017-01-12T19:29:56+00:00
angular/angular-cli,87536c8d213a2de9ae4cde5b459cb7d587af64c6,feat,2017-01-12T19:36:00+00:00
angular/angular-cli,f70feaee1e877da1e03b9613f81eca28f89dbf27,fix,2017-01-16T15:44:22+00:00
angular/angular-cli,c1f1e0cef37e5b92ccd1dbcd6d8e582d7bac0cca,fix,2017-01-17T12:57:48+00:00
angular/angular-cli,1181e9e72a4910549ae02539bbbfff3dcf61627c,docs,2017-01-17T22:43:11+00:00
angular/angular-cli,e91552ffcd9ec69f7ac50fa98e3b266f5b024342,fix,2017-01-18T01:27:07+00:00
angular/angular-cli,088ebf000c284e6a14c3a76a5c8a406cf3ec5aa3,fix,2017-01-18T01:27:17+00:00
angular/angular-cli,c5b2244a9d979442c2b2193eac2db66ce0eb4358,feat,2017-01-18T14:29:14+00:00
angular/angular-cli,08bb738af2a3a257e003081caa154f014cb5365b,fix,2017-01-20T23:52:50+00:00
angular/angular-cli,3aa55d708594875740a3a1984153529e4434bb20,fix,2017-01-30T09:31:58+00:00
angular/angular-cli,5852783395b9ed63b0f3a634e019cb2e808d93df,refactor,2017-01-30T16:05:11+00:00
angular/angular-cli,335ab5fb334c2b9cecbd3c3c4622d7d698aa32ba,refactor,2017-01-30T22:52:46+00:00
angular/angular-cli,49d15b311b2031216c541a27a698cbb2929a0ce5,fix,2017-01-30T23:25:23+00:00
angular/angular-cli,8e82d17904fd01f51ad75b05117ff6c7efa87f75,fix,2017-01-31T01:10:29+00:00
angular/angular-cli,439dcd78425152927bb31e88486d4bab084e9566,feat,2017-01-31T05:06:31+00:00
angular/angular-cli,3e03c97f8537e42f4fde0bdaf03d483944d9c625,refactor,2017-01-31T05:11:15+00:00
angular/angular-cli,ba891258ae7f4cde1f6ea96560b6f35a8115f20d,refactor,2017-01-31T21:17:51+00:00
angular/angular-cli,601f9b38f8ce53052d623a4b8a2dc5bb30f9eee1,feat,2017-02-02T02:19:50+00:00
angular/angular-cli,cc2651c360bbdc54ff1b8e2ae5a50a0a0e03c0ed,fix,2017-02-03T01:18:58+00:00
angular/angular-cli,54541a1975ce1052c4e42933d67d918360f452e6,refactor,2017-02-06T15:22:14+00:00
angular/angular-cli,39fa206562fea19e635251544c6eada862f0306c,fix,2017-02-06T20:52:22+00:00
angular/angular-cli,26def64436f5142efff61fb74a4b2fd5e16a0342,refactor,2017-02-06T23:37:14+00:00
angular/angular-cli,6ff0f80271b964144b615e6d973a3c349582a0f1,fix,2017-02-07T03:39:31+00:00
angular/angular-cli,6bab5ecab5542289a8bf5aaa8a26badd0dec8034,fix,2017-02-07T19:23:52+00:00
angular/angular-cli,33e8798203ebea732dd6dab8ae120273cfb23488,refactor,2017-02-07T20:57:07+00:00
angular/angular-cli,1ce50fa02cd509da90fb8357af83aa70f003e00f,refactor,2017-02-07T23:39:56+00:00
angular/angular-cli,d43fa14a99ce38365062cde774a99d03590ffb92,refactor,2017-02-08T02:59:03+00:00
angular/angular-cli,59029c38eb74c5b9154e62df4818c4742ee50881,refactor,2017-02-09T05:51:33+00:00
angular/angular-cli,d2849c713b1d4f033711d61e2a6bd140771b6b19,feat,2017-02-09T18:35:19+00:00
angular/angular-cli,cb2e418d58149493fd4978909daf87ad8e432cd5,feat,2017-02-09T23:16:48+00:00
angular/angular-cli,49177151c8ea0d3618420b4f176f26f53477abf6,docs,2017-02-10T05:01:42+00:00
angular/angular-cli,b9295e08e76712e95dad30ea56cd51bb1be79986,feat,2017-02-10T12:32:02+00:00
angular/angular-cli,b1790e6784f347c9b9e1e415e07677f5c673b28d,docs,2017-02-12T20:59:03+00:00
angular/angular-cli,8b3e30010ac982383d9f50216d706b57ff68b211,fix,2017-02-13T03:15:52+00:00
angular/angular-cli,16bceee86e96c929efdf083e476076c70aed7ccd,fix,2017-02-13T17:12:19+00:00
angular/angular-cli,98a343016da906a21f7104f51348ebc305f908a4,fix,2017-02-14T18:37:10+00:00
angular/angular-cli,e55cb8237a8af66e1fe59b62a90d86aa3c717990,feat,2017-02-14T19:29:47+00:00
angular/angular-cli,7ea80135a3b31c1241da3691cb0a3577e52cd760,feat,2017-02-15T12:22:40+00:00
angular/angular-cli,ca29eabd19a82e4b52e0950d596ea1a9010cfe0f,fix,2017-02-15T12:23:13+00:00
angular/angular-cli,57ef508895bde796f10dbc9f2b6ab778116d4775,feat,2017-02-16T09:04:49+00:00
angular/angular-cli,a22474e0ce617241dd0f63bdad09a4929463cd2e,refactor,2017-02-16T15:48:54+00:00
angular/angular-cli,e0edccf3eeeb2daab3ba9d91cc03ff338cf1b321,feat,2017-02-17T00:52:02+00:00
angular/angular-cli,9c25f746d24a0e39d8537754e5a313b23147a776,fix,2017-02-17T01:20:32+00:00
angular/angular-cli,3c3f74c060cc79f3872230a18eb0c1dd8371065f,feat,2017-02-17T17:57:13+00:00
angular/angular-cli,d2bef98bb908cb7d4b34be389fae7eeb65de67a3,feat,2017-02-17T19:53:22+00:00
angular/angular-cli,ba30cc1de32936329937d3a56ddaabf6b672c570,fix,2017-02-22T00:56:41+00:00
angular/angular-cli,26d1e41eb82823a0d2d76ff989a0600a406b686e,fix,2017-02-22T11:52:22+00:00
angular/angular-cli,1e301590d8a1e1daddaf56bbdb0bf9aac9686c74,fix,2017-02-22T19:32:00+00:00
angular/angular-cli,69e6c717fd28a71ee771803ee8dfd14a01ed02ff,feat,2017-02-22T19:32:00+00:00
angular/angular-cli,b4985498c96aa0b33afd7f5334526fec1e897c26,feat,2017-02-22T22:01:29+00:00
angular/angular-cli,7567f5c09295fbf2cc20aa577357d474618d7dfa,fix,2017-02-22T22:15:01+00:00
angular/angular-cli,7ebe4f0d4e0c3d5c8b4a2bbf4b543b021f66f08a,fix,2017-02-22T23:43:34+00:00
angular/angular-cli,958bee3de128d38e392ecb3bddd1012aab2c2b3f,feat,2017-02-23T14:10:26+00:00
angular/angular-cli,00f21d3a12bd2669c96f3a255df2f60d712820c9,refactor,2017-02-23T15:46:12+00:00
angular/angular-cli,d2d788b200bf625aa3c29f1313378e13d036bfee,fix,2017-02-24T22:47:39+00:00
angular/angular-cli,1609554c4d04176041ddf7c0bcba68842c5695da,refactor,2017-02-28T05:22:19+00:00
angular/angular-cli,e2b6dae464e8e8c5043f69bf8991366d13028c09,docs,2017-03-01T01:28:38+00:00
angular/angular-cli,8c3a7b86dc368d71bbdf34aefb8999584a600385,docs,2017-03-06T18:47:11+00:00
angular/angular-cli,d74d9139eb494ce7633cbb24fc748dd09fd9338f,docs,2017-03-09T10:38:54+00:00
angular/angular-cli,5339e4a6b6b04b639d4f6155baabf8b13560baff,docs,2017-03-09T10:39:33+00:00
angular/angular-cli,a78a7279b6964840929be68183378373fe0956b1,feat,2017-03-09T10:40:09+00:00
angular/angular-cli,e9372d3c11af622f026d391088e173eb5c66bda9,fix,2017-03-09T10:41:58+00:00
angular/angular-cli,1834fc16ffcf3c96e4284670e0e4c0a47c2cfbb0,docs,2017-03-09T10:45:38+00:00
angular/angular-cli,afbddfe348e532c48d272cf9b4273b9ef7af06c7,docs,2017-03-09T10:47:48+00:00
angular/angular-cli,1f8363a95a19ab70bd99769aed904983d8878bfa,fix,2017-03-09T16:42:58+00:00
angular/angular-cli,9b70fda0b2a7b60069cb5775a2a087d61c95058f,fix,2017-03-09T22:00:04+00:00
angular/angular-cli,501e97438462216d84447ef76f5ec7276d66e845,fix,2017-03-13T23:19:37+00:00
angular/angular-cli,8a1b1f979be52cf5ffe2582ce27d0bc9f4e14611,fix,2017-03-13T23:20:34+00:00
angular/angular-cli,8530a825ba3d8de88b2296345ae139cdfe8dfbae,docs,2017-03-14T15:18:31+00:00
angular/angular-cli,1e476577c13ddc95bd4ae18eadb3cf8e5679ffb5,fix,2017-03-16T20:02:51+00:00
angular/angular-cli,4bd8bd2519cb339551150e6adca2205c56ae3b73,fix,2017-03-17T22:58:54+00:00
angular/angular-cli,ebb495dc8e8728aa43cb4cc5d2190197dff1c98d,fix,2017-03-20T16:09:23+00:00
angular/angular-cli,6f93972b1d748196a768f9e96c35c922a4cccd4a,refactor,2017-03-20T16:20:03+00:00
angular/angular-cli,b965a49a491007bba18e180fcd9a7503e8a43b7e,fix,2017-03-20T16:20:03+00:00
angular/angular-cli,446dc65a0827064014b5aa4200f903ae3015d407,fix,2017-03-23T01:39:33+00:00
angular/angular-cli,b25aef2da551e0a93331368f3cd039e976dc3857,fix,2017-03-24T00:23:57+00:00
angular/angular-cli,4025d3c96534e31ab8aa3ac35cac2c3f59d49b6f,docs,2017-03-24T00:25:30+00:00
angular/angular-cli,8572f429d8c071eb6b548ede688ee2730802cff0,docs,2017-03-24T00:25:30+00:00
angular/angular-cli,c44620b0ec7e649a4e5e83ffb1282012c89d8b6c,docs,2017-03-24T00:25:30+00:00
angular/angular-cli,500ca542a823021bedb5f993c788b34585d84922,docs,2017-03-24T00:29:27+00:00
angular/angular-cli,e03787716978f823c740c13fda13113912ef542e,docs,2017-03-24T00:36:41+00:00
angular/angular-cli,7298000ac7aa58783a1c3d5ea3215295c3eb8c33,fix,2017-03-24T00:43:19+00:00
angular/angular-cli,55a4e628f7bf2d06892ceefb5d5dfe6bc8ed5766,fix,2017-03-28T00:33:59+00:00
angular/angular-cli,d7d4539c29e70b98bab26a54842e638aad2cfef1,docs,2017-03-29T10:03:07+00:00
angular/angular-cli,a23dee80568c1d1c73879905d5c8906540e5e05c,docs,2017-03-29T22:04:04+00:00
angular/angular-cli,1bc174b0decb291baa1d7043e2bae87158783482,fix,2017-03-30T08:31:18+00:00
angular/angular-cli,f620993befbd0924491c17d2b0925a3598833430,refactor,2017-03-30T18:15:40+00:00
angular/angular-cli,314167325486ffc466326fa015d769aed9555c0b,refactor,2017-03-30T20:10:02+00:00
angular/angular-cli,1fa5f2ddf74fa2b6caf9b8882d6b50d269d0924b,docs,2017-03-31T23:59:33+00:00
angular/angular-cli,7377f66563b8d61c96d0241006b81cd0e9491126,fix,2017-04-03T09:21:39+00:00
angular/angular-cli,9eabfddb640b18ec09f62c5535a3d4d9b9dfda88,feat,2017-04-11T23:36:37+00:00
angular/angular-cli,091fa6e293fa5e5ec1c6e13703001a8b1416f564,fix,2017-04-20T23:27:07+00:00
angular/angular-cli,fb9687123ced9a0760bbdb6c46969fa626fabb2c,fix,2017-04-25T16:32:34+00:00
angular/angular-cli,274c1a49fdf7bd537b492e34656e802843b15db4,docs,2017-04-26T20:31:14+00:00
angular/angular-cli,bb99faccd332cd8686834d3d2643f8752bcc3341,feat,2017-05-04T00:29:05+00:00
angular/angular-cli,d7b46d09e63775ae1c56aeb7ca528222e86991a4,feat,2017-05-04T18:50:13+00:00
angular/angular-cli,d90292ed834bef58baf7eeb6c098878d82f5c06e,fix,2017-05-04T18:58:56+00:00
angular/angular-cli,70243a206413bb141a78e7b2371bf4d4d76cd605,refactor,2017-05-04T18:59:54+00:00
angular/angular-cli,11d0afc98af2ca19456dc9a6e044eaa5605d683d,fix,2017-05-04T19:23:43+00:00
angular/angular-cli,8c78fb98efaea44c42e389c0d9060df214923684,feat,2017-05-04T19:32:33+00:00
angular/angular-cli,d4829867b7cab6ed7d2b7113d4610b182b8697be,feat,2017-05-05T09:11:13+00:00
angular/angular-cli,2d42a58b290587820f4bea0d46b3400a78c2cc08,fix,2017-05-09T10:22:09+00:00
angular/angular-cli,31fbf00750a42e325d1fb06e318f5dd845215851,docs,2017-05-09T14:17:22+00:00
angular/angular-cli,a5d8bc1706237d7cd642b4d806be8d561542f136,fix,2017-05-09T14:17:22+00:00
angular/angular-cli,5cf395c9484464c86ddbb3c5e51d765a1357e730,refactor,2017-05-09T18:04:11+00:00
angular/angular-cli,32d3f5bb07a05b6849f0b9a9af078b9f35edfc51,fix,2017-05-11T08:38:25+00:00
angular/angular-cli,ebe190406ceb339f8283da1e37fe75fba5e93c3d,docs,2017-05-15T15:15:38+00:00
angular/angular-cli,a8325a552f5bcfe55f57c6fe167bb72c2b15f22f,docs,2017-05-15T21:20:54+00:00
angular/angular-cli,517be88364f8d6347214373ff37c81718e8e0625,docs,2017-05-15T21:21:19+00:00
angular/angular-cli,272766f11b8d9e0ae2df641c48e70336c8421d27,docs,2017-05-15T21:23:19+00:00
angular/angular-cli,da0c6c86a4e06ffa7d750296235f67786f7bfe21,docs,2017-05-17T19:50:26+00:00
angular/angular-cli,b9f8ca648db8864b6ef3f47c8398d1c9e8394f07,fix,2017-05-17T23:16:28+00:00
angular/angular-cli,c268b5889fa66c3f8f925edf11115cf1c03cbdad,feat,2017-05-22T21:40:42+00:00
angular/angular-cli,2b2e8b3685f0dbb75977812819aebf05921adb8c,fix,2017-05-24T19:29:32+00:00
angular/angular-cli,d954ed1eab4be477811ca93c2196d5d6058f58df,fix,2017-05-24T19:54:35+00:00
angular/angular-cli,a13e780d3da690130c2084e956a6889e8fb213f1,fix,2017-05-24T20:06:01+00:00
angular/angular-cli,0f6a5d6367b6d9992fe875e1eb59ef886681ad85,fix,2017-05-24T20:39:30+00:00
angular/angular-cli,af3e6b22f4cf9f4ea66785cdaab6179a0bc3b504,feat,2017-06-01T10:47:19+00:00
angular/angular-cli,b6bf8aedb4b3e2c2d522161b44c4949e68228587,fix,2017-06-06T13:59:28+00:00
angular/angular-cli,0e153cb7650c8ac065c6e21dfa5ffba50ae38662,fix,2017-06-06T14:04:38+00:00
angular/angular-cli,29c7ba17d3f8b98093740b33058212302c111dc7,docs,2017-06-06T14:07:33+00:00
angular/angular-cli,9029d4f1e6c0cbac891618b95f850a2a34058041,docs,2017-06-06T15:05:35+00:00
angular/angular-cli,407625ca90641efbf28ad58ccc5258ec956efc60,feat,2017-06-07T17:42:34+00:00
angular/angular-cli,18d1130d063ca87b80e60f4f3d2a80e92dca1e72,fix,2017-06-07T17:43:30+00:00
angular/angular-cli,2be0bf2d533e75617da0db034ffc2dc9cd5555db,fix,2017-06-07T18:22:25+00:00
angular/angular-cli,4008768f8634c18bafd3c8e69e45f6464934e9fe,docs,2017-06-15T17:23:28+00:00
angular/angular-cli,ca9414bd937ba5d6f30adb0d2a7ffd85ee0ff9f7,fix,2017-06-15T17:49:35+00:00
angular/angular-cli,9bd6d43662ae93f7ffeabfd2cf33e06ed1136f83,feat,2017-06-19T18:19:08+00:00
angular/angular-cli,220e59dbf4ffd15e75226353b91fc2f03802c522,fix,2017-06-21T21:05:40+00:00
angular/angular-cli,143a0748b501e864f17235ddce2fb97659ba80ea,refactor,2017-06-27T13:35:34+00:00
angular/angular-cli,a8e4beba54e526d236057be7bb546ee30350f149,fix,2017-06-27T15:10:37+00:00
angular/angular-cli,054b203a920574fb64cf5255e249396b1c75a207,fix,2017-06-27T15:31:42+00:00
angular/angular-cli,aabad932d6065c70ed1dd9772ab05fec7aa8fdba,feat,2017-06-27T15:34:29+00:00
angular/angular-cli,64e6b9490823178a406b960008578dfdb1bd1e47,fix,2017-06-30T17:32:08+00:00
angular/angular-cli,7f3471aefe7e04aa7578da402dad03ffbb2d87a8,docs,2017-07-05T23:17:31+00:00
angular/angular-cli,26e94339baf3e7089a250e02771cf82fee195865,feat,2017-07-19T14:13:24+00:00
angular/angular-cli,e66c26ccd5babfdb4aa68ca6422af3dfdb7a673f,docs,2017-07-19T15:01:15+00:00
angular/angular-cli,d5d0b07812dd7ae73dcdd89d140a797c1359acd4,feat,2017-07-19T20:04:16+00:00
angular/angular-cli,6f236363233931b3c807d1f5a2561dd03bc58557,feat,2017-07-20T22:01:25+00:00
angular/angular-cli,a329014ddbc7000ec62b4c45868cc1eca791c35e,fix,2017-07-26T20:11:17+00:00
angular/angular-cli,1c7e7bc66b2884e2fadff7798abe1406229427fa,fix,2017-07-31T13:40:27+00:00
angular/angular-cli,abe39029a027240716df3177e395a36d14259361,fix,2017-07-31T13:43:05+00:00
angular/angular-cli,260c781642688dcd637bdb340e38375b53911933,feat,2017-08-02T10:53:13+00:00
angular/angular-cli,76779b15f8841b6ac1090c16a97a83076fa13163,fix,2017-08-03T17:03:21+00:00
angular/angular-cli,bae9d06c7d91e2bd428dd0d9fc1ff8da82f7ea6b,fix,2017-08-03T17:05:15+00:00
angular/angular-cli,c6bba521aba4d386dd359dbb47b76096d655f539,docs,2017-08-03T17:06:28+00:00
angular/angular-cli,8401ffcb132beee513dc991a4053cf9507bfc70b,fix,2017-08-04T21:41:11+00:00
angular/angular-cli,d85652ee2f1e4c18c0bdcaf75a9fa8411a78247e,fix,2017-08-11T16:29:46+00:00
angular/angular-cli,eb4dc223c384eb69179553e894ba38708127f4e9,fix,2017-08-17T16:53:21+00:00
angular/angular-cli,f26456f0533391a3269062ae14d3524b6cf44c4d,docs,2017-08-18T17:13:02+00:00
angular/angular-cli,9edb30cf2ca7aa7a0233612141cf074452b07529,fix,2017-08-18T17:15:44+00:00
angular/angular-cli,0111f18b3671384b9a9d456ea2bc5aa1d4f3096a,fix,2017-08-20T18:43:03+00:00
angular/angular-cli,9ee78abd28d9db44c557d090a9ffb44409c561ee,feat,2017-08-20T18:45:48+00:00
angular/angular-cli,29988d5e2b5b411a4d1071ec59053adb27e74b42,fix,2017-08-21T16:24:29+00:00
angular/angular-cli,d1d2aa0ccf646bf377916272b5a28b251bd4c41f,fix,2017-08-22T22:07:52+00:00
angular/angular-cli,d6c07c7a81d06a71f74e8e128959b9b46af52980,fix,2017-08-22T22:14:21+00:00
angular/angular-cli,4cdc28a2e4edc1ac271bcef1d17f04667af18f1d,fix,2017-08-29T23:54:34+00:00
angular/angular-cli,b33c6967bef6d0d6bfb6448ee7774bb092b5c087,fix,2017-08-30T20:55:02+00:00
angular/angular-cli,aa1decff101f8d46eec5b15234238cf92985f94c,fix,2017-09-04T08:50:03+00:00
angular/angular-cli,1d79620b94405336fbd41f8bee1685568c3462f0,fix,2017-09-05T20:44:46+00:00
angular/angular-cli,bf3c519d9f1bab4015074cab750374c0a82a2726,fix,2017-09-06T08:55:57+00:00
angular/angular-cli,1652aa3fdc279b986c6f0b2389b61005f6b91665,fix,2017-09-06T09:08:34+00:00
angular/angular-cli,e0a70a3d1b6707748e379ca37ffb4f357e454186,fix,2017-09-08T21:38:25+00:00
angular/angular-cli,90fddc5ffbec3b4ad3779d37a385dfbc21d191f4,fix,2017-09-13T17:24:57+00:00
angular/angular-cli,6c6584d1332235fcac26bc310a53bdea55284ef3,fix,2017-09-13T17:40:41+00:00
angular/angular-cli,cd404e2217a2b9d79552cfcb0b0b76d5a50b4210,fix,2017-09-13T19:14:45+00:00
angular/angular-cli,dea04b1d5707a42819df18f9316536cb830d26fc,feat,2017-09-13T19:26:00+00:00
angular/angular-cli,b0fd35ee37ffa073e47909bc6b727f1d37e16abd,feat,2017-09-13T19:32:23+00:00
angular/angular-cli,a29af80fd9b5b864227b0cc2ed0d54c78f1243a1,fix,2017-09-15T20:13:56+00:00
angular/angular-cli,8ebc37a1fdf2e5ed43e04f6b7f21205aa684b288,fix,2017-09-25T09:40:38+00:00
angular/angular-cli,206064a399ebbba457e3187463fc7e63552d728a,fix,2017-09-25T10:43:09+00:00
angular/angular-cli,631c9fd05fc2ec09e46f3991ad315b9be9dfaa0e,fix,2017-09-26T12:28:30+00:00
angular/angular-cli,afe228ebbf55e8e25465ca6ed43cd4d1c3d3a936,feat,2017-09-27T08:29:32+00:00
angular/angular-cli,128b92adb53f4eaec074ea3b2a6a2fb1f5dfa371,fix,2017-09-27T11:25:31+00:00
angular/angular-cli,335bd04be4e37bf3b8fcc1e017f91772cdc14d20,feat,2017-09-28T20:12:31+00:00
angular/angular-cli,3c8fb21dec712fc7645755329f3f3eabd47d859a,feat,2017-09-28T20:12:31+00:00
angular/angular-cli,ecb91bed8fdedd74830cd4e0f70aff1a2943e1b8,feat,2017-09-28T20:12:31+00:00
angular/angular-cli,31b64ab77d34779ebf2377c79ffc2d771874310f,fix,2017-10-02T16:52:02+00:00
angular/angular-cli,60509ae54cc5db21645630c709d410ace8cbe595,fix,2017-10-03T13:38:43+00:00
angular/angular-cli,b6dfa8d52c7c7177c647760675bf2132838a03b0,feat,2017-10-04T18:33:43+00:00
angular/angular-cli,616a9f77c13bbc97987c65e6daafd929e7922826,fix,2017-10-05T14:19:26+00:00
angular/angular-cli,aa02086d02a6b9eb1cefe03960133195b2759410,feat,2017-10-05T16:56:11+00:00
angular/angular-cli,d55740d4fad2aec8a528bf0f9107404c1725701d,fix,2017-10-05T17:16:07+00:00
angular/angular-cli,a9d2b9a172e68060d6aac7f443ff8d96a9c7a80e,fix,2017-10-15T02:09:21+00:00
angular/angular-cli,7f5529d8e0e640a844e3698bd759d7f8213b6e51,docs,2017-10-17T10:33:49+00:00
angular/angular-cli,3b4a57bae98a2a20ceb7350337729d03aac1f0f8,fix,2017-10-18T15:00:20+00:00
angular/angular-cli,66f1898f5a3ca7dc93e70f8414425f1fe2062f97,fix,2017-10-18T18:46:07+00:00
angular/angular-cli,d8fcb122e9a72c9b34007712b8493d2a148eb850,fix,2017-10-19T21:59:12+00:00
angular/angular-cli,d9a4f88560fe782cff9c4ab90553fb4d9e71395f,fix,2017-10-23T21:57:55+00:00
angular/angular-cli,7dfb3606d44c8bf0d2508a3b43dabe5466164761,fix,2017-10-24T05:08:30+00:00
angular/angular-cli,450383c2bf9ca162dd8ed01f410071a456677d45,fix,2017-10-25T23:40:00+00:00
angular/angular-cli,1abd7b045516daff0a5adec5da8115f01fcdeebc,docs,2017-10-26T08:49:29+00:00
angular/angular-cli,9f02eef35dded499f0272a484f491f9a9a51487b,fix,2017-10-26T17:00:35+00:00
angular/angular-cli,7a36f6ab2d8cf678d2c57e9001eeb0a1c61d3995,fix,2017-10-27T01:16:08+00:00
angular/angular-cli,18baeab9962f98d88418e95c972eecd59d0358e7,fix,2017-10-29T18:47:06+00:00
angular/angular-cli,453ff5ceb3ea8b83a05b26a45300cce00539fcbf,fix,2017-10-31T22:16:22+00:00
angular/angular-cli,a24e64439291dc4ccab45d7c0a00d2e6b9d83ffe,fix,2017-11-01T21:56:51+00:00
angular/angular-cli,13c99def7da42b8f3fbcce04bf1866221432b8db,refactor,2017-11-02T16:02:58+00:00
angular/angular-cli,1eb24703c040aa9823a4d0c1c7bfc49a06135bfb,fix,2017-11-02T16:02:58+00:00
angular/angular-cli,54a75513314fb188e09c97f7c3b44413beaac310,fix,2017-11-16T18:52:12+00:00
angular/angular-cli,a2c416614d3ca5a2b5452157bbceb232d883315a,fix,2017-11-20T17:12:15+00:00
angular/angular-cli,2607578113599087da9b65c8145a3781a6a37ffc,fix,2017-11-20T17:13:02+00:00
angular/angular-cli,941466aa02716e5c0c981b4768c3a8ccfdd8d125,fix,2017-11-20T17:13:55+00:00
angular/angular-cli,64c600d1da70066be1856d50a83cb6b58fc19759,docs,2017-11-20T17:15:56+00:00
angular/angular-cli,64c60313d7c972de870cf5af7c52efbe712e8856,fix,2017-11-20T17:15:56+00:00
angular/angular-cli,392a3935a757945be68dbde0c4bcc8d5b4aa7bd5,feat,2017-11-22T20:30:26+00:00
angular/angular-cli,8c0779f6a33169ad22bb6410646f5283b399cfbe,feat,2017-11-23T06:35:31+00:00
angular/angular-cli,fabd4b36b756d8bd2f6e08134e785b5a592076dd,fix,2017-11-24T18:52:16+00:00
angular/angular-cli,aa5656e1663d91729477e868406bc75fc9d1e3af,fix,2017-11-27T15:59:24+00:00
angular/angular-cli,ef526759ce5c78ba36e1c8df213e17185bf07c51,fix,2017-12-01T01:03:13+00:00
angular/angular-cli,746bf7af2be550d4c785052c4bafa6fcf1a7c437,fix,2017-12-05T22:51:48+00:00
angular/angular-cli,c9389361c9fb7bbc0e3385f95e0c0a47b448a532,feat,2017-12-07T16:26:01+00:00
angular/angular-cli,330079cd7cd4b08e9e4a43c8cb863a5f45e7dcbd,fix,2017-12-13T21:33:39+00:00
angular/angular-cli,5ac3ecb643bc79cfa9b54d52233802a8d5d8bdc4,fix,2017-12-13T23:12:10+00:00
angular/angular-cli,883c02280734c7cc671aa1d45c786a46780cd69f,feat,2017-12-14T19:03:00+00:00
angular/angular-cli,6efd5b77463bb0fcb60ef6765ba52bf2bf561514,feat,2017-12-21T13:05:04+00:00
angular/angular-cli,9caa7ca0d1ab175301b60fcb5d3c42379a51a58d,fix,2017-12-21T13:07:39+00:00
angular/angular-cli,93c3b124461c5a83500c05c370b8c435ee8b06bf,fix,2017-12-26T12:50:07+00:00
angular/angular-cli,a2ef7d1e036570289f0e618b92e32505c8687fae,fix,2017-12-27T12:14:28+00:00
angular/angular-cli,07d3b931a82cc8b8b27c80be0e29d4948f0c63bf,fix,2017-12-29T17:21:43+00:00
angular/angular-cli,813fd68f34baf3f8e9d27b9b30ec8a5a449544dd,fix,2017-12-30T19:10:45+00:00
angular/angular-cli,97e86870376d8af70ce6120cdfe7377af81937da,docs,2018-01-02T10:03:58+00:00
angular/angular-cli,265eb96c091fde5c0340532f1c45758c121a65fd,feat,2018-01-03T11:09:26+00:00
angular/angular-cli,788c8f90813717fe42000fd4e45bd7946ae1b3f3,fix,2018-01-09T15:19:27+00:00
angular/angular-cli,c53dc67770e2a0430c0b33594dde103aa576ebb5,fix,2018-01-09T16:23:33+00:00
angular/angular-cli,b6b8acc1bf9928fc8016d77980dc61e9d978876b,feat,2018-01-10T14:54:55+00:00
angular/angular-cli,a6ce9abecf68ccb88682c8ec7931bbd84c30c8de,fix,2018-01-18T17:53:46+00:00
angular/angular-cli,2a254020350f1d6908faec911570e0c3cf91374e,refactor,2018-01-18T18:08:25+00:00
angular/angular-cli,66a376a0eb1d4bfdac2d5ba6ad4d7c3d0ba437e3,fix,2018-01-19T17:29:46+00:00
angular/angular-cli,f72472291414552d9deaf6e6b919c6e651395e2e,fix,2018-01-23T23:27:59+00:00
angular/angular-cli,cfc58a02660d6159db8da20ceb1fbe18cfee2e45,refactor,2018-01-24T19:52:18+00:00
angular/angular-cli,329b61cd3ed4b2fa85300bbb4c5f13ebce8a5f4b,feat,2018-01-25T00:36:35+00:00
angular/angular-cli,62190abfdcb7fadeb4aef116a62a9c46766c8e02,fix,2018-01-25T00:37:23+00:00
angular/angular-cli,fc1e08deaaba25011a78a626c35bb97226e521c5,feat,2018-01-25T15:57:35+00:00
angular/angular-cli,cfd007c33b7b69e304dc7818c93a2122c66c6cea,docs,2018-01-26T09:56:24+00:00
angular/angular-cli,a61f5a6041a8499161094a7680fbdb8ec43b17d7,fix,2018-02-01T00:19:03+00:00
angular/angular-cli,1972bd954300be12efb6c917556fbc3a48d003f9,fix,2018-02-02T18:32:01+00:00
angular/angular-cli,57d7c165705fe81344e9d0f5c2b1df78bc77c3ef,feat,2018-02-08T02:07:38+00:00
angular/angular-cli,214be802247230b6a37effa937ac687ad41fde9b,fix,2018-02-15T20:37:52+00:00
angular/angular-cli,fab269a739a8d7b990e1242802ef7d004dbf63bf,fix,2018-02-15T21:41:47+00:00
angular/angular-cli,2a2dc1ec23f3cfa56e8496827ce4b1f625ee6cc9,fix,2018-02-16T22:06:19+00:00
angular/angular-cli,3be17e73424a8b6e92d7d8bc69de2dcf375de1ee,feat,2018-02-16T22:06:19+00:00
angular/angular-cli,7ce65231c77ddc54506b0329f21a4b1950d30538,feat,2018-02-16T22:06:19+00:00
angular/angular-cli,29338bca7fcb24691254831c8d768821fc571875,refactor,2018-02-20T18:27:20+00:00
angular/angular-cli,804472d28430564e048c241bbe09df0a218309da,refactor,2018-02-20T18:27:20+00:00
angular/angular-cli,8480df78171912dd0658a6694dfc83f6f1ced9b8,refactor,2018-02-21T19:31:43+00:00
angular/angular-cli,1ec8cb324ba20c9e24ae37755da0ea29a257ff5e,fix,2018-02-21T19:35:15+00:00
angular/angular-cli,27106b623ec64f87e93124e09573a761c6fab631,fix,2018-02-21T19:35:34+00:00
angular/angular-cli,1dc9f866d4427d96021d37eea6528a7c570a9651,feat,2018-02-23T21:20:36+00:00
angular/angular-cli,d0a4b936b0080732e08a7734ebf279be77563a85,docs,2018-02-26T16:00:15+00:00
angular/angular-cli,e1904e069e41db8f95eab17ceb33336b7bac11f4,feat,2018-02-27T16:32:40+00:00
angular/angular-cli,487cb80fc0ef25fbd43ddb66607ed10f3f63087f,feat,2018-02-28T20:57:05+00:00
angular/angular-cli,04a36075e2c31800386c5532caaad025257f419b,refactor,2018-03-01T12:01:09+00:00
angular/angular-cli,a1683f840f699ed8d1868b398285bd5e2d1458fd,feat,2018-03-03T00:07:42+00:00
angular/angular-cli,b6812f757334e8aed358cc00ca5446b07fedc3e6,feat,2018-03-03T00:07:42+00:00
angular/angular-cli,f15c7973cb9badb8574304b23777fb36b5176a25,fix,2018-03-09T17:02:29+00:00
angular/angular-cli,2ee7e9cd5a071c6c88c6e119520bac2cb03316d0,feat,2018-03-21T12:16:30+00:00
angular/angular-cli,916731c88f62f9986d75f73edbea6b16777042a7,fix,2018-03-21T16:56:42+00:00
angular/angular-cli,d57ba452913b2883eabea2205eb2b3fdbdb1c10b,feat,2018-03-23T02:15:53+00:00
angular/angular-cli,8b4ec649aa16f3922c1fbc63c7b61c6451159b99,fix,2018-03-26T16:50:06+00:00
angular/angular-cli,5380b72f75518192626e506acf5b3d3755081728,fix,2018-03-26T20:35:08+00:00
angular/angular-cli,64ebf9cf63032be7fe3766c19d4d52ad98d713d3,feat,2018-03-28T04:03:18+00:00
angular/angular-cli,c34db58cee2e7efc113468425d5f82dc024ee9bc,fix,2018-03-29T03:38:21+00:00
angular/angular-cli,9a9bc00a453988469b12a434372021a812e11223,feat,2018-03-29T15:15:03+00:00
angular/angular-cli,ecdc52cb30e01e20846aec30c495e82f4ae958c0,fix,2018-04-03T09:35:33+00:00
angular/angular-cli,346a0649dc12c0e343069d35b94b85aa68b6fb59,fix,2018-04-05T02:59:18+00:00
angular/angular-cli,359ccbe361a6a80f13a41a6ac904f8e5d5b1a4f3,fix,2018-04-05T02:59:18+00:00
angular/angular-cli,858fa971af1b0d813e99d8bf9404d7157721b36c,fix,2018-04-11T00:37:40+00:00
angular/angular-cli,cfcb5cb60cdb500990f920e288a01efcce93288c,refactor,2018-04-11T15:56:03+00:00
angular/angular-cli,ce0de40ef6d9dd00d7a2c41e9100877a61fff651,fix,2018-04-11T21:51:50+00:00
angular/angular-cli,f5dcfc8b7e7ab002227f65f56972cf46db351394,refactor,2018-04-13T11:42:54+00:00
angular/angular-cli,1ad25258de5d8ecf5f19865d864b2624efe5eda4,fix,2018-04-18T15:50:21+00:00
angular/angular-cli,bc56efa0535fe068b976fffaf3c2e570c967a333,feat,2018-04-23T23:47:35+00:00
angular/angular-cli,cde624ad76a3f713768a44dee43e14be72e9fdaf,fix,2018-04-24T00:00:49+00:00
angular/angular-cli,e27f2a9110d1019d9c141c3d476865fafa1ad5de,fix,2018-04-25T00:39:37+00:00
angular/angular-cli,7c7c350d4ef500f0a2b2a00a34ee32c140b173dd,fix,2018-04-25T22:14:15+00:00
angular/angular-cli,9274ca72447e0df568637c6c1cddd4c2dc9eed07,docs,2018-04-28T00:27:36+00:00
angular/angular-cli,2d341281fc803e93ac6edede85695c5ad1b7d945,fix,2018-04-28T00:29:09+00:00
angular/angular-cli,0330a4952cd0750bc2b572443c9fbc3a09058292,fix,2018-04-28T00:29:45+00:00
angular/angular-cli,5c6aa878680a6a04c316cf661c776f3231775775,fix,2018-04-28T00:30:04+00:00
angular/angular-cli,7211c1a00eb779a2fc079f74818e48839125beaa,fix,2018-04-30T23:31:07+00:00
angular/angular-cli,e65a8853b1bc6d8b0bbb7a17924f3b9b7d4af31f,docs,2018-05-01T00:54:29+00:00
angular/angular-cli,0bed139a0334d467e99023dabb8c7a88bfabf8ab,docs,2018-05-01T01:20:24+00:00
angular/angular-cli,4385e15ebff98ecb7b7667817b812db3ba5b21fe,docs,2018-05-01T02:06:02+00:00
angular/angular-cli,6ccf46546851cd4079fc14273555f7e68a4b78c9,fix,2018-05-01T04:10:26+00:00
angular/angular-cli,894e0087303c40b0cd5e0460d9e25c753e79cab9,fix,2018-05-01T05:54:04+00:00
angular/angular-cli,ceeb292a298fff4349b6c4170acefe60ec6e2a4e,refactor,2018-05-01T17:24:36+00:00
angular/angular-cli,91362bfbd1cc161b199011676563750efcb9e9b5,fix,2018-05-01T18:31:52+00:00
angular/angular-cli,05fd09d25bfb2b1bd8a599ea83ba223d3b9685dd,docs,2018-05-01T23:10:43+00:00
angular/angular-cli,ecb575966aa54a5e5993d0a7f28df10a765fb61d,fix,2018-05-01T23:50:13+00:00
angular/angular-cli,062faaaa7dbdf949c2ed66fe4070599b14f30afd,fix,2018-05-02T17:26:43+00:00
angular/angular-cli,fbcefe535c9a521f4bea5060e94a33cbd53b7d08,fix,2018-05-02T17:29:41+00:00
angular/angular-cli,7069f13cd813071c632df82c7954543007fdb4a3,docs,2018-05-02T17:46:27+00:00
angular/angular-cli,6141e6ff92452113fe65916af753f0ef5d42e98c,fix,2018-05-02T19:49:37+00:00
angular/angular-cli,03445633552c8161ad3c5fe46fd4fd83fe5d7766,docs,2018-05-10T17:21:41+00:00
angular/angular-cli,b9c40eef3cb0c0e4a25b4806a530e3bb8a2c7483,fix,2018-05-10T17:22:16+00:00
angular/angular-cli,ce36c2c9d48b03a14c05a405468d2f851cc8e5ae,docs,2018-05-14T20:39:21+00:00
angular/angular-cli,8e69b3b9b9a3b5a6e87c2eaa9471adcbaa82326b,fix,2018-05-21T09:31:27+00:00
angular/angular-cli,187352ca6d924d6915a485b84de439f656fde3c3,feat,2018-06-08T11:54:22+00:00
angular/angular-cli,55fd39940a346d496ee6259e8ef1d93dddb812ea,fix,2018-06-08T11:54:22+00:00
angular/angular-cli,b8bad7364b08acf1d73185c1b0d07f9012930e6a,fix,2018-06-08T20:44:37+00:00
angular/angular-cli,a11dddf454590c8df7e8fbc500e589eafbcb48fe,feat,2018-06-10T11:33:14+00:00
angular/angular-cli,7309c910758984b356b58b7acdd1cf63d32fa0e0,feat,2018-06-12T16:26:04+00:00
angular/angular-cli,1405f5342219283246cdc4e636bf8331437b287c,fix,2018-06-13T15:55:42+00:00
angular/angular-cli,bb21592b01777f8c778f331d5135cfc75c436b72,docs,2018-06-21T12:35:27+00:00
angular/angular-cli,a7edd57399f2a33491929f70c209ccd371fabdd1,fix,2018-07-02T12:21:16+00:00
angular/angular-cli,c875424222fa54ba8e56d13fb512b47d562c0041,refactor,2018-07-02T12:21:16+00:00
angular/angular-cli,f46a883330bd7c6bd48bdf7c607a055aaea413f7,refactor,2018-07-02T12:21:57+00:00
angular/angular-cli,b22f253db1e0649dccf8df99b40a87c556f326e6,docs,2018-07-02T12:24:50+00:00
angular/angular-cli,fd14e4e162cfdd5f36a6447aea7143b94a159d58,fix,2018-07-02T13:48:05+00:00
angular/angular-cli,c0bc9bbef4c9ab26543b33b12a7b914e76730142,fix,2018-07-03T01:30:26+00:00
angular/angular-cli,df409e67efb8f1c473080ebaffc98724d8b13100,fix,2018-07-03T23:22:07+00:00
angular/angular-cli,5e7f7dea263a63cacdd509b76ec03d9c0d0ba2ab,fix,2018-07-05T14:01:40+00:00
angular/angular-cli,aa3901964d51b1e2f4b7d1e3345dd12778d6e2dd,fix,2018-07-05T15:43:11+00:00
angular/angular-cli,b9a8fd13928ee23aa18b0767c411c5cc966d72da,fix,2018-07-05T15:43:11+00:00
angular/angular-cli,1809438e30fb0d9f3ba342eff2141f0b98e8aa25,docs,2018-07-06T12:51:20+00:00
angular/angular-cli,eec5262bbe942f03b0841ec666915b863e4162eb,refactor,2018-07-06T13:13:20+00:00
angular/angular-cli,3529096a5398526f97f0c4ace76e48bbf50431fd,fix,2018-07-10T14:38:10+00:00
angular/angular-cli,c1702d35798f0fc00473f9ee900eff1b4eab3981,refactor,2018-07-10T22:07:36+00:00
angular/angular-cli,29d2c8aeeb5852186a33282d8c5b36a112ba13df,fix,2018-07-12T22:53:29+00:00
angular/angular-cli,56cd6f75ae7fe99f013b4749176652da2b98b2c1,refactor,2018-07-12T22:53:29+00:00
angular/angular-cli,b10c42c721f6fc4fcee4399b773d366aa3aa58c3,fix,2018-07-12T22:53:29+00:00
angular/angular-cli,6165cdfc3fde92473855f91ea1c12b2a720781bc,fix,2018-07-15T05:03:47+00:00
angular/angular-cli,4106a89de1b91bf0fef3e07a23ae32e16de0f354,docs,2018-07-19T09:50:41+00:00
angular/angular-cli,290929c0bd936dbd64ce0a52e1bd511008d697d5,fix,2018-07-20T20:21:19+00:00
angular/angular-cli,108035768363791ca0f388193d070ba8eaad1163,fix,2018-07-23T10:39:44+00:00
angular/angular-cli,43b850b8cbc42cfaead7c7a666d612e06881de13,fix,2018-07-25T18:22:20+00:00
angular/angular-cli,aad5f83050ca2c3dbfd606f4889f9041326b3a29,feat,2018-07-25T19:17:33+00:00
angular/angular-cli,62640bf1ef484630d1e9d41f5aa4c1b389304248,fix,2018-07-26T00:08:28+00:00
angular/angular-cli,14357e30c06ad9f9cfeda16b61811fcdb509dbe6,refactor,2018-07-26T04:27:47+00:00
angular/angular-cli,9c8058461d795c005a6ad717f6482d5dbf0509e6,docs,2018-07-27T21:55:50+00:00
angular/angular-cli,e118cd95f5bfd3abb6666bbfaf6077fcff6efa1b,docs,2018-07-27T21:55:50+00:00
angular/angular-cli,c0a5089d44192bda88fcf84e3e5221ad3222db64,feat,2018-07-27T22:13:06+00:00
angular/angular-cli,52c222ce41755ebbb6248731595796fc88a246ef,refactor,2018-08-02T12:55:10+00:00
angular/angular-cli,eaccc04852b3eec3a0fb62218b46fb248bf91386,docs,2018-08-02T17:12:22+00:00
angular/angular-cli,d77304b7009cdf40efafe13021ff863fef9a9be4,refactor,2018-08-03T18:32:44+00:00
angular/angular-cli,c35b44ca4d8d159c3c1cdd802384de570b53b790,feat,2018-08-04T11:46:55+00:00
angular/angular-cli,a7bfef72e1449542db0a620fc2f69b04aea97cb1,feat,2018-08-04T11:47:16+00:00
angular/angular-cli,be5d3b05365cf3066db64c3a6abd325d4b71763e,docs,2018-08-07T09:39:56+00:00
angular/angular-cli,0b11b0704697b31978ee1d1712606bc43ae03029,docs,2018-08-07T14:02:34+00:00
angular/angular-cli,8fd104036171190138058fe1668a72e38400a1c7,fix,2018-08-07T16:20:02+00:00
angular/angular-cli,af415a215b706d20689da502afd32671fcd8e66d,fix,2018-08-07T16:23:52+00:00
angular/angular-cli,2cb4ac5f77a8574bcc1fa9b166c9816ab92b7ee5,fix,2018-08-11T01:25:32+00:00
angular/angular-cli,9aadb8e6d1fe77803feb635de38a0a2a5cef81b4,feat,2018-08-13T23:58:23+00:00
angular/angular-cli,2aa2b1fb4c32252434c15f195e8baac7e5a1b721,fix,2018-08-14T03:58:47+00:00
angular/angular-cli,2bf1228f121e49b375ee38560c65278757a20ffc,fix,2018-08-14T03:58:47+00:00
angular/angular-cli,f63a228f343470d348f609cc324e569b3cc59d32,docs,2018-08-14T14:06:26+00:00
angular/angular-cli,af137809e8d7e9f43b9cacab33815d8e3ebd167f,fix,2018-08-15T22:51:48+00:00
angular/angular-cli,eb87002a129f24e19f7f077cb30a64a6bb418ea7,feat,2018-08-17T17:39:27+00:00
angular/angular-cli,95951905e32623ad1220e1330ad0e96a3b0278e8,feat,2018-08-19T19:59:20+00:00
angular/angular-cli,20b5d916d2653ead271e06d1003a8c8bc1838912,feat,2018-08-21T16:57:34+00:00
angular/angular-cli,548616eda39700fc7f6557875cf6d549f0bff418,feat,2018-08-21T16:57:34+00:00
angular/angular-cli,718ee15b9a1d7b9d7ad520f25c67b8659059a33a,refactor,2018-08-21T17:16:38+00:00
angular/angular-cli,6f38c77e051194062b0a55e31f6fb10c585d348e,feat,2018-08-23T17:34:43+00:00
angular/angular-cli,03c4296c1b2984338e382a0b002657be1bc53773,docs,2018-08-23T20:54:32+00:00
angular/angular-cli,7f67c64be1b84d4927bce882cb37cf323688dccc,fix,2018-08-28T20:10:43+00:00
angular/angular-cli,66fbc59767a08a34771da854dc6a665053b2f475,feat,2018-09-06T14:37:48+00:00
angular/angular-cli,7ffd3b303352f4909a850ebc64cd696d1925f588,refactor,2018-09-06T14:37:48+00:00
angular/angular-cli,c8ddfbbe620bc43cb6d83114fde65db64d8e6bf2,fix,2018-09-06T14:37:48+00:00
angular/angular-cli,de7ec8487299bc2fe4a9820fc52c5b1d9af2a711,feat,2018-09-06T14:37:48+00:00
angular/angular-cli,cc6181e3c9e2ae532c178107dac3cd32a9e1f8de,feat,2018-09-06T15:25:29+00:00
angular/angular-cli,ee7603f597dda3e9d856b7eb238731a35bf0fa35,feat,2018-09-06T15:46:33+00:00
angular/angular-cli,5007a19ad9f3567b8a2193538b6946407cd43694,refactor,2018-09-06T15:51:22+00:00
angular/angular-cli,6afa6a31bbf1e6516b4ac2120ec431178c5a8e43,docs,2018-09-06T17:55:08+00:00
angular/angular-cli,b8b36ba339534732cb951ea08446087b2fae25a3,refactor,2018-09-07T18:01:50+00:00
angular/angular-cli,c2625271deec1a9c05cdaaa2ccd287cdee429977,feat,2018-09-10T21:19:22+00:00
angular/angular-cli,6133eb23d398b53dc63885c860fb606fb8af165b,docs,2018-09-12T22:44:47+00:00
angular/angular-cli,9e7391c685e7b296e68e21fedb1cc7989a9405c8,fix,2018-09-13T23:43:31+00:00
angular/angular-cli,af96ccfb65abc0803719bd526d02ef6799629bf4,fix,2018-09-15T04:29:31+00:00
angular/angular-cli,8fac6a7cebf6527fc6b42a099d3146f0311b0322,fix,2018-09-18T18:33:11+00:00
angular/angular-cli,98c2747dd5f0df1006c8f15cc3ec377aeb309f21,fix,2018-09-18T20:57:51+00:00
angular/angular-cli,5890759a9f1501d94aa034d7a67c5715e65d6c83,fix,2018-09-19T18:34:02+00:00
angular/angular-cli,a8a60a7faf29464f1a38017a864ba1ea0df1abf6,refactor,2018-09-19T18:34:02+00:00
angular/angular-cli,72a65ddf5e14080b1a0235d67704a29cb202fae5,feat,2018-09-19T18:34:55+00:00
angular/angular-cli,e6f9ae98f5c3688b6efb9390956b0b60fbfaf228,fix,2018-09-19T18:40:02+00:00
angular/angular-cli,7d782a3f5eb2332ba58ad0f1087c576dab451730,feat,2018-09-19T20:02:40+00:00
angular/angular-cli,9648aa3ed9ffdb1340c6260b8af1b60fc50664fc,feat,2018-09-19T20:02:40+00:00
angular/angular-cli,f7f5b28daeaff91abfb9e2f20b71e0e8bc38bef5,feat,2018-09-19T20:02:40+00:00
angular/angular-cli,daf0ec8de8841eb51f5c578ec7c6bb74478b0ab4,fix,2018-09-25T20:35:03+00:00
angular/angular-cli,0bd5b1a6573f93077ef2e07fffb018cd3effcd0e,feat,2018-09-25T20:38:43+00:00
angular/angular-cli,b5616579462ad5648396f06ece2cfca76fc95c5f,fix,2018-09-25T20:51:46+00:00
angular/angular-cli,fb4e8187824fe66e50b42c16f95458e82b4787a8,docs,2018-09-25T21:01:38+00:00
angular/angular-cli,8872205d6535783ce5f26c85f9b74d5b141707e9,fix,2018-09-26T12:46:21+00:00
angular/angular-cli,feb295d9c1db6450a537979dc2cdb6ff64a10e95,docs,2018-09-26T12:50:51+00:00
angular/angular-cli,228a2edd4a6c9bd2e7e70f2e4f8564bda9d8e754,fix,2018-09-26T12:53:14+00:00
angular/angular-cli,6d6870314c6a2087f59acd79f89153fbcfb53004,feat,2018-09-26T12:53:43+00:00
angular/angular-cli,c6a92a657947aa4483642b89e19b28da5aa4055d,refactor,2018-09-26T16:12:01+00:00
angular/angular-cli,1a3a117b48cbd46f85325bc001486aba38f53eea,refactor,2018-09-26T16:57:56+00:00
angular/angular-cli,4daa29955847ff284d3ad753515e21a197a63ab2,fix,2018-09-27T16:46:15+00:00
angular/angular-cli,5d8af571128faf551095a52655f68b1c4d77847a,feat,2018-09-27T16:58:43+00:00
angular/angular-cli,4d46c4ac492e2ff460a52ca2a3f316c554df1521,fix,2018-09-27T17:39:34+00:00
angular/angular-cli,3d279861d7a71c11f86fb03d9730c09c7a2263b0,docs,2018-10-03T23:33:07+00:00
angular/angular-cli,317602e40d327d071b2a4f3277582ab7e4a1cc8c,refactor,2018-10-03T23:35:54+00:00
angular/angular-cli,774f6d61f341bd06ceddc56ff2e3d7301fb5acf6,docs,2018-10-03T23:35:54+00:00
angular/angular-cli,0cfd5737ac8519fbbecc0ebd634ccd1f6abb1f8d,fix,2018-10-04T00:34:19+00:00
angular/angular-cli,d9f73d76dabc6d8d6baa7e1ef4f401cbcb604017,fix,2018-10-04T20:32:30+00:00
angular/angular-cli,80163ce0da11d42fbcb8abf41b9ae5100a8d4f1c,fix,2018-10-04T20:34:17+00:00
angular/angular-cli,0cfbdbc045c6e322399a2161d42816d94fbed9fe,refactor,2018-10-09T14:45:47+00:00
angular/angular-cli,7d5caeb8eb7e5734702f811a10d31aca283322a7,docs,2018-10-10T19:06:56+00:00
angular/angular-cli,023a67254e5b90e658edff468df2ee151d322b78,fix,2018-10-10T19:09:02+00:00
angular/angular-cli,d45bce2e8b148b5e8155610d4c1e24481a5dc36e,refactor,2018-10-10T19:11:26+00:00
angular/angular-cli,916a616762b13817033bd00710cff66af05fc9fb,fix,2018-10-10T19:11:46+00:00
angular/angular-cli,3ae3fa3a1deeca98c7a6d463aa003dba569de2c8,fix,2018-10-15T21:34:12+00:00
angular/angular-cli,9ebf2806972688175f7e6477f6dfabf061e71e43,fix,2018-10-16T17:53:19+00:00
angular/angular-cli,3ad551c2ff3fd2c58e7109716e33407a8f8f1375,docs,2018-10-16T18:18:16+00:00
angular/angular-cli,915994da69358253fe0fac763a623e729b9e4ff6,fix,2018-10-16T18:29:19+00:00
angular/angular-cli,41eee217d50005c3d08ff72c8873c1d83157a6d5,fix,2018-10-18T21:08:09+00:00
angular/angular-cli,4a4cfb0fa54f3acd89e78411f21d7888a358ef62,docs,2018-10-18T21:08:09+00:00
angular/angular-cli,edb84b340ff996df2ca6a2aaf765304cc64fef3e,fix,2018-10-23T17:15:35+00:00
angular/angular-cli,7f0a7ce5df9780eb658ded0e05d4175740cbe91f,feat,2018-10-23T17:16:12+00:00
angular/angular-cli,f61ea6b69f9fff46e27ea56ca8504be8617c0b81,fix,2018-10-23T18:47:55+00:00
angular/angular-cli,22dc791d963b4c158be3669e81fd4b19bb926288,fix,2018-10-23T18:58:29+00:00
angular/angular-cli,5af69ba43b16f3d67a3da6022ca402211695e75e,refactor,2018-10-31T21:53:56+00:00
angular/angular-cli,c24afaf31cf1c39f8652dad9ab151b377b04d5a6,fix,2018-10-31T21:57:16+00:00
angular/angular-cli,b38a13dc02cf894679dc4bf40e010e66e741e7a5,fix,2018-10-31T21:57:53+00:00
angular/angular-cli,ef6d76e4a9f0594141764eb4f7c562c10b7c916e,fix,2018-11-01T04:00:08+00:00
angular/angular-cli,2bb26f197b9709f9608be7f6f3ba64a43efab9ce,fix,2018-11-01T04:02:25+00:00
angular/angular-cli,33781e1c19a0ee42ea3e38e8d889191df645849a,docs,2018-11-01T04:04:55+00:00
angular/angular-cli,ba4265984818dd2b88a4291c273535b6f535d8dc,refactor,2018-11-01T04:05:35+00:00
angular/angular-cli,8bc8eca027bde278bc97f7e58b961a75328bbfec,docs,2018-11-01T04:06:25+00:00
angular/angular-cli,58ca30b1e7ace139285c0a350da80e6451432bc4,fix,2018-11-01T15:30:20+00:00
angular/angular-cli,d3d433624b60fbac7b4acf3039e6956cff834a17,fix,2018-11-07T06:47:39+00:00
angular/angular-cli,8d69589733eca077af5a1dacb7273aa686705ec6,feat,2018-11-08T18:29:28+00:00
angular/angular-cli,3f85824ecf2649ba4c3b6c3d215e7948e93d8928,feat,2018-11-08T18:32:48+00:00
angular/angular-cli,3c8b33ab3a6b53c03c166a4468117b7fa2fa2c92,fix,2018-11-08T18:34:35+00:00
angular/angular-cli,deadbaf392eda6bb70c940a919cccc3b9acc7beb,docs,2018-11-13T21:09:51+00:00
angular/angular-cli,e2707a4c50b09c392102497b8f50f294d4faa2cc,docs,2018-11-13T21:09:51+00:00
angular/angular-cli,1bd1889baca4bd1daf077291502443ac0011be59,refactor,2018-11-14T20:35:31+00:00
angular/angular-cli,26245c0c536394fc911d873000ef4bfa2d2ebce2,docs,2018-11-14T20:40:01+00:00
angular/angular-cli,8f0d03b6c2e0991a778ac4416423fe91094467a4,fix,2018-11-14T20:42:48+00:00
angular/angular-cli,aeb96a09135677fcdc9b8a618f42afac592087cb,docs,2018-11-14T20:45:46+00:00
angular/angular-cli,b659f1eef612595f9179250b1eba57bf495bb732,fix,2018-11-14T20:48:24+00:00
angular/angular-cli,67630f5270778fbc408f8449e0c286862fc5a942,fix,2018-11-16T01:07:25+00:00
angular/angular-cli,282eb52e0837226b75f7410baf8b002d989cb58e,refactor,2018-11-16T01:09:43+00:00
angular/angular-cli,3e9705f31bcdf0893c57746f7fccc15a1f63864c,feat,2018-11-20T01:20:34+00:00
angular/angular-cli,81670ae13bb3de030e14e4e67739cc04e463cd85,docs,2018-11-30T20:02:58+00:00
angular/angular-cli,7b3dd8f5102078aee5018cd12624683d9baa4d0f,fix,2018-11-30T22:10:53+00:00
angular/angular-cli,6b65e4cbc32520a22b5b575ff48eedbedd4a12a7,feat,2018-12-06T19:44:27+00:00
angular/angular-cli,af67b49342dec3159fd38cb01ac1f47b1f188775,refactor,2018-12-06T19:44:27+00:00
angular/angular-cli,ea65cc220bedbb40f7d08a6d9c2a73f5c5a0293d,fix,2018-12-06T19:47:40+00:00
angular/angular-cli,31783140b82a111fcca0cff1af10d3ea6286b4a6,fix,2018-12-06T19:50:08+00:00
angular/angular-cli,e4474894c1f9539a2d64838f6a19fd48b6f5d4d8,fix,2018-12-14T18:50:08+00:00
angular/angular-cli,64781f64d7440bc7e5d2f7ade801ac969acb1914,refactor,2018-12-14T18:55:04+00:00
angular/angular-cli,7567e8e6a0435922f401bbfdffc341454d20baa1,feat,2018-12-14T18:55:04+00:00
angular/angular-cli,2bf376516b83197599e75341cd2495ebf5ce9ec0,fix,2018-12-20T18:02:10+00:00
angular/angular-cli,1e97eb124f775a196a2f3c0b13579173dc8bd768,fix,2018-12-20T19:34:05+00:00
angular/angular-cli,5e294ec7e068ae0bc1df798eb6b92e9559fbb5c5,fix,2018-12-20T19:38:01+00:00
angular/angular-cli,a875b61b71c291c8b9c895187592322f9f89b63f,fix,2018-12-26T20:29:41+00:00
angular/angular-cli,4729397a680010ceb79b8cdfea96295a74e16715,docs,2018-12-26T20:31:49+00:00
angular/angular-cli,6db7038c1bb07604348fbe804534561c0a6f7b7a,feat,2019-01-08T21:42:45+00:00
angular/angular-cli,263e8c1333953499b1fcd930e7941e2757e29b0d,feat,2019-01-08T21:49:40+00:00
angular/angular-cli,45160acb77d172f9a1a55e40f1c7191368d369f4,feat,2019-01-08T22:04:13+00:00
angular/angular-cli,f8bf4ea70e1ed18f69f50157412f1fe5b11d660e,fix,2019-01-11T20:30:58+00:00
angular/angular-cli,f94576b23248ac5bfe614f00dd24f2e383d39504,feat,2019-01-11T22:04:01+00:00
angular/angular-cli,506401264b1a9862cf95754e22e10c2139e8186a,fix,2019-01-11T22:07:25+00:00
angular/angular-cli,bf93f5236d575350ded4748d1743c7124ed98c86,feat,2019-01-11T22:07:43+00:00
angular/angular-cli,b66e0bbc6069388cb02d61562d205f3a8459aa29,fix,2019-01-14T19:07:49+00:00
angular/angular-cli,b972d57537ea76a81c44678e1a7f1d7b677edc65,fix,2019-01-14T20:53:52+00:00
angular/angular-cli,abe6c8d95286e3321559a372c58d147bb5d52fd1,docs,2019-01-18T19:57:34+00:00
angular/angular-cli,6f8c336346e921ea0ca66f574267f69c9ef0c479,fix,2019-01-18T20:01:37+00:00
angular/angular-cli,757bca4edc0fb89f51ba2a961ec2749cbd46291b,fix,2019-01-18T20:14:29+00:00
angular/angular-cli,1deb74fd2043fdc04f7e0e6884851a1a7107e338,fix,2019-01-18T21:25:42+00:00
angular/angular-cli,7d868947e2a4862d34648a5afd6fe696513a9d6e,feat,2019-01-22T17:39:07+00:00
angular/angular-cli,926b569a451b52201e713d408f1762ca1d371b3e,docs,2019-01-26T05:41:20+00:00
angular/angular-cli,c53e875df03a4d6af492138aa1392bf7a076c97e,fix,2019-01-29T22:13:44+00:00
angular/angular-cli,6ae1752891d5d6e76ed00f340c00df02e5b94d04,feat,2019-01-30T19:24:04+00:00
angular/angular-cli,bae67c2de6f8f9ee760e7197ca5c7593f3ad2aca,fix,2019-01-30T19:40:35+00:00
angular/angular-cli,290b68c03af268469ea0009701942b58c37a9452,fix,2019-02-06T05:14:54+00:00
angular/angular-cli,e6f96fb74499006dc339e2f14a554e87488aeb3f,fix,2019-02-06T05:15:49+00:00
angular/angular-cli,0e6384b8c41503f20a4bef3242f4d05caabfdf66,fix,2019-02-07T23:57:48+00:00
angular/angular-cli,4571197326c65990b93bb7083294465185aa59a2,feat,2019-02-07T23:57:48+00:00
angular/angular-cli,c4798b69d682aaad12e8d0a87f89b98d2c14c0f2,refactor,2019-02-07T23:57:48+00:00
angular/angular-cli,ef93ff8c7836b3531434b9ed4faf6b016265788a,refactor,2019-02-07T23:57:48+00:00
angular/angular-cli,43a968942c58c6580c90ced79e605e48d81fc266,feat,2019-02-09T00:06:11+00:00
angular/angular-cli,7bc2e396d339bfa596f5e3b38f3067249344bb93,refactor,2019-02-09T00:09:30+00:00
angular/angular-cli,daab54773120b7e0c5f6d980e66699c72536caa5,docs,2019-02-13T23:26:12+00:00
angular/angular-cli,94b087c9e1cb9440c2732af754730a288fd215b7,fix,2019-02-19T18:14:46+00:00
angular/angular-cli,558ef0052344f0950b4978c8ad7e9f3963ff8d3d,feat,2019-02-19T21:51:29+00:00
angular/angular-cli,81967900d09b34f1b69d57b5bc9283a656d8c8ef,feat,2019-02-19T21:51:29+00:00
angular/angular-cli,4751fc02d41329e113e4feb1b3703bc25d8a8a81,fix,2019-02-19T21:56:35+00:00
angular/angular-cli,89797900db46eb9ee9a6590e6aee97649325ae0c,fix,2019-02-19T21:57:05+00:00
angular/angular-cli,61cca4116afd13c77b3a9eccc2ce6b46dae3d4f4,fix,2019-02-22T23:53:34+00:00
angular/angular-cli,8b10768110082b0b3d4c5120a637bf76be2ec7b6,docs,2019-02-26T19:00:34+00:00
angular/angular-cli,2ffaf0c11cab84a0e579f384e3496343ccc5e74b,feat,2019-02-27T18:11:22+00:00
angular/angular-cli,79c546b47001ac41f90be91c5238037cd16d6603,feat,2019-02-27T18:11:22+00:00
angular/angular-cli,d84332b7b94b73ff67f018f0d8462cf6c8c2ffd0,fix,2019-02-27T18:11:22+00:00
angular/angular-cli,edfc155f358e6a648e59bb5e663adbcce108d480,feat,2019-03-04T17:33:12+00:00
angular/angular-cli,46e898f2abb1ab142b89ba7edf9881aeff9e53a2,fix,2019-03-04T17:34:00+00:00
angular/angular-cli,9e18cf240e4ab975e421afb2a7da63e41929ebbf,fix,2019-03-04T17:35:22+00:00
angular/angular-cli,2f4602db08abe08cc641ffdeb39d67430ad327cc,feat,2019-03-04T17:36:00+00:00
angular/angular-cli,08c4cb748fb490da7ce3383036ef1d73555629f8,fix,2019-03-04T18:26:09+00:00
angular/angular-cli,dfb08b95b73f3e75d0f2cd0c61f336dc86d0769a,feat,2019-03-05T18:16:41+00:00
angular/angular-cli,0003adf757be72d89101b45c44b28343ac089805,refactor,2019-03-06T18:05:31+00:00
angular/angular-cli,64b83e2a559b5b77c32a9ee0ae50bb290d3521b6,feat,2019-03-06T19:27:04+00:00
angular/angular-cli,60ccf2fe64390349607706c52ce8e1e791bfc4b6,feat,2019-03-06T19:28:37+00:00
angular/angular-cli,643e83d0545d8b0710230c3b766c619f94decae2,feat,2019-03-06T19:29:34+00:00
angular/angular-cli,b1477425d9bf6203ab237c3e30342964f8fb91a4,feat,2019-03-08T00:01:41+00:00
angular/angular-cli,b4965c09e20a6243348f2f04b1df71304d3f1aef,feat,2019-03-11T20:46:48+00:00
angular/angular-cli,128af102a3d9c6592428905147792a222257cc7f,feat,2019-03-13T20:51:22+00:00
angular/angular-cli,4bfb29704f1b189d9fc598819b38d24c4c358d07,refactor,2019-03-13T20:51:22+00:00
angular/angular-cli,e2163a0bdec51437b8572638ed4805ebdad87e7f,refactor,2019-03-13T20:51:22+00:00
angular/angular-cli,eb5643e3704e95a21cee31baba09c18eff660c53,feat,2019-03-13T20:53:53+00:00
angular/angular-cli,8d0959487403e587074aa2f4644c6bfe90e54b98,fix,2019-03-13T20:54:09+00:00
angular/angular-cli,ebf90b3d6a9637805a94e7abea2f94b50a7de8c5,refactor,2019-03-13T20:55:26+00:00
angular/angular-cli,a49d278baa8561a39566dffd5c947bcc79b485c0,feat,2019-03-19T16:17:15+00:00
angular/angular-cli,f71896874e2a537a140a20ce33edcd79f58c1e18,feat,2019-03-19T16:25:28+00:00
angular/angular-cli,5500ad250412aff99100d6f6909a1f4253ff3d67,feat,2019-03-19T17:07:46+00:00
angular/angular-cli,e96c7ce291f96b6669b9e15d5764130468eef144,feat,2019-03-20T22:08:07+00:00
angular/angular-cli,c42c82f6690cdfee75c54330edae0b79c7e0d81a,feat,2019-03-26T17:07:30+00:00
angular/angular-cli,5393616209c5a927cfae9a158cade84c3523a4d9,docs,2019-03-27T00:03:14+00:00
angular/angular-cli,eaf6de0040539e285f284dbc310e342e30237918,docs,2019-03-27T17:05:04+00:00
angular/angular-cli,bf52b26219ffc16bed2dd55716e21773b415fd2a,fix,2019-03-27T23:33:39+00:00
angular/angular-cli,ecd25a713157f076746973cb6b219704db7fe6b4,refactor,2019-03-28T20:28:41+00:00
angular/angular-cli,ba21c855c0c8b778005df01d4851b5a2176edc6f,refactor,2019-03-29T21:37:35+00:00
angular/angular-cli,8d82e9812d3fa9908a2f686d0b4ff8e56aae3d0f,refactor,2019-03-29T21:39:48+00:00
angular/angular-cli,8e3e755995c87af556e9270a014e381f278abf87,feat,2019-03-29T21:39:48+00:00
angular/angular-cli,b54a9379a60a16f4799aabdc53ba882a4f5ef90b,feat,2019-03-29T21:39:48+00:00
angular/angular-cli,54d2be949730b470a4bfd9ecc3733907eab6e470,fix,2019-03-29T21:45:06+00:00
angular/angular-cli,871eb69c3bc2fe948573f009aed1b1b6d938b707,fix,2019-03-29T21:45:06+00:00
angular/angular-cli,cfa1649fddcbf6d5ad4750c532a561f2fe545219,refactor,2019-03-31T01:36:22+00:00
angular/angular-cli,a5364a43c2ffc4bdb73da1879be0293f4654f202,feat,2019-04-02T11:46:15+00:00
angular/angular-cli,d668889fae075c0fa84931ce66621055bbfd898d,refactor,2019-04-02T11:46:36+00:00
angular/angular-cli,6e0a040ad947eede846796cb1051f0ec6cbe54cd,refactor,2019-04-02T11:49:34+00:00
angular/angular-cli,c630d5f811d169198938c0880187abc6bf5b0cf2,feat,2019-04-02T11:49:34+00:00
angular/angular-cli,ed0e6aab57cd1c31f454116d4378ba793f95f016,feat,2019-04-02T11:49:34+00:00
angular/angular-cli,3d9200a3c8889e69e0e7abbc7743f9a0d11e376f,refactor,2019-04-02T11:50:08+00:00
angular/angular-cli,01b53a92e6e9017d1010339a8be3238f4a7f76d4,fix,2019-04-02T17:31:24+00:00
angular/angular-cli,be0c3d5af6a6f24d4321dbbd9f6d1205971d6817,fix,2019-04-03T19:58:58+00:00
angular/angular-cli,3f6c1b5cd68545db0246a1cfb89cf55b2a2d4ea7,fix,2019-04-04T16:28:19+00:00
angular/angular-cli,f9b4bdfa6e41dfdd2987834556ade2ca19822de5,refactor,2019-04-05T02:49:56+00:00
angular/angular-cli,0baa9c879e0df9965db0beca6d6046d952733c83,feat,2019-04-10T15:34:33+00:00
angular/angular-cli,55863a564418addf1daf792a7bdea882deb24320,feat,2019-04-10T15:34:33+00:00
angular/angular-cli,fe98024146de885ff70bde34b75139661613c9e7,docs,2019-04-10T15:44:53+00:00
angular/angular-cli,7d416103a997cdca3b6959aa3a36d01b4714a73e,feat,2019-04-12T18:45:48+00:00
angular/angular-cli,92913e46b1d47f52bb84091a83fa501a5650e467,fix,2019-04-12T19:21:13+00:00
angular/angular-cli,3d9447975dfeab2ff35b49b052fefd77e036f6e3,docs,2019-04-12T20:11:12+00:00
angular/angular-cli,0d6a9f842c17b5eff735621df018666e3e407a1c,refactor,2019-04-15T18:02:46+00:00
angular/angular-cli,13abfd01ecf2f355fb3829eb9a6352a29ca748d5,fix,2019-04-15T18:02:46+00:00
angular/angular-cli,5d199b23aaed9d3204bd7442e4ce000c6bb31993,refactor,2019-04-15T18:02:46+00:00
angular/angular-cli,cbce3d37933be678e8441a18bcbe202e9fe9a14c,refactor,2019-04-15T18:02:46+00:00
angular/angular-cli,77f99b535d4115491cfcea759ab57504433dcaa0,feat,2019-04-16T16:38:55+00:00
angular/angular-cli,1d15dbcfc1389979ec95806111cc8fc5dcdef36d,refactor,2019-04-16T18:23:48+00:00
angular/angular-cli,bd79e0908a71901793d97aeaa77909838491506a,refactor,2019-04-16T18:23:48+00:00
angular/angular-cli,d4a1c4fca8920a1c7a0c433873e8927b5924b309,fix,2019-04-16T19:58:38+00:00
angular/angular-cli,b976a3e72b2284572048dadeb374ccba7aa45c01,refactor,2019-04-18T18:46:25+00:00
angular/angular-cli,7a935518dc066e15b011180c35304e170ae73b0e,refactor,2019-04-19T17:48:43+00:00
angular/angular-cli,f03ff807b440bde880aff117ec816c07e12f6b06,refactor,2019-04-19T17:55:02+00:00
angular/angular-cli,96fe7686aa15956c8f7254cfe16c0954240c1d26,docs,2019-04-19T17:56:14+00:00
angular/angular-cli,a464c001c333936767ae2473e43a66d6a660337a,fix,2019-04-22T23:17:39+00:00
angular/angular-cli,0a6df3e8244f0913b359d8b698bba0c39a2b01b0,fix,2019-04-23T14:31:18+00:00
angular/angular-cli,09bed6ffa83bdf6973641568a2979df387aa1acf,fix,2019-04-23T15:02:56+00:00
angular/angular-cli,785b4b10499ece44677d27b9ad209fbd54a5404a,fix,2019-04-23T18:42:50+00:00
angular/angular-cli,adf46c2bd5b03c3ceeb51f6294850398e440d5d6,fix,2019-04-24T16:32:01+00:00
angular/angular-cli,eec39a20c30e10a6c64b209a490ccd68bb02e0ba,fix,2019-04-24T17:11:21+00:00
angular/angular-cli,ccbac7cd214e2399e046365d15c905275a6ef8b4,fix,2019-04-24T17:17:26+00:00
angular/angular-cli,5b4b78bfbba61674286a695005167baff164b51c,feat,2019-04-25T19:12:29+00:00
angular/angular-cli,d546b83e04bdd86a317b52f2de40a45e8c7ce769,fix,2019-05-07T18:37:56+00:00
angular/angular-cli,01e242487b6452db1429de70c52e0f3b1d83fc24,fix,2019-05-07T21:47:37+00:00
angular/angular-cli,4263cc6e6334cb0aed535ec7ceccaef5bf62d453,fix,2019-05-07T22:13:19+00:00
angular/angular-cli,c1e65294e7ef12247e00e606c65370d380e096b7,fix,2019-05-07T22:14:50+00:00
angular/angular-cli,22e401b151fcfc746acb4643ce5670622373510b,fix,2019-05-07T22:18:57+00:00
angular/angular-cli,5b3ee079d7308dc15851c6f1db0771dd79f6ed3a,docs,2019-05-07T22:23:54+00:00
angular/angular-cli,2af2b670f817fd5574c4cbaf7735ad364299dcc1,fix,2019-05-08T03:02:34+00:00
angular/angular-cli,94ca819656c05a02664912f21cf67e4191ce07be,fix,2019-05-09T17:06:09+00:00
angular/angular-cli,8254cfe87fed5c0895621be4c28963790c08e550,fix,2019-05-09T17:07:42+00:00
angular/angular-cli,e3eee5fc91dc9382555f6ba8579069b37adef735,fix,2019-05-09T17:10:33+00:00
angular/angular-cli,c652ec7456d31323280c62820e015ef5ffbc72f6,docs,2019-05-10T22:06:50+00:00
angular/angular-cli,64786cf64a8ac26ce62de6db1375b6c793814fc2,fix,2019-05-13T22:56:39+00:00
angular/angular-cli,48e6060e02792cd614a1f80ae8b87109df88c893,fix,2019-05-13T22:57:54+00:00
angular/angular-cli,e333450dc0ce200c7519c8ef262d837d8ff5ff1e,feat,2019-05-14T17:51:56+00:00
angular/angular-cli,290898536bab3e5dd1395b8c4cea3a01c5f155d7,fix,2019-05-15T21:11:48+00:00
angular/angular-cli,06c1e1c05152f199e65dd7c13c2c4cc35ac5fb8f,refactor,2019-05-15T21:12:13+00:00
angular/angular-cli,b7fc6125e536c9a94250b901ed925a6cb92dae76,fix,2019-05-15T21:34:03+00:00
angular/angular-cli,0d493cb2a2558b1ef6142c7a0e18ded219f1ffe8,refactor,2019-05-21T13:03:39+00:00
angular/angular-cli,ec731f0454988b69d443e0f444f70793100bd4d5,docs,2019-05-21T13:08:40+00:00
angular/angular-cli,635de55982f2d1274977dc5c32620b0d59285766,fix,2019-05-23T17:12:40+00:00
angular/angular-cli,3afdab21a0f0307dcd2be1b44a868ea3d7a8938c,fix,2019-05-28T20:32:53+00:00
angular/angular-cli,410b56e107a1c13df3489e6c2d37192fa5cc54a7,fix,2019-05-30T10:32:01+00:00
angular/angular-cli,5a100c776811b7831e2ab117c8b4f386200b4d9f,fix,2019-05-30T17:45:28+00:00
angular/angular-cli,3ec845caf37dc624e0b4e43a1b4f7de2dab64793,docs,2019-06-06T21:06:53+00:00
angular/angular-cli,8104fce690791f20d384b985581d5fce88444a86,fix,2019-06-06T21:15:30+00:00
angular/angular-cli,2d27cb4671795242148f813cd27c27167ca96b63,fix,2019-06-06T21:22:02+00:00
angular/angular-cli,a89a5b59a497f91140e8084ca952fbf2d62b4a28,docs,2019-06-06T21:23:35+00:00
angular/angular-cli,5476a45ac443d703163db53d5940dc1e2d442f16,fix,2019-06-06T21:27:54+00:00
angular/angular-cli,53d027837eaab45e5b4b80a631d9ca246a2d35b9,fix,2019-06-10T20:43:39+00:00
angular/angular-cli,09149fe5e4f99ce4e034178c21ed158d3568136f,fix,2019-06-11T16:53:56+00:00
angular/angular-cli,caeaa53e1ab2c1978484ab59d08f5ccf92f65f21,refactor,2019-06-12T23:36:46+00:00
angular/angular-cli,abd2f9744f525c4db2292e5b8a2a0ce8dbba1094,fix,2019-06-13T18:44:00+00:00
angular/angular-cli,e6feb0d0dbeb7b740d178b83b5d1d7f2d6795892,fix,2019-06-14T19:58:01+00:00
angular/angular-cli,555668c987f6f56642c41cc227d0d0150fea6663,feat,2019-06-17T18:00:09+00:00
angular/angular-cli,58599e125e83ac750479802e6eeaa5232728c335,feat,2019-06-17T18:02:56+00:00
angular/angular-cli,a70932b1acf97d20cc04cb7c875cdddd2fe11637,refactor,2019-06-17T18:03:21+00:00
angular/angular-cli,fd90f105124942dfa40dae6ae9dd3a4246ccfbcd,fix,2019-06-17T18:06:25+00:00
angular/angular-cli,3dced5491b5922da3f2c52afa17c79e601ee081e,feat,2019-06-17T19:14:20+00:00
angular/angular-cli,0ed8de1e8a8bb39fa58c4a475c2fd56c2aae28fa,refactor,2019-06-20T00:06:28+00:00
angular/angular-cli,ba44d944b07f35a15639d092aecc92814cbcbeae,feat,2019-06-20T17:57:24+00:00
angular/angular-cli,302cace038285c7a502dae2a5aa2207e0f2b0197,feat,2019-06-20T17:57:33+00:00
angular/angular-cli,a1402d9f107c3ed09288f29c1482a3a22a03ac61,fix,2019-06-20T17:57:48+00:00
angular/angular-cli,a56cc3105fe1d855a8f5d546db7547b3fee20597,refactor,2019-06-20T21:22:42+00:00
angular/angular-cli,c4313f55e4412dba50a8d09c4daa4a20642b8e77,refactor,2019-06-25T00:27:59+00:00
angular/angular-cli,a5afd7b2b69211276ae5ce3592c8da953ca5ea3b,fix,2019-06-25T20:25:23+00:00
angular/angular-cli,6416629a42a473d719d4de455141f3a76f01ca43,fix,2019-06-25T20:35:50+00:00
angular/angular-cli,3aee401397c39930e072372ca934f1165f74974b,fix,2019-06-26T18:21:09+00:00
angular/angular-cli,fd512b821705de094e8aa8c9e44fa5c99aa007d0,refactor,2019-07-02T18:07:13+00:00
angular/angular-cli,762d95741b94395dc88a4759f263aae29c994ff7,refactor,2019-07-02T18:36:18+00:00
angular/angular-cli,5b5f140109c0c3ba0bc235ca322028f9b558dd93,refactor,2019-07-09T20:05:26+00:00
angular/angular-cli,3d1d225dd245aac4d93ff2af94563c92de129a21,fix,2019-07-09T20:15:05+00:00
angular/angular-cli,86266a39faaf221f385cf0e611ca09cd9cea6121,fix,2019-07-09T20:17:05+00:00
angular/angular-cli,8e97df38889b201aebf361ce7e8e07673411cb31,feat,2019-07-09T20:34:20+00:00
angular/angular-cli,b48dede4e0c2827cec8b822d59f2a52799d34e56,fix,2019-07-10T17:17:57+00:00
angular/angular-cli,d25879f9fcecce79d82d8b042eaa791567ca3c30,fix,2019-07-25T02:02:47+00:00
angular/angular-cli,28bd5493a71d3294995a5b2dbb606b9c8a9cb01c,fix,2019-07-25T02:05:00+00:00
angular/angular-cli,f32c9dde1ad6ae9be072a57f7ef68c8b62c29cc9,feat,2019-07-25T02:05:00+00:00
angular/angular-cli,6649483d86a27abb1eb2392a612f4d1bdf7a8cfc,fix,2019-07-25T02:07:10+00:00
angular/angular-cli,b9598835bb2e5409a9b3478a1119ba51cd3968e5,fix,2019-07-29T17:45:45+00:00
angular/angular-cli,ab80209c922047fd7bb52fb32c6f325f062ca4dc,fix,2019-07-29T17:47:28+00:00
angular/angular-cli,4287d57a3228670a4bde7bd1fc58166c0cee4654,fix,2019-07-30T21:34:29+00:00
angular/angular-cli,5df50bacbe11f029e7d841395f16c02d804f07db,feat,2019-07-31T04:07:50+00:00
angular/angular-cli,8aa99bd288644f7e939135bca45ee5b48c5b689f,refactor,2019-08-06T00:58:21+00:00
angular/angular-cli,d7b9650b5f7b90748c6da4db3061305a81d62b37,refactor,2019-08-08T15:25:50+00:00
angular/angular-cli,4826378706d0a9a83ee5eb4a37374775adfaa6c0,fix,2019-08-08T15:28:20+00:00
angular/angular-cli,b3b45469f57123be31c0e649bc7f5805f2d5c0c2,fix,2019-08-12T17:32:03+00:00
angular/angular-cli,50fb6bcc278d9b752e05ae1893db25e5c08f0599,fix,2019-08-13T17:13:46+00:00
angular/angular-cli,3db2787ceaa9909a0f89035c4359a2738591918f,refactor,2019-08-14T17:22:32+00:00
angular/angular-cli,f2ecb904a99acfe06704d01bb012dd684f8efea5,fix,2019-08-15T00:55:04+00:00
angular/angular-cli,0824e8beee0e61c5767c304326425a32b1191703,refactor,2019-08-15T16:55:11+00:00
angular/angular-cli,46768d64815d198c7ac0a94714e69ccddde3aad9,fix,2019-08-16T16:31:30+00:00
angular/angular-cli,e7d99bc727baa168e096742968113afc4bb2c9a1,feat,2019-08-21T17:31:45+00:00
angular/angular-cli,a05148e9f54a610ab3ba73286d39575b641df399,fix,2019-08-21T17:34:00+00:00
angular/angular-cli,ec8fb3712f04c041b40b1dcce41a6bb8fd71d03f,refactor,2019-08-21T17:35:37+00:00
angular/angular-cli,08d7d0298cdb2ea58ee6367146da4b582b717d59,docs,2019-08-21T22:21:49+00:00
angular/angular-cli,af9a8b75eeeb9d24718c2355cc073f4a4ee726cb,fix,2019-08-23T18:37:48+00:00
angular/angular-cli,66280bcb29b6c75bcbe4bb84a48cc8493e7381ea,refactor,2019-08-26T18:48:14+00:00
angular/angular-cli,4986577f8a301a52083bb3ad0b00ffd87eae8522,fix,2019-08-26T18:50:20+00:00
angular/angular-cli,5606a4cc0e17643fc0b7e8f499b4730d72a72379,fix,2019-08-27T17:24:32+00:00
angular/angular-cli,09d2f04d1bff3797da8e30334c95d7484e244eb5,fix,2019-08-28T07:10:26+00:00
angular/angular-cli,8866f1d964cce703c42a0aa0d29fa3bad7c2c4be,refactor,2019-08-29T18:38:52+00:00
angular/angular-cli,e76ea369892ce1207891519380d592e1ac22b9b7,feat,2019-08-29T18:39:39+00:00
angular/angular-cli,c867f2a4dd57c56e22e081e34657c04ce57e7882,fix,2019-08-29T18:40:29+00:00
angular/angular-cli,3a913d2922f30c6b2b10f7c888a4d5e660386f8c,fix,2019-08-30T17:23:46+00:00
angular/angular-cli,8527206d6ea3bdcea0f26531e4d83452053bb3c4,feat,2019-09-03T21:00:15+00:00
angular/angular-cli,c935211aef6de1c211eae63c8eeb2e30e48bab4b,fix,2019-09-03T21:01:20+00:00
angular/angular-cli,9300627e2271fcd456ab31765376cff7d752d009,fix,2019-09-10T17:01:25+00:00
angular/angular-cli,fb0a6af9f07cefac720975512870a33afe0c90f6,fix,2019-09-10T17:01:50+00:00
angular/angular-cli,805e1a9a4760aeaf4d0d8ca1f562d667c3f1e2ef,docs,2019-09-11T17:12:35+00:00
angular/angular-cli,a1487b3e9e11720a2754d03a6f1811bd35b46be4,feat,2019-09-12T18:45:59+00:00
angular/angular-cli,9deaf87754ef29f600c9daef94769f69d2d20b3a,fix,2019-09-19T21:39:51+00:00
angular/angular-cli,a6b496d4ff7e36dde6bc0f0dbf1fd5444695a859,fix,2019-09-19T21:41:45+00:00
angular/angular-cli,0c2f2f496ba804c1c7d88d3ebe3578ec902c2cb9,feat,2019-09-25T16:47:14+00:00
angular/angular-cli,190f80cf582241c7f16193137569613007db5b9f,refactor,2019-09-27T21:41:08+00:00
angular/angular-cli,dd2a6947ff8bad2e2b35aa75175dd3a3e5d13f8c,refactor,2019-09-27T21:41:08+00:00
angular/angular-cli,941c6af1ed79d4aac7604773265650142346b099,fix,2019-09-30T17:09:54+00:00
angular/angular-cli,645b60192bfd28426efcb0e90d45c4bcf638b87c,fix,2019-10-03T21:40:57+00:00
angular/angular-cli,07bfd1eeb309ce8795f39962474a29951af1dd6a,fix,2019-10-03T21:42:04+00:00
angular/angular-cli,c2b13a7683615436d0298061bd93d742526b4842,feat,2019-10-03T21:42:04+00:00
angular/angular-cli,47490527ff8cfbd912225ae1ba1e7e3128547938,feat,2019-10-10T19:39:38+00:00
angular/angular-cli,d9bf2dbbda36780472ffaf48e75e010c6045c4d6,fix,2019-10-11T20:53:48+00:00
angular/angular-cli,d133ba68c0e2bc05472712fbe7eecd63a54f142c,feat,2019-10-14T20:40:31+00:00
angular/angular-cli,b3086ffd54440f340b7f7457cbf1445ade10685e,fix,2019-10-14T20:42:29+00:00
angular/angular-cli,cf349433ab77930fa461b42a81107a9a584b98a1,fix,2019-10-15T18:23:16+00:00
angular/angular-cli,0074abfbe87cd99d9f9d2f85c51cb264e36509dd,feat,2019-10-21T16:37:29+00:00
angular/angular-cli,b0dcfd08a062c74f18511cb9b918fd0e1d6f410e,fix,2019-10-22T20:13:54+00:00
angular/angular-cli,8d892160d3ba23c9dd758c1e461763b8c6981215,feat,2019-10-22T20:26:38+00:00
angular/angular-cli,5597f7fedc70d3093bb47716dd8372ced57a1963,refactor,2019-10-23T16:56:49+00:00
angular/angular-cli,cc4abddcdd646647be003cc7e5f52f6941ffd9bd,refactor,2019-10-23T17:00:04+00:00
angular/angular-cli,276032c9628706c21259ec8ab47cd9be5874b9ec,fix,2019-10-24T19:04:42+00:00
angular/angular-cli,0e3d8e4a642029e765c3e0a6db57111081b6e0eb,feat,2019-10-25T16:53:12+00:00
angular/angular-cli,d4dc16fa28ecc82a5e408018130407ecb83044a0,fix,2019-10-27T19:08:53+00:00
angular/angular-cli,dfc3b7466560bbebadcea49fa0c116674dec1f65,fix,2019-10-27T19:08:53+00:00
angular/angular-cli,6b9507aaa99e54699711e275ce00e7cec6f4ddb8,fix,2019-10-28T18:46:03+00:00
angular/angular-cli,5df776780deadb6be5048b3ab006a5d3383650dc,fix,2019-10-29T00:48:08+00:00
angular/angular-cli,325dcd005fdf9960b24b0f90150f661681aab9a9,fix,2019-10-29T00:48:30+00:00
angular/angular-cli,548617ca4cad2071c38a1a23c6877c614a197d8a,fix,2019-10-30T03:21:51+00:00
angular/angular-cli,8fa93e1b1570c449ec6a928427d60f650fcff308,fix,2019-10-30T15:30:11+00:00
angular/angular-cli,3100182ab106898cb1ca9f2971d634ee42a8a138,fix,2019-11-04T21:24:15+00:00
angular/angular-cli,3f57956c3282361f8909ff8b0d51471d708162eb,fix,2019-11-04T21:26:07+00:00
angular/angular-cli,d13387db4dd7d18c98a5ca0ad497c9e3c88228e9,fix,2019-11-04T21:27:32+00:00
angular/angular-cli,84ba5d55f093820a0da2f19aa8717d29ba902f34,fix,2019-11-06T00:30:14+00:00
angular/angular-cli,9ba78050bb2f77dfb8c170daa6b1b1b385d31d37,fix,2019-11-06T00:37:18+00:00
angular/angular-cli,f35b80ebaf903e09572b4c1c785e8766180f9b7e,fix,2019-11-07T18:07:10+00:00
angular/angular-cli,19417625521612e5524dbf70dc7692ed9bb35270,fix,2019-11-07T18:08:19+00:00
angular/angular-cli,217eb29b0f896653cc85e188ffcf5417d594d851,fix,2019-11-08T00:44:31+00:00
angular/angular-cli,862b28f844cddcc406defac6a32d6e266221d499,fix,2019-11-08T15:56:05+00:00
angular/angular-cli,6602d90b42cd2430323f62308ffe322a578956ee,fix,2019-11-11T17:12:36+00:00
angular/angular-cli,3143971fb4908fbb76d4101c734be0c1a9030d86,fix,2019-11-12T19:46:07+00:00
angular/angular-cli,8a0f92bd833d2c571bc7817d1fa6887637c7dd47,fix,2019-11-12T19:48:41+00:00
angular/angular-cli,8e81c6aa959945716d2c58e7f870f1f2afa6d2a8,feat,2019-11-12T19:50:22+00:00
angular/angular-cli,7e7248d9aa964ff69d20449ef2a8a5e52227298f,fix,2019-11-12T19:53:14+00:00
angular/angular-cli,84e102bf3d6cb4306191a0213bd56cceab6a8b68,docs,2019-11-14T19:15:00+00:00
angular/angular-cli,f3a23fc6f1571238fc0867ee792a9dbd724975c4,fix,2019-11-15T18:41:01+00:00
angular/angular-cli,04cb2ac17bbbaa4eb717330adffdc59978baa135,fix,2019-11-15T18:42:18+00:00
angular/angular-cli,bf39e74e7f38ceb35b8b489941d6d7fc779354f1,fix,2019-11-19T19:40:58+00:00
angular/angular-cli,17792c46b3b9d2c556d250c636ecb6ebfd90819f,fix,2019-11-20T16:51:21+00:00
angular/angular-cli,316786df23b3ae6b93ebb88644b2867dd66e9776,fix,2019-11-20T16:52:02+00:00
angular/angular-cli,5c9fc32ae6ffec72c11d151c38090a67da87b6e6,docs,2019-11-20T21:20:42+00:00
angular/angular-cli,cfc0aa4780a5117f2017e37a425cf34d82ecb9f5,fix,2019-11-20T21:21:58+00:00
angular/angular-cli,c3a4c454be4d9578c702f5709d5d889d1a5102f8,fix,2019-11-21T01:31:19+00:00
angular/angular-cli,3d5a5a97a499308d920177bfde247d67c1aae7da,fix,2019-11-26T21:05:30+00:00
angular/angular-cli,44f70a928a4a518b206673aee5b40d53e5255d1c,docs,2019-11-26T21:06:22+00:00
angular/angular-cli,453c5ad184a9c5f9cbae6958276d8c7659e2d8f5,feat,2019-12-02T18:15:37+00:00
angular/angular-cli,1d79b28c17295bcf85fc0b09b44be7a2308a0965,fix,2019-12-02T18:19:38+00:00
angular/angular-cli,47e4111b9f9ee22d442e7922889aa7848d0ed329,refactor,2019-12-03T20:35:04+00:00
angular/angular-cli,0659cf09e3cba04b3f2770a03c660517a66ce380,fix,2019-12-06T02:53:08+00:00
angular/angular-cli,59c9802d2667db71ef44aa78c7d56b4caa6ff065,fix,2019-12-06T02:55:15+00:00
angular/angular-cli,cae943d7e68aa38270471855cefbaf3655833eb3,fix,2019-12-09T21:38:34+00:00
angular/angular-cli,f1985e1315e399adf09478dc6152200b6ddab3e7,fix,2019-12-09T21:39:35+00:00
angular/angular-cli,922be51746f9e78e8bd64cb6fc87737866c74c0d,fix,2019-12-12T22:02:25+00:00
angular/angular-cli,8e3d1733555b73c2ff4ce4106f959cd1578fd6b6,docs,2019-12-13T18:25:36+00:00
angular/angular-cli,a5a8cc53bfd6567ff30b7a3572c6712b6d66b2ea,fix,2019-12-17T19:17:45+00:00
angular/angular-cli,545847788d9e3316f562c31dc971b46e90d8f3a8,fix,2019-12-21T00:33:31+00:00
angular/angular-cli,ce0d1d9604c371ddeaaaea5b8e94effa78344428,fix,2020-01-02T19:26:10+00:00
angular/angular-cli,4cde9228df5118a6c743467c668b6b7c5fe73013,fix,2020-01-04T19:15:39+00:00
angular/angular-cli,4630e03209fe06c75315b323b3019418da2c33fa,fix,2020-01-04T19:19:09+00:00
angular/angular-cli,0a83923f912c5514aee4789f0585f162f13495af,docs,2020-01-07T18:32:21+00:00
angular/angular-cli,7d9c0c722797101444700d48a5f61d866165a1aa,fix,2020-01-08T18:24:40+00:00
angular/angular-cli,9a7d8e3877e3c1ae25e1d3334b29c722d8625421,fix,2020-01-24T02:00:04+00:00
angular/angular-cli,8a55bc3115ba8a1fdbc1edf5953a8afe8d7c9ebe,fix,2020-01-28T18:35:18+00:00
angular/angular-cli,397ef0590be473ab9163cc26c60d60f30d30a1e4,refactor,2020-01-30T01:12:05+00:00
angular/angular-cli,878e4473e0a8517f8eab529ac71f0d6e8a454447,fix,2020-02-04T15:26:41+00:00
angular/angular-cli,5376a8b1392ac7bd252782d8474161ce03a4d1cb,fix,2020-02-04T23:59:11+00:00
angular/angular-cli,5f3ff00dd8891bcc137457948179766403fb5ac0,fix,2020-02-11T00:01:49+00:00
angular/angular-cli,0d6dae107d62bdba08a5cee79ef9c9151a15c3a4,fix,2020-02-11T00:02:05+00:00
angular/angular-cli,33656f7aa8d345ad4916d4d900795e038d58ca68,fix,2020-02-11T00:02:05+00:00
angular/angular-cli,bf04333ed454db89b0bc683ca513e465ed7032ef,fix,2020-02-12T20:01:23+00:00
angular/angular-cli,5a53b84f96cd7b5ca28f900d51666062ae87be8b,fix,2020-02-13T23:50:58+00:00
angular/angular-cli,d6c9693952b0bd0fae9f0128abe0ebf3863f603e,feat,2020-02-18T18:53:27+00:00
angular/angular-cli,66b218c5f6180bb62609d89ef691ef514fa359ec,fix,2020-02-18T20:43:35+00:00
angular/angular-cli,826803d0736b807867caff9f8903e508970ad5e4,fix,2020-02-25T18:27:13+00:00
angular/angular-cli,d30f25133331a0417797567287d17ba6bee0f987,fix,2020-02-25T18:27:30+00:00
angular/angular-cli,94c753c1a57cfa17f93fd88bc097927fd6a9affd,fix,2020-02-25T18:28:25+00:00
angular/angular-cli,678180e4768cca10b322eac6c79ae8dd90c093c9,fix,2020-02-26T20:01:58+00:00
angular/angular-cli,14dc4fb818815884d06896b5b5f5a219b64ef366,fix,2020-02-26T20:26:45+00:00
angular/angular-cli,cb8d968c59ba23be7ca6ddddbcc3f5e38392331d,feat,2020-03-02T22:05:31+00:00
angular/angular-cli,21a25ee8c5308462a99bde9cb2fe6b03b8226340,fix,2020-03-05T19:30:23+00:00
angular/angular-cli,81d057a37d622458f8029679fb6a52df76490195,refactor,2020-03-09T17:24:25+00:00
angular/angular-cli,a5aefa12580ff8970ab2138a70a01da8b7325388,refactor,2020-03-13T20:14:58+00:00
angular/angular-cli,47555e21eba5fcb55622efb954053a2ae83be6c0,fix,2020-03-13T20:16:15+00:00
angular/angular-cli,237bade5d59efc5a4c0f5f9d7c343f2b9067430a,fix,2020-03-17T04:43:44+00:00
angular/angular-cli,f0bada19259802c86045e91cbfb022571927a14f,fix,2020-03-17T04:44:42+00:00
angular/angular-cli,d2dce463d0c7b1cb72e8acd8a0d23a318facfa90,fix,2020-03-24T00:25:07+00:00
angular/angular-cli,75c5cb26afcefa37c3b51bd56ef71c17a9d843bf,docs,2020-03-24T00:27:50+00:00
angular/angular-cli,00bf30650507b9f5d6c1cf91b483b8b64b98e096,fix,2020-03-25T17:15:57+00:00
angular/angular-cli,e57fa81cf85ed3eb52d2621cde2f83f36031e846,fix,2020-04-02T17:24:09+00:00
angular/angular-cli,a2b158be88a021b79480af93ea8badc03e998a17,feat,2020-04-02T17:25:04+00:00
angular/angular-cli,73e68b946e23f6aa3e8aa1fd4385d44435cf9156,fix,2020-04-07T16:07:19+00:00
angular/angular-cli,f0e6a69250c4d490767a034f9a3daeaf5c251076,feat,2020-04-13T18:32:38+00:00
angular/angular-cli,bbfd05cff7dc3e6a593dafbd24351148bda1e971,feat,2020-04-22T17:38:19+00:00
angular/angular-cli,66c4e48c7f4ed8aadbb1e0ae7da0ea0d24c2ee6d,docs,2020-04-24T16:52:10+00:00
angular/angular-cli,775617f80cf0dd1fb9962f58c9d8ddfc50f19337,fix,2020-04-30T22:12:46+00:00
angular/angular-cli,da46bf9f5fde9e153c4eaffa36e8586f8841a132,docs,2020-04-30T22:12:46+00:00
angular/angular-cli,57bc38e9fac037ca73d652080f216c595bcbf8a4,fix,2020-05-04T17:54:19+00:00
angular/angular-cli,164094829dcfbe6390934d3e6b737cc20f296c18,refactor,2020-05-04T17:54:48+00:00
angular/angular-cli,371e44867c1db78d960cee7830b1073f0f66327a,fix,2020-05-05T17:50:27+00:00
angular/angular-cli,013d42430f705e64f10d86c2bf9c9a5e560f2bb8,fix,2020-05-05T17:51:35+00:00
angular/angular-cli,3a14a6b913b6963f8d3020b7941054413d1899a1,refactor,2020-05-06T18:41:57+00:00
angular/angular-cli,ac3aff20c0b3803ddcab76bbc1f23647c8eca26d,refactor,2020-05-06T18:42:49+00:00
angular/angular-cli,b66b9b81615d8bed9d076253b47a18b87151eae3,refactor,2020-05-07T17:38:12+00:00
angular/angular-cli,56bba34d75ca576599987a702ec658c6c9427a08,fix,2020-05-15T13:44:45+00:00
angular/angular-cli,e8fa77e69ee051c247ef62aaa7afc50240d5ca51,refactor,2020-05-18T18:25:52+00:00
angular/angular-cli,ade3f491fedba5a51fe95b02b88e0b8f0464864a,fix,2020-05-27T12:17:05+00:00
angular/angular-cli,abdc6aa11c5bbaacdae9c543b3fbbd496c376b04,refactor,2020-06-05T23:11:23+00:00
angular/angular-cli,4243c9ef96ccbcb6c327b9b82572853f253b4663,fix,2020-06-09T10:36:58+00:00
angular/angular-cli,cfbd6e81fb8d8e9f2ec91261ef07f9cd4922d94c,refactor,2020-06-13T18:08:59+00:00
angular/angular-cli,5b5a37ad54b59e3dcddfe1839272fefd77ab8206,fix,2020-06-15T06:48:14+00:00
angular/angular-cli,0a0be3b37b2daa8b77887e3873050f667fef4ce1,refactor,2020-06-15T22:21:09+00:00
angular/angular-cli,0972487e221f9ddbad3e3de303865f4e5ceb3988,fix,2020-06-15T23:29:51+00:00
angular/angular-cli,6547d15f232b98c3a041359d870e7a55e8e2ec94,fix,2020-06-29T10:09:39+00:00
angular/angular-cli,9efc3cd1cd91193c41ac193f919fc4bc5d6c8cba,fix,2020-06-29T10:09:39+00:00
angular/angular-cli,bb2c109e7ea52633f3532795c906beeebabc42d3,fix,2020-06-30T14:37:05+00:00
angular/angular-cli,708360e26734ca62b5f5ad9a45e02c7f2cc3952b,fix,2020-07-01T13:04:05+00:00
angular/angular-cli,6670af2d3329959efb0e0831cf2105d9591d7475,fix,2020-07-01T18:27:50+00:00
angular/angular-cli,1396ed4533d04a434b943eab48e0c6eaa4740c95,fix,2020-07-02T12:47:38+00:00
angular/angular-cli,0a573e7376b09417620ec08967244c1e71e6b0dd,fix,2020-07-07T06:56:59+00:00
angular/angular-cli,2039f286d84efa743914b80bb9dec7815eeee8fe,fix,2020-07-07T13:06:25+00:00
angular/angular-cli,2aedad9a9b85396d3800502f52fb556ce1f87622,fix,2020-07-15T17:51:00+00:00
angular/angular-cli,3d8e474d5dd2378c73a64a52516b72716d6af0d9,fix,2020-07-20T10:48:50+00:00
angular/angular-cli,5e46e1a6bc8f99effec44c242998fef45992fc50,refactor,2020-07-21T09:24:48+00:00
angular/angular-cli,702c7cbf311036ea555f5191650a5aea676fc1f8,fix,2020-07-27T18:16:21+00:00
angular/angular-cli,d65235d3916161f59939ab17944062c83be8fd2d,feat,2020-07-27T18:16:21+00:00
angular/angular-cli,dd9a39686828ff7640c4b47f7d72b2263a2cc355,refactor,2020-07-29T08:53:30+00:00
angular/angular-cli,77681c660aa4e6336eb271e040b49c1e1ade6cab,refactor,2020-08-03T19:39:55+00:00
angular/angular-cli,994aab7485ce4abd194f8366818ca72981df039a,refactor,2020-08-03T19:39:55+00:00
angular/angular-cli,98ba784f5ce1d0b5ee435b2def049771b3880f8e,refactor,2020-08-04T10:50:05+00:00
angular/angular-cli,1fb8853bf0a8aa9a45052cfee1b75439f645f85d,docs,2020-08-05T12:18:24+00:00
angular/angular-cli,606b56cb647bc183e0d8287841cf200b69b2f2bd,docs,2020-08-05T12:18:24+00:00
angular/angular-cli,875e8b7066ae3983bfd53ff3b04d91c2e0189208,refactor,2020-08-05T12:18:24+00:00
angular/angular-cli,8a10f2e2b7b351eb4144b5b3b90e2199eb6f83aa,refactor,2020-08-06T23:55:45+00:00
angular/angular-cli,114a309b0aa9c84e4d81343271eb22939affa8ae,refactor,2020-08-12T18:27:00+00:00
angular/angular-cli,95b3384bb63f7b3f615dedebbfe08eeca390933d,refactor,2020-08-12T18:27:00+00:00
angular/angular-cli,0da7f79ab33447167adb3197c7c1a0017b7413b8,refactor,2020-08-12T18:27:19+00:00
angular/angular-cli,165abc820b9c4fdbe63bf9a50cefd2047161f5aa,fix,2020-08-12T18:27:38+00:00
angular/angular-cli,3f780804fddf4428769d092821a6a06a58672a96,refactor,2020-08-12T18:27:38+00:00
angular/angular-cli,4e76f5a4aa2b3da4599749acdc7df133c48982fd,fix,2020-08-12T18:27:38+00:00
angular/angular-cli,155707a1ba3bbfc17a215c6e659a03a13d7b8cec,fix,2020-08-14T12:41:18+00:00
angular/angular-cli,8b500d9ab71ccfc2bf63af2d6a5983e6a9797244,refactor,2020-08-14T13:38:12+00:00
angular/angular-cli,876df758f92209ff92492def1d2fc5b829febd09,fix,2020-08-16T19:00:51+00:00
angular/angular-cli,af5a1db46769d2692a49b10d4826d6855831ced4,refactor,2020-08-19T14:00:23+00:00
angular/angular-cli,7045cee2235e43ca56b404d48ca8fa3d48c09f98,refactor,2020-08-19T14:00:33+00:00
angular/angular-cli,423cfcf93af5048a9111adf6aa5ec3d9178fe344,refactor,2020-08-21T00:36:02+00:00
angular/angular-cli,5dc60f13c3b1dc85ab2d0c7bfbb0b031c963e678,refactor,2020-08-21T00:36:02+00:00
angular/angular-cli,61701ab2595a8b44dd84b921592c513a05f8d6fd,fix,2020-08-25T16:52:38+00:00
angular/angular-cli,5cb5702b39230d538806e97b33ae4a8130ef24c2,refactor,2020-08-26T13:23:10+00:00
angular/angular-cli,854d1844db37f48480cdbd7b7b5ab8693933bb4c,fix,2020-08-26T22:46:14+00:00
angular/angular-cli,6631720ec3ff4e2f15b781d9516d88314e1a5197,refactor,2020-08-28T07:53:38+00:00
angular/angular-cli,71360878d9e0b1b4c88c72b800692c6ce5f3422e,fix,2020-08-28T07:55:36+00:00
angular/angular-cli,4740b6526a25b39bff378a857fc26fef12c431b3,refactor,2020-08-31T10:54:23+00:00
angular/angular-cli,7f0d4599c7ebc91a95dd40d093d4f81348b96ef1,refactor,2020-09-01T17:22:00+00:00
angular/angular-cli,9167122e286eace6b32dd1c7beb6a783f19a7e8e,refactor,2020-09-01T17:22:55+00:00
angular/angular-cli,f5ee8a0c1a629b77b5df8a7cb979a04560df70ce,fix,2020-09-02T21:22:08+00:00
angular/angular-cli,ceeb6fba34b736d134fa4cd12f8c6d31de0b91b8,fix,2020-09-03T18:23:21+00:00
angular/angular-cli,a98c71dbf241499532c49216795c13d40c92015b,refactor,2020-09-06T14:08:35+00:00
angular/angular-cli,b2f0f074bfc5072683efdb9fa92b618cd7d00a8d,docs,2020-09-08T09:00:01+00:00
angular/angular-cli,179b6caf588a7e94c1183813d1afe37c142db309,fix,2020-09-08T18:55:23+00:00
angular/angular-cli,16fabddbf1b587f77ae6d1d12de4ade16187ea36,refactor,2020-09-09T08:47:13+00:00
angular/angular-cli,f31f853de8302e83d58acad6d398e5ba261b175d,refactor,2020-09-10T17:46:45+00:00
angular/angular-cli,622d08447d3f65ddd7438beda477cecc9be9c93e,refactor,2020-09-10T18:19:33+00:00
angular/angular-cli,6d43e320b64318931f531e964275bf508f78dd3d,refactor,2020-09-10T18:19:33+00:00
angular/angular-cli,0d7bbd82f642f46fa78b46bf0bbc3dbdbd824cb4,refactor,2020-09-11T19:17:23+00:00
angular/angular-cli,245e669d631eabf3476169aa6e9208766503bcd6,docs,2020-09-11T20:17:15+00:00
angular/angular-cli,d423c436809460d02f51b13389ae6f939c9b277f,refactor,2020-09-12T13:43:12+00:00
angular/angular-cli,5ce621e371166af4994cae5cc9a456ee683cbaf0,fix,2020-09-18T19:53:44+00:00
angular/angular-cli,38ea7dc8a685007604c5079296547717a080d8d1,refactor,2020-09-23T16:22:28+00:00
angular/angular-cli,39fd968673752f8ee4f337068c8c5a016863250e,refactor,2020-09-23T16:22:28+00:00
angular/angular-cli,11c6abdd799dcc36b06d8e0988f3edc0d1664db2,refactor,2020-09-23T16:22:58+00:00
angular/angular-cli,33f5b60069654a32496f35fcbff9c882ee629286,refactor,2020-09-23T16:22:58+00:00
angular/angular-cli,a73c947205f4244c855deb6d8f3a11a99511407d,refactor,2020-09-23T16:22:58+00:00
angular/angular-cli,ce17094e0e335c8576b24b830e4808a0fae6a238,refactor,2020-09-23T16:22:58+00:00
angular/angular-cli,dd59bfcc60c782810de9c191535687f2012a2d5b,docs,2020-09-23T21:06:27+00:00
angular/angular-cli,25aa2d592913f6086f552815a474570168922f2c,refactor,2020-09-23T21:07:10+00:00
angular/angular-cli,c49ebe78a269e8bb460d7f28e8d9ff0493d884b8,refactor,2020-09-24T12:04:06+00:00
angular/angular-cli,621f15aa187a2112a71d24a182e20174759fc23c,refactor,2020-09-24T17:46:44+00:00
angular/angular-cli,64f340d93fe6dcd643e56a8d597f37af202898b1,feat,2020-09-25T15:59:21+00:00
angular/angular-cli,dbdd3fc857ebe44722fc4297f57506ebc1c6f3d4,feat,2020-09-25T18:21:33+00:00
angular/angular-cli,c8f8640bf517acfdfcfacb2d9d1d6a6ce2b8cc3c,fix,2020-09-28T18:34:18+00:00
angular/angular-cli,d74e7e3f7ec28ebe0e9f9f5f14fc5b1c39ebd855,fix,2020-09-29T11:52:00+00:00
angular/angular-cli,850a0aef133f8e6a0779a02d3e88d4e1e2594126,fix,2020-09-29T11:53:01+00:00
angular/angular-cli,84e07e9d1af03ab5dca5195b233272a6fc6e0a28,feat,2020-09-30T11:49:13+00:00
angular/angular-cli,9928b292cd84759df5ec42354b5041e6cc3649fd,refactor,2020-10-01T15:15:25+00:00
angular/angular-cli,2cf1b9a2f0e0fb1d25d398b6f77bf00b989b113b,refactor,2020-10-01T17:53:34+00:00
angular/angular-cli,7254d18ccb1a1fae41e3f748f1ce10c7f7ed4a9e,fix,2020-10-04T20:50:00+00:00
angular/angular-cli,409247e9c05631478a5b2e34cfade0b03ef1a765,refactor,2020-10-05T15:31:49+00:00
angular/angular-cli,8d7703e7b5ef832344c73b82fd6481975505b9de,fix,2020-10-06T15:10:14+00:00
angular/angular-cli,b2363414e11841e57c041670405ac6a6e57a412c,fix,2020-10-06T15:10:14+00:00
angular/angular-cli,290fe4360de5283ea5ff78a75fd259a47f96429b,refactor,2020-10-07T13:54:32+00:00
angular/angular-cli,0fe20bcc7ff9aa03cef8431988c29bd9172189e1,refactor,2020-10-07T17:42:52+00:00
angular/angular-cli,5318e4c5113b0356b92df835469504eb67f97b99,fix,2020-10-13T16:37:59+00:00
angular/angular-cli,3c2da34972f5d17fae87b3267e8ab3ebf3f74342,fix,2020-10-14T18:57:47+00:00
angular/angular-cli,e253fffbe69d9db7cca40ae013c8a9bbf33b36b0,refactor,2020-10-14T18:57:47+00:00
angular/angular-cli,31875e9d79a46b4b8e9ee4d3c85c0f05be6f3802,fix,2020-10-15T11:53:25+00:00
angular/angular-cli,e1d0d0898d73a2ba37816e6178f122f46c262194,docs,2020-10-15T16:30:24+00:00
angular/angular-cli,710e12dd7dc8d25f41fcf931501b36df626b2c17,fix,2020-10-16T19:03:57+00:00
angular/angular-cli,247b87d40a919c144d4fdcf3e55a563c3e006e34,refactor,2020-10-16T19:08:18+00:00
angular/angular-cli,574d309cda0ec46ab700f6fc0d97f3813c947629,fix,2020-10-16T19:08:18+00:00
angular/angular-cli,f7f6eede232513962fd4ce0b3b7fe8ed3561c39b,fix,2020-10-16T19:08:18+00:00
angular/angular-cli,ae94245131d883b5b060e8d6b6d05628bc448ea0,fix,2020-10-19T10:34:47+00:00
angular/angular-cli,445fe1d4e6557d5a9c8f0f301fc5f95422252980,fix,2020-10-19T18:12:08+00:00
angular/angular-cli,ea1325e03e7786031b5123fc37178c61e53420bd,docs,2020-10-20T06:51:02+00:00
angular/angular-cli,54fc6f19233b61ce581e15974e013598786dec68,refactor,2020-10-20T06:51:41+00:00
angular/angular-cli,bfb33b15e167922e3205b595658538a402a71cc6,refactor,2020-10-20T06:52:27+00:00
angular/angular-cli,904fc1995078436a7b43b85d6465d8f8c3e388b8,feat,2020-10-20T14:53:24+00:00
angular/angular-cli,5f930c984bfe01b2963bf3d432406ae2cf2e28df,docs,2020-10-21T13:05:32+00:00
angular/angular-cli,14239cd889c00be43d81bdc66416738456f01ea7,docs,2020-10-21T14:33:59+00:00
angular/angular-cli,cc723d8d74986005c2455ca212cb4b41a5cdf56f,feat,2020-10-21T20:03:24+00:00
angular/angular-cli,dc3cdae7b9038c7bd2e477aeda04d9a96368ef4f,fix,2020-10-22T19:17:06+00:00
angular/angular-cli,ae899935f6cf030415df204c5c6a4df4975eea37,refactor,2020-10-26T14:13:59+00:00
angular/angular-cli,a75478a45bf2988c70ea1dde071563fc72c8b07f,docs,2020-10-26T18:24:41+00:00
angular/angular-cli,661c0f248f9f21edf41d9a5de9050eb2cee335d5,fix,2020-10-27T14:45:51+00:00
angular/angular-cli,0491717704428b25de32f76a4616e0c8d76a2965,feat,2020-10-27T19:58:09+00:00
angular/angular-cli,5db4ec7df78c1626d48d00b3ad7094d0e8e8a013,refactor,2020-10-30T15:17:49+00:00
angular/angular-cli,ea02b6e94710d43ab9c2738765c17d234dce353e,fix,2020-10-30T15:18:42+00:00
angular/angular-cli,94add3082bed541e86fe10bf37192d1e23d43521,fix,2020-11-02T19:36:49+00:00
angular/angular-cli,c569cd0be86d7665b95a19e6be2a4c0bcd63ee32,refactor,2020-11-03T23:37:59+00:00
angular/angular-cli,814ea664d6e0f4293b68530494c88a75d2d220cf,fix,2020-11-03T23:42:01+00:00
angular/angular-cli,acc22a399f84de22ff8002f6b03b1a0ac541f25b,refactor,2020-11-05T07:31:35+00:00
angular/angular-cli,1237ddaceac7c111d730f4005f96d04fce416836,fix,2020-11-12T18:15:40+00:00
angular/angular-cli,8e8a51c3fa95631448caeeca1842c5320d1743b0,fix,2020-11-12T18:16:40+00:00
angular/angular-cli,3529fb48224665c6b5f1ddf10fef96c6f6df0032,refactor,2020-11-16T17:59:06+00:00
angular/angular-cli,9280d87650c9decf20045b2f05acea5dc46c61e8,refactor,2020-11-16T18:14:24+00:00
angular/angular-cli,8483c380a248dbadcf56fcb98caaaf3260c18138,refactor,2020-11-16T19:57:04+00:00
angular/angular-cli,51d0178d244ed3fb6feee280d02cf284ceed1b85,fix,2020-11-16T20:43:53+00:00
angular/angular-cli,f67c61239349660c10ab84861991ef2f9dbb6170,fix,2020-11-17T20:40:43+00:00
angular/angular-cli,5a0940e62d57aad49e369976408278bb992eca7b,fix,2020-11-20T11:37:19+00:00
angular/angular-cli,c3f77b17129abf7b1fc67ec779cf78236762beab,fix,2020-11-23T10:21:31+00:00
angular/angular-cli,535a5076d9f8122a53da6bc8b731689f796f8b5c,feat,2020-11-24T13:33:26+00:00
angular/angular-cli,4c46c191c76409f44f14cb8be405357796de086a,fix,2020-11-26T08:36:29+00:00
angular/angular-cli,ff9e245a51de7e8c81db991c027cdcb2b9c42c43,refactor,2020-11-26T08:36:29+00:00
angular/angular-cli,391d60cc3d0fafed9ab0a0c82a8f5000dde1273b,fix,2020-11-30T09:55:13+00:00
angular/angular-cli,2dac2ac769df2a0f39e157649fe7a70965b1b881,fix,2020-12-01T09:05:02+00:00
angular/angular-cli,a46bad4e31905ed646646114478931ff963fefbf,fix,2020-12-03T17:58:49+00:00
angular/angular-cli,5cda038ba7ecf386a8ad49954c32654994ffc30c,feat,2020-12-03T21:43:39+00:00
angular/angular-cli,d3afdcc1b3e40736dab3ca7ae81c462747eb0ac9,fix,2020-12-08T19:39:36+00:00
angular/angular-cli,f73a878c67198e439ab8d7daf22cf078f1eb2129,fix,2020-12-15T12:24:53+00:00
angular/angular-cli,17cc701bdd9680845fdeb583f9676a69c302f7ad,fix,2020-12-16T13:57:08+00:00
angular/angular-cli,66deb3a7535d08930fd28579a855aa7ca179a99a,docs,2020-12-18T07:29:45+00:00
angular/angular-cli,7cd06b7f239cdadfe40fd4826d0f853b67033bc8,docs,2020-12-23T07:25:53+00:00
angular/angular-cli,cfb368408b532e488acaa1a5a921240f0dc7dfad,fix,2021-01-05T11:29:34+00:00
angular/angular-cli,4f352ea20409543e1b38656f9cd56d5e863e6b0a,refactor,2021-01-11T07:22:10+00:00
angular/angular-cli,76b023e55e28e4cc668ffaa6346908554f2ac4ad,feat,2021-01-12T08:30:23+00:00
angular/angular-cli,d62441f18353c2ed5e5de913c1f307968f708f7b,feat,2021-01-14T20:37:41+00:00
angular/angular-cli,7981d9fba93d09681f827e34653c64a41ce1f7bf,docs,2021-01-15T18:31:19+00:00
angular/angular-cli,6b2a8e175eeab682714bcb0c6e26041c401dd8fa,refactor,2021-01-20T15:27:43+00:00
angular/angular-cli,776a6ece58bc19fc70cac0e6b6ad82bf9ac1986a,fix,2021-01-20T19:44:12+00:00
angular/angular-cli,9af0942e69fddd5333be7f6ca1c52ed6638f5daa,fix,2021-01-25T15:17:03+00:00
angular/angular-cli,5cdf4ccd1d4c9c4125a9442ddf5115fa910fb233,fix,2021-01-26T15:25:29+00:00
angular/angular-cli,a179828be3d546ee099124ae813849e2f6101e7f,fix,2021-01-28T08:34:43+00:00
angular/angular-cli,36a28e52266938d4e87a9065b54ee605d932e835,fix,2021-01-28T08:35:12+00:00
angular/angular-cli,a86ea3f154bb9302228e7e29350065d36e5b7bac,fix,2021-01-28T08:35:31+00:00
angular/angular-cli,42e439f6fdae6a5e03e4ccf346a0456490b5c9e0,fix,2021-01-28T10:02:07+00:00
angular/angular-cli,e02d737cb881440f8f4acfb7c9feb534d5a08cc6,fix,2021-01-28T19:32:39+00:00
angular/angular-cli,b8336b2c9437e3d53fccf98cf0628748703ccf54,refactor,2021-02-02T06:46:32+00:00
angular/angular-cli,f0abae5487868b46823d43843a02fe9fb86f89b9,fix,2021-02-02T08:01:32+00:00
angular/angular-cli,5ba886cbb57310a5e74b4ecc20dbd964254d3d3a,refactor,2021-02-04T07:43:15+00:00
angular/angular-cli,cae2209ca816c297793ff1b921ab54739aac724e,fix,2021-02-05T17:40:47+00:00
angular/angular-cli,088891b16eb85eaa2bf9f84b82e5867cf2ff28b1,refactor,2021-02-08T19:07:24+00:00
angular/angular-cli,4773e13c5c136926e9fae4e0748e8206bdd7e624,refactor,2021-02-09T13:50:00+00:00
angular/angular-cli,e871f87fa2eda5cdf74557b95b47aa419e53e17b,refactor,2021-02-10T19:08:07+00:00
angular/angular-cli,9a44bf4aaf6c800043e44c8b238453fd4d295fb5,fix,2021-02-11T19:25:55+00:00
angular/angular-cli,fa5cf53b644c96a50d09dce5f9e9ee401bf66053,feat,2021-02-11T19:26:41+00:00
angular/angular-cli,789e05d800c1093881d24a066fb7881c26332349,feat,2021-02-17T18:42:40+00:00
angular/angular-cli,7d57dd2f3e7d36cc4ed2c356f79139486790cbfa,feat,2021-02-17T18:44:43+00:00
angular/angular-cli,bb38f85202f749040b241c8277280fab21c3379c,feat,2021-02-17T18:44:43+00:00
angular/angular-cli,d720d3db738d2cefe1a5537629f94c9689300f9b,refactor,2021-02-18T12:01:16+00:00
angular/angular-cli,96a4467ce90fb6b88f5be39f73c8fd64ce057a4a,feat,2021-02-18T18:27:30+00:00
angular/angular-cli,2ef39498b03da036b3214c20a9b160b3efef4d5e,fix,2021-02-22T15:55:44+00:00
angular/angular-cli,ce4d59fee32ec31f8e9f6b26f917413b9531c197,refactor,2021-02-26T12:22:29+00:00
angular/angular-cli,dbce2a3f28673991db1059c902cae326c725518a,refactor,2021-03-01T18:59:26+00:00
angular/angular-cli,3b7470d4836bcfff31ee4bf90ec4396f2905c633,feat,2021-03-10T14:18:49+00:00
angular/angular-cli,d0c3cb1fdcd38852200288e38506fd8f470e7e60,refactor,2021-03-10T14:19:56+00:00
angular/angular-cli,3ee12af89be58ccea8996e2e86a18a23d193abbe,feat,2021-03-10T18:44:04+00:00
angular/angular-cli,f4875b967ae9ca5640cb27bfb37166528cab88d8,feat,2021-03-10T18:44:04+00:00
angular/angular-cli,217a02b879ccbcd8497628da23a44051d897550e,refactor,2021-03-15T13:47:13+00:00
angular/angular-cli,ff32ada86b486d96922c693f703e25e01848d020,feat,2021-03-15T16:45:11+00:00
angular/angular-cli,6cc8c2608336c1d1884ece8156ebf0d06e58deb8,refactor,2021-03-15T19:31:25+00:00
angular/angular-cli,0199170ec740ac49c23bdbbb7375b610186d76c3,refactor,2021-03-17T18:06:37+00:00
angular/angular-cli,09daf7a7e0886738f25f071aa5e072e1dc06bf7e,fix,2021-03-22T13:16:05+00:00
angular/angular-cli,c7e126609f4a0d86bd47a226717ab6430fd85cfd,feat,2021-03-24T13:16:50+00:00
angular/angular-cli,f22f7e7371c0daa2dc59110cd21e3ff3fb4620d5,feat,2021-03-24T17:35:25+00:00
angular/angular-cli,2dd0cbd2e92553fc9bcb3c58af17617c0c67f535,refactor,2021-03-29T14:18:11+00:00
angular/angular-cli,6fa88567211ededc657f5cbeb71afb8592191058,fix,2021-03-30T20:33:19+00:00
angular/angular-cli,14c8a09014efd265b77bccac9c82b7898e31efa4,refactor,2021-03-30T20:36:48+00:00
angular/angular-cli,0e04a4c843c530d612e66388cc13c4326dad8a31,refactor,2021-03-30T20:37:09+00:00
angular/angular-cli,8582ddc35e153b8bc409d0505f29bc43e6cef455,feat,2021-03-31T16:04:05+00:00
angular/angular-cli,5cf9a08dc7a1c84568d00df8f957d55b10ce0193,refactor,2021-04-03T12:45:58+00:00
angular/angular-cli,160102ae57d780dded6c9002faf07b601a866d3d,fix,2021-04-05T17:20:56+00:00
angular/angular-cli,18c954129279d68b5c02c9f486a7db34be5492d1,feat,2021-04-08T13:42:47+00:00
angular/angular-cli,df988c249363682aa6f9d3d95ae3b8636e24ebf9,fix,2021-04-08T13:42:47+00:00
angular/angular-cli,de63f41d669e42ada84f94ca1795d2791b9b45cc,docs,2021-04-09T17:45:17+00:00
angular/angular-cli,695a01ba02b8c6e9656ed5ed5b0c5e17760ba21d,feat,2021-04-09T22:40:39+00:00
angular/angular-cli,0f4bbb58d4cbbb83223e52397a117101efb57954,refactor,2021-04-12T14:02:07+00:00
angular/angular-cli,577766150e1e93f3b1fdc3b3fbb92a5dbe7622b2,docs,2021-04-12T22:15:43+00:00
angular/angular-cli,cc52e5453cbf40810f56b6ea443c5f089c635a5d,fix,2021-04-13T14:49:40+00:00
angular/angular-cli,08753138d336fb870a66face70f5624ba64b4c69,feat,2021-04-13T14:51:12+00:00
angular/angular-cli,330235230c680709b312d1b33ce16b0f482f0b84,refactor,2021-04-13T19:34:54+00:00
angular/angular-cli,43b7a38b4793cb7837e839fba5e9e742bb66f6cb,docs,2021-04-14T15:10:48+00:00
angular/angular-cli,36a8882ab32ae5a464d977d61bc795aae7e0ff3a,refactor,2021-04-14T21:20:33+00:00
angular/angular-cli,e33a3061f02828303e3c6ef508b5b23cbc73eef2,feat,2021-04-14T23:34:21+00:00
angular/angular-cli,266c0ce5e523570821c9a7c8604c8acc9742595c,fix,2021-04-19T18:28:53+00:00
angular/angular-cli,e0cb8222ea683ec92e19841cfe09018ac9922e84,fix,2021-04-19T18:31:59+00:00
angular/angular-cli,5a57fea36bd3d1d1beb02b500edfc7a6b0f0c3cc,docs,2021-04-19T18:34:35+00:00
angular/angular-cli,04f5dfe5e2fc97bcf0641f1d2f8edfc59dae57b2,fix,2021-04-20T14:27:05+00:00
angular/angular-cli,e107055b6f459b75468e1faf512ca489bede989f,fix,2021-04-20T14:29:49+00:00
angular/angular-cli,eed56ab839b6b9b5281f2405c6096073ff4d9103,fix,2021-04-21T19:41:56+00:00
angular/angular-cli,3d30e89c6164c1663a5fc6de7cb8187e8b6cb27d,docs,2021-04-21T19:44:03+00:00
angular/angular-cli,26ec4772627e13f2f6720cb383afa2e8c9d7ae01,fix,2021-04-22T08:57:10+00:00
angular/angular-cli,4c8e03256f99f93c87677091078261be808c615e,fix,2021-04-22T13:40:36+00:00
angular/angular-cli,09676c90a94834c1f2e3d52fb492471dc61de598,fix,2021-04-23T05:22:47+00:00
angular/angular-cli,2d5987102ad47422076b0ab6f1cc7ed833d3503a,refactor,2021-04-25T09:50:09+00:00
angular/angular-cli,9d6c1dad955d1a1b7a37acfb81d065de894c56c4,refactor,2021-04-27T13:46:54+00:00
angular/angular-cli,decaef592e11a2d1e4b9a6f10246a406cc4da2ce,fix,2021-04-28T14:37:19+00:00
angular/angular-cli,f6135a20d1f3fd8afe85ba10906afb1fb7e91dea,fix,2021-05-03T15:39:23+00:00
angular/angular-cli,7521a8727c2586bafd2b0fd725545fb1458e30b4,fix,2021-05-04T14:33:58+00:00
angular/angular-cli,79c5284892f79de6dfb54b5433a5fa5f6e0cb044,fix,2021-05-17T16:05:20+00:00
angular/angular-cli,758780785738367032f285e3716ce10fc1195174,docs,2021-05-18T10:30:57+00:00
angular/angular-cli,43926a21ba1b689804d35f282f80842e8c63286a,fix,2021-05-19T14:34:55+00:00
angular/angular-cli,c146e9c086025e49dd207e039dc738a143e5672e,feat,2021-05-21T17:10:52+00:00
angular/angular-cli,6e07cb19c0d25a32d51ecc323bbd17eba4ed693f,fix,2021-05-25T14:54:31+00:00
angular/angular-cli,861a69567c48bdb5f985c88262e5e0e70ebf2999,fix,2021-05-26T14:19:16+00:00
angular/angular-cli,7a6a4ecb597c0aa28c7bea957eef3af20653ecf1,refactor,2021-05-26T14:51:33+00:00
angular/angular-cli,fb21c4a968c8b4d8a3d17237d0864b795fffba49,feat,2021-05-26T17:27:10+00:00
angular/angular-cli,afc9d10688ab9308a1a8b51a80e0aedf24b66bfc,fix,2021-05-31T11:49:24+00:00
angular/angular-cli,3afa5567cb6c5ebfb43c2aa447f4c7d6a0e60c75,fix,2021-05-31T11:50:22+00:00
angular/angular-cli,2e007b7fe0086b965020e2f3db675a372457b491,refactor,2021-06-02T15:17:43+00:00
angular/angular-cli,87f6f434beb2fa5d2403df7881e62fd3a62c010d,refactor,2021-06-03T17:51:37+00:00
angular/angular-cli,1dd5c28f8d32e382d271a3da2bed25f16e88153a,fix,2021-06-04T06:35:02+00:00
angular/angular-cli,1168edb8d1eef028c1380d34d9151950329b4825,refactor,2021-06-04T19:10:06+00:00
angular/angular-cli,052b8fa4db63bf0c08aa95ca727bd18420f19f6e,fix,2021-06-07T06:52:55+00:00
angular/angular-cli,0c2a862db00ccfe3d309c34b3788001c719aa21d,fix,2021-06-09T06:00:49+00:00
angular/angular-cli,ca6e9fec94e15f7f8948b1a7313d37d4cee8a5b1,refactor,2021-06-10T06:11:05+00:00
angular/angular-cli,528b7f182ead45f8a93f4e3157dc368b5697a32f,refactor,2021-06-11T21:20:50+00:00
angular/angular-cli,06181c2fbf5a20396b2d0e2b3925ceb1276947fb,fix,2021-06-22T16:39:12+00:00
angular/angular-cli,c1623c429eee44eb32045dcf94edcf0d7f5c30dc,refactor,2021-06-22T16:39:38+00:00
angular/angular-cli,4ce7681cc82d278108d003bcfcea3dfa2c2ef03d,docs,2021-06-24T12:41:00+00:00
angular/angular-cli,05a52c8c59fc0c44c830ff763f5f3ae5627b6a6c,refactor,2021-06-25T05:46:22+00:00
angular/angular-cli,e49079d971a4e3d0de878a376de663b5020fd6de,refactor,2021-06-28T12:42:12+00:00
angular/angular-cli,fd4ae0fb162f5037419a18f657a8a5e58cf13ff8,refactor,2021-06-28T12:42:12+00:00
angular/angular-cli,070a1336478d721bbbb474622f50fab455cda26c,fix,2021-06-30T17:26:36+00:00
angular/angular-cli,3c2fb5c9c1f2ed18a4744ebe6fc58905ec69282a,refactor,2021-07-02T15:54:24+00:00
angular/angular-cli,34e66ff4d2f42732edbcee783a09205ee541addd,refactor,2021-07-02T19:44:39+00:00
angular/angular-cli,a5c69722ffeceb72dcd46901c2bb983e5dc8bf32,fix,2021-07-06T15:38:12+00:00
angular/angular-cli,492c879cd4da62a83b78b551fa0a419b8798c049,refactor,2021-07-07T13:24:25+00:00
angular/angular-cli,c65b049996a8de9d9fcc66631872424cbe5f13f9,fix,2021-07-09T16:02:32+00:00
angular/angular-cli,ceade0c27e4b8b0e731e6ca5128fd86cf071d029,fix,2021-07-19T05:06:51+00:00
angular/angular-cli,3772836c1da4d857e907a500b596ba539d42d3b3,refactor,2021-07-21T21:51:24+00:00
angular/angular-cli,4bcd1dc9ee744343a465d73d51d4a062964a3714,fix,2021-07-21T21:54:57+00:00
angular/angular-cli,320d7526987b51919f9cc6b42f75bed38f8243ba,docs,2021-07-21T23:00:40+00:00
angular/angular-cli,9b364c5eda4c589e077f497daf09b0ff90edc917,docs,2021-07-28T21:06:53+00:00
angular/angular-cli,0346d6953ef145556069587c12cd298adfc166bd,refactor,2021-07-30T11:43:18+00:00
angular/angular-cli,38b01b9625e9b907eb9e2ee17755524fb642b5b4,docs,2021-07-30T11:44:43+00:00
angular/angular-cli,bd9e3905b50d9cd6ea6f086bca1ac07f3b7c2816,refactor,2021-07-30T11:44:55+00:00
angular/angular-cli,268a03b63094d9c680401bc0977edafb22826ce3,feat,2021-08-03T14:07:04+00:00
angular/angular-cli,5fad99a247e442baa053060440282620706dce6d,docs,2021-08-04T23:12:21+00:00
angular/angular-cli,734d61df3f57ef9d3e544e1a270b7a8c7ce3aff9,refactor,2021-08-05T04:48:55+00:00
angular/angular-cli,f0987ee088727f8d176f929c009ebb662add5821,refactor,2021-08-05T04:48:55+00:00
angular/angular-cli,8758e4415d7ef6301c4441db0014e24f1cc8d146,fix,2021-08-05T14:26:06+00:00
angular/angular-cli,7dcfffafff6f3d29bbe679a90cdf77b1292fec0b,feat,2021-08-05T20:02:10+00:00
angular/angular-cli,c0f1b5ea5200e6ecc05fb40f875fd7ba45803809,fix,2021-08-06T05:23:18+00:00
angular/angular-cli,2aa6f579d7b5af13eeb5bbf35f78d5411738b98a,fix,2021-08-06T13:46:50+00:00
angular/angular-cli,cdfaeee089f3458b1924eb516a2b4275e662b079,fix,2021-08-06T17:38:11+00:00
angular/angular-cli,7b189789d84ef5cf8adb29153b0bb951286898fc,refactor,2021-08-10T19:40:57+00:00
angular/angular-cli,961218aae741847e74f2b2de71fdf5c29ffd593e,refactor,2021-08-23T10:05:53+00:00
angular/angular-cli,0ba837b2e436e7b989bfad1ad2b00561e4329c1a,refactor,2021-08-25T10:40:51+00:00
angular/angular-cli,c7e39233b45131aa5b27231c69af7b15283d8499,refactor,2021-08-25T10:40:51+00:00
angular/angular-cli,6dbced74818ab6e4006f682bec1af4c3df38d80d,docs,2021-08-26T18:17:40+00:00
angular/angular-cli,32dbf659acb632fac1d76d99d8191ea9c5e6350b,feat,2021-08-27T13:40:10+00:00
angular/angular-cli,732ef798523f74994ed3d482a65b191058674d19,fix,2021-08-27T13:57:57+00:00
angular/angular-cli,8ce8e4edc5ca2984d6a36fe4c7d308fa7f089102,refactor,2021-08-27T14:56:34+00:00
angular/angular-cli,df8f909d80ca787e24cb040f9ee2517bf050c20b,fix,2021-09-14T08:00:24+00:00
angular/angular-cli,590c15664282e6d80bb655191272ab2be1f2e399,fix,2021-09-14T08:03:28+00:00
angular/angular-cli,f3c8eb94042b7bdc6eab202f6609e5a01698f987,docs,2021-09-23T02:41:22+00:00
angular/angular-cli,fb1ad7c5b3fa3df85f1d3dff3850e1ad0003ef9d,feat,2021-09-24T12:20:40+00:00
angular/angular-cli,31ec09c111518aa3fe3877becac722c3854169dd,refactor,2021-09-24T19:38:33+00:00
angular/angular-cli,505438cc4146b1950038531ce30e1f62f7c41d00,feat,2021-09-28T13:35:19+00:00
angular/angular-cli,884111ac0b8a73dca06d844b2ed795a3e3ed3289,fix,2021-09-29T13:22:11+00:00
angular/angular-cli,ba9c60360f2cb217f606d2ef5fcb5237dfe9cc8d,refactor,2021-10-01T19:07:58+00:00
angular/angular-cli,ccb5f3f6bbd22a083c8408c652058154a9a47125,docs,2021-10-01T19:08:25+00:00
angular/angular-cli,e1b954d707f90622d8a75fc45840cefeb224c286,fix,2021-10-05T09:44:24+00:00
angular/angular-cli,a54e5e06551c828eb5cf08695674e04fd8a78bf3,fix,2021-10-06T11:11:09+00:00
angular/angular-cli,bf0709b14c1f0d47af77a64e586a5d4564b75766,feat,2021-10-06T19:34:11+00:00
angular/angular-cli,94c00afbf31704772a05a47a26036265d1335b40,fix,2021-10-07T16:50:54+00:00
angular/angular-cli,6cb033e1c726c331332dbfed1facecf960c8d296,fix,2021-10-08T12:40:54+00:00
angular/angular-cli,0aef8092a8055ccfac5f88136e9e7bb8287b1fee,docs,2021-10-13T22:38:24+00:00
angular/angular-cli,f9135d6f36c0c1445bbf6fc1bd883585dcab2655,docs,2021-10-14T00:59:17+00:00
angular/angular-cli,ebf2d6253576c556e79b4135fe642552edd415d8,fix,2021-10-18T15:24:16+00:00
angular/angular-cli,da1733cc69eeac1417e47df23389da1658850ada,fix,2021-10-19T13:33:14+00:00
angular/angular-cli,1aef32c05b414a06d350880a397f246a8763e6d5,fix,2021-10-19T14:07:48+00:00
angular/angular-cli,1c5c12d01eea95da3b09c0f92334a63103e05d76,docs,2021-10-21T00:57:56+00:00
angular/angular-cli,b45f9a0a37d09a2e7a86adf72105c56b7f3ef45c,refactor,2021-10-26T09:45:18+00:00
angular/angular-cli,084eff696574eeebccd7dbad27af14abc3728847,fix,2021-10-27T09:43:37+00:00
angular/angular-cli,18d3b21c2e76ac8374969cffb764c1b355d96345,docs,2021-11-02T19:15:45+00:00
angular/angular-cli,5402f99f8ad20e0a57456a416a992415fc6332bd,fix,2021-11-03T07:23:34+00:00
angular/angular-cli,f5959364fcf43fc0aeea12b98b5a42a95eb8d5bd,docs,2021-11-04T00:54:53+00:00
angular/angular-cli,47fd128a06e7c6305b5f15f6fcc8098ae97e77e5,fix,2021-11-04T16:14:03+00:00
angular/angular-cli,950b430c01d0f567180fc481cbb849389dc28ef2,fix,2021-11-08T15:25:51+00:00
angular/angular-cli,5990ed91cd90535b5ff160416d5b2886b0f1d78f,fix,2021-11-09T16:08:03+00:00
angular/angular-cli,21809e14cd5c666c82fdaebc9e601341dfb76d0a,feat,2021-11-16T10:51:10+00:00
angular/angular-cli,bc856376039287cf5fb6135ca5da65a9000f5664,feat,2021-11-17T23:02:56+00:00
angular/angular-cli,37a723945879a2c8884ec73276681ee49a6e36a8,fix,2021-11-18T19:26:39+00:00
angular/angular-cli,b9cd68f691e529708859a0bedb3db0a563943a72,fix,2021-11-24T16:12:11+00:00
angular/angular-cli,52c6c3df33929d79c233282f6851e2be2f04c343,fix,2021-12-01T21:48:58+00:00
angular/angular-cli,10d4ede2de42dfc302dcb4c5790274290170568d,fix,2021-12-02T16:42:16+00:00
angular/angular-cli,f95cc8281a64bd9ac19e0fa5d92cb0a6ee8c32ec,feat,2021-12-02T17:45:04+00:00
angular/angular-cli,0b6071af3a51e7d3f38a661bd4e0a3c3e81aff2f,fix,2021-12-02T17:55:00+00:00
angular/angular-cli,033c4415efd6bb4a073018da446643c1abbe3a40,docs,2021-12-03T16:10:37+00:00
angular/angular-cli,5943722f4207a9d28612093b18e18bb040fed51d,docs,2021-12-09T22:31:50+00:00
angular/angular-cli,f1d2873ca7ee337748366d04878514c2c27a72a2,fix,2021-12-15T19:34:40+00:00
angular/angular-cli,471930007cb9cd26264eab483fdfd1f5b4db6641,fix,2021-12-15T19:35:25+00:00
angular/angular-cli,a731a8f4d1f9fe310e724e1431b93e70c90bb12b,docs,2021-12-16T00:51:43+00:00
angular/angular-cli,17c78a53bac9027026d224352a56b16c7a918456,docs,2022-01-10T18:29:15+00:00
angular/angular-cli,a5e375ca93a93dd887d7fde34686ec9019619981,fix,2022-01-11T00:13:06+00:00
angular/angular-cli,11f817adae4f06d8b80a9d74534468f6e3c2d2c5,fix,2022-01-11T00:13:39+00:00
angular/angular-cli,787ebce5d7b977a5bb269a81cd3e162874d8f486,docs,2022-01-12T17:53:37+00:00
angular/angular-cli,08152f78b294aff58a1f4063020c8bb28414c79a,refactor,2022-01-12T18:04:47+00:00
angular/angular-cli,2fd4df3bfef17634b8225ee7fd1df7addccde9b4,docs,2022-01-12T22:14:18+00:00
angular/angular-cli,a0784bd8cb64bd719ed499f97603522fbc9db02d,fix,2022-01-16T19:39:00+00:00
angular/angular-cli,a35262e6a50cf3e07ee8a1711391612d74a650bf,refactor,2022-01-16T19:41:13+00:00
angular/angular-cli,5def2de1bff2c624f636d8729b39ed8ad0e33ca2,fix,2022-01-24T19:33:21+00:00
angular/angular-cli,cb73c0b4aefbd0e82cae51dfd3f1e2d666366a66,fix,2022-01-24T19:33:21+00:00
angular/angular-cli,8278b56c9f2c149b56407ca36e56021fc3cdeaa6,docs,2022-01-26T21:44:47+00:00
angular/angular-cli,7e7de6858dd71bd461ceb0f89e29e2c57099bbcc,feat,2022-01-27T19:07:13+00:00
angular/angular-cli,d23a168b8d558ae9d73c8c9eed4ff199fc4d74b9,feat,2022-01-31T19:30:10+00:00
angular/angular-cli,40fb1a1e00bccc4335b8c72682a4b1e10fc824ad,docs,2022-01-31T19:36:53+00:00
angular/angular-cli,73746faee98cf99cc9b053c6f7d142050b4f0ee6,refactor,2022-02-07T10:53:18+00:00
angular/angular-cli,7c92becb19bb5434448893b9ebb8ff1293e9eaec,refactor,2022-02-07T10:54:14+00:00
angular/angular-cli,966dd01eab02cc10eee750c8638b5cf4b58afffe,fix,2022-02-07T10:54:52+00:00
angular/angular-cli,f6984d531e11ee0790ff9bbdced052afa860e607,refactor,2022-02-11T15:42:25+00:00
angular/angular-cli,de14293083826ee4a1b69b94d06a57603d3d76f9,fix,2022-02-22T21:30:59+00:00
angular/angular-cli,ed67d9a3628a2b038a486b47241bb6c9493b5f39,refactor,2022-02-25T12:46:35+00:00
angular/angular-cli,b6de2d28dbd092f1162c75c72333998dbefd835d,refactor,2022-03-02T18:28:37+00:00
angular/angular-cli,433b6b49313478418a5a01e73cd55298835ff030,docs,2022-03-04T15:58:55+00:00
angular/angular-cli,ef753628a648f4b15ce11531e879b9bab73b7385,refactor,2022-03-04T16:18:54+00:00
angular/angular-cli,2e0493130acfe7244f7ee3ef28c961b1b04d7722,refactor,2022-03-09T16:18:53+00:00
angular/angular-cli,33ec5e7a0444f7f61a79c342137ae9700bdd3eb2,refactor,2022-03-09T16:18:53+00:00
angular/angular-cli,a6d78a961a3287f319983500ac223fcd2c6633b6,refactor,2022-03-09T20:59:26+00:00
angular/angular-cli,9edeb86146131878c5e8b21b6adaa24a26f12453,fix,2022-03-10T20:35:52+00:00
angular/angular-cli,7ab22ed40d521e3cec29ab2d66d0289c3cdb4106,feat,2022-03-15T20:31:07+00:00
angular/angular-cli,e636a92bc7b9ea024e49d2bb8380fa9b634a4284,docs,2022-03-16T19:59:55+00:00
angular/angular-cli,8e66c9188be827380e5acda93c7e21fae718b9ce,fix,2022-03-18T18:44:12+00:00
angular/angular-cli,e49220fba0d158be0971989e26eb199ec02fa113,feat,2022-03-21T19:28:15+00:00
angular/angular-cli,0c344259dcdc10a35840151bfe3ae1b27f9b53ff,fix,2022-03-23T19:58:17+00:00
angular/angular-cli,861ec0f7d097a1bf114c7132ffd693a21b693396,refactor,2022-03-23T19:58:35+00:00
angular/angular-cli,797c652eb5168d4f34015e206413304be597c10b,refactor,2022-03-24T17:00:31+00:00
angular/angular-cli,1bbabb24ca86cb464fca49fd6930eec34f7615a3,refactor,2022-03-30T15:33:37+00:00
angular/angular-cli,592264938005dbef55bd0c59ad155f5bfe254f5f,refactor,2022-03-30T18:45:35+00:00
angular/angular-cli,3d77846dd7e07d2f5a1a2a84c8ed359ab675a603,refactor,2022-04-01T16:16:34+00:00
angular/angular-cli,f74a79f7c84ab1b86bcdb527066cec07aaabc27c,refactor,2022-04-14T15:13:52+00:00
angular/angular-cli,ccd7e71a47d8ac80e806423773b1372630c3bd6b,refactor,2022-04-22T15:31:53+00:00
angular/angular-cli,0e6425fd88ea32679516251efdca6ff07cc4b56a,feat,2022-04-29T23:37:56+00:00
angular/angular-cli,df9fc8f5abad13d53c841e7af77110e4b57de10c,refactor,2022-05-03T19:18:54+00:00
angular/angular-cli,4212fb8de2f4f3e80831a0803acc5fc6e54db1e1,feat,2022-05-03T21:38:49+00:00
angular/angular-cli,fb06228932299870774a7b254f022573f5d8175f,feat,2022-05-03T21:38:49+00:00
angular/angular-cli,13fce451d8c24365d5b62c52178ceb96c70e7535,refactor,2022-05-04T17:13:18+00:00
angular/angular-cli,1b2b8d96e55de0920dfe3e7921ee29cfdf22ce3e,refactor,2022-05-06T18:00:55+00:00
angular/angular-cli,f00da00e86560ada2fe0c7151013b434c6ed68db,fix,2022-05-17T21:00:20+00:00
angular/angular-cli,f99c08ce007b001d03a977e80905bf4f9decc17d,fix,2022-05-18T16:46:05+00:00
angular/angular-cli,f6b52e47a3df04e888a76f86d796390f05f3819a,docs,2022-05-18T17:22:59+00:00
angular/angular-cli,6cbb9413d00db70946421fb44dde218d3e9631dc,fix,2022-05-20T18:40:36+00:00
angular/angular-cli,b485e48ef890c1b102cb3b6948beea84721c392e,docs,2022-05-25T18:10:29+00:00
angular/angular-cli,c3821caf9858c3a26a5caf421bd6749db0fd6798,refactor,2022-05-25T18:24:18+00:00
angular/angular-cli,5b4d6311e4a5f3e6654c04ae15ebe73bb6227a80,docs,2022-05-25T20:56:19+00:00
angular/angular-cli,d79176e4569f56e8c1f3f845b3da77c3663b1181,fix,2022-05-26T18:37:33+00:00
angular/angular-cli,5378557389797b270d9c0e89731a39deee38b349,fix,2022-05-27T18:08:11+00:00
angular/angular-cli,9ff2c55e85a6b2cf185c6c2b9cf29b265dc19a77,fix,2022-05-27T18:08:11+00:00
angular/angular-cli,901f5dd7fcb1c7408d084224ec4f017b4bced5c3,fix,2022-05-27T18:08:29+00:00
angular/angular-cli,ee2e75610b37354ed7bfcce95f5bc18713b2fa41,fix,2022-05-27T18:08:47+00:00
angular/angular-cli,33c83310616fcb70b137ed7d5c58800be297de4b,docs,2022-06-02T21:32:22+00:00
angular/angular-cli,1846315b2e87a9879e5105ce9b7ae1fcaf16dd42,fix,2022-06-03T18:51:50+00:00
angular/angular-cli,13234214a482f8236613aba53c4e7cba59a37398,docs,2022-06-08T13:11:55+00:00
angular/angular-cli,79ea0f3ae36605aaf3658764fd0bb8e8ba73055a,fix,2022-06-08T14:03:50+00:00
angular/angular-cli,f6e8ce2af19aea3ee3df57b2d539dece1635d8a0,fix,2022-06-08T14:03:50+00:00
angular/angular-cli,f1dbdb95e035ed22e7bba0cf9e5355f56580c6e9,fix,2022-06-08T19:31:22+00:00
angular/angular-cli,e41dc3e5feb461b50693586f277aae925b67e453,refactor,2022-06-10T13:26:44+00:00
angular/angular-cli,1b9880c5cb188551b445a2579208227e069330b3,refactor,2022-06-14T09:28:21+00:00
angular/angular-cli,263626280ff3e75db66d16ff5fc9781805fc45ca,refactor,2022-06-14T09:28:21+00:00
angular/angular-cli,3c4ca3fa7f09aee06ead92c7a61ebcfa0671e71d,refactor,2022-06-14T09:28:21+00:00
angular/angular-cli,d0ca9263b580cdc1ebb3c7678d014478e0e25940,docs,2022-06-15T10:58:23+00:00
angular/angular-cli,a7709b718c953d83f3bde00fa3bf896501359946,feat,2022-06-21T19:21:53+00:00
angular/angular-cli,1fc7d4f56b00f6aa6f2ebb4db7675e84c94062a2,fix,2022-06-23T16:56:59+00:00
angular/angular-cli,4fcfc37cb957513cb61d01946959669559e93393,fix,2022-06-27T13:08:30+00:00
angular/angular-cli,b40aeed4414afcb1c90c7f0c609aa78f13790f03,fix,2022-06-27T13:08:54+00:00
angular/angular-cli,34ecf669ddb05da84f200d6972dbc8439007e1aa,fix,2022-06-28T13:11:22+00:00
angular/angular-cli,38c728ad2fb3e61c561e44f1f61a012ae0a67819,docs,2022-06-29T19:14:01+00:00
angular/angular-cli,d2bbcd7b6803fcc9da27f804f12f194110d26eb2,fix,2022-07-06T14:33:21+00:00
angular/angular-cli,9e3152466b9b3cdb00450f63399e7b8043250fe7,fix,2022-07-06T14:33:40+00:00
angular/angular-cli,53dd929e59f98a7088d150e861d18e97e6de4114,fix,2022-07-12T17:20:12+00:00
angular/angular-cli,b43e0d0327239f6916f404350b198ab3e0fd3f21,docs,2022-07-14T22:05:50+00:00
angular/angular-cli,3ec69320f0da396a5666c24279aa6050d10cb81d,fix,2022-07-14T22:15:07+00:00
angular/angular-cli,9defbdf5343d522ac8cb5d3bf1edfa9b43cc6807,fix,2022-07-14T22:15:29+00:00
angular/angular-cli,f372e91561dd44c0c8d16f943a5013c2634f98a8,docs,2022-07-20T20:23:27+00:00
angular/angular-cli,e63375ea397338b71569d2c849a19e2dec18b273,fix,2022-07-21T23:18:48+00:00
angular/angular-cli,596037010a8113809657cebc9385d040922e6d86,fix,2022-07-28T07:42:56+00:00
angular/angular-cli,44f918612a43566c7e761cdcbc7fc87f8cc172f9,fix,2022-07-28T07:46:53+00:00
angular/angular-cli,70bc35456aa5b58ce1a0e2440ebb6533c7f5e48b,fix,2022-08-04T18:25:25+00:00
angular/angular-cli,7de9b470cb54d974027a8baf88b611585fc526c7,fix,2022-08-10T13:55:19+00:00
angular/angular-cli,7a9d9c2460a834b1f2abce3b4126c8bca4833e88,docs,2022-08-17T10:39:10+00:00
angular/angular-cli,d50d09f98da9561bf3faf2df3e843de01b6f2f2b,fix,2022-08-29T12:17:47+00:00
angular/angular-cli,7e64b1537d54fadb650559214fbb12707324cd75,fix,2022-09-01T14:24:33+00:00
angular/angular-cli,57d93fb7d979e68c2a4e6f6046ff633f69098afe,fix,2022-09-02T16:24:51+00:00
angular/angular-cli,f86b384df49bebf337a4e7624514a2bfa008e92d,fix,2022-09-02T16:25:20+00:00
angular/angular-cli,3b1f109a33984d532ced1a8867c8c65588c5aaba,fix,2022-09-06T16:40:44+00:00
angular/angular-cli,0f4fc969d46b61c5ae31e29b53ff144a6a0e0083,docs,2022-09-08T07:38:07+00:00
angular/angular-cli,7f1017e60f82389568065478d666ae4be6ebfea2,refactor,2022-09-08T16:59:26+00:00
angular/angular-cli,71ff22cc0c93e100d9d5ff489bb16f4e46c50f17,refactor,2022-09-14T17:43:41+00:00
angular/angular-cli,5cb815c04aa5ad3836e0f3523d9cee8bf31a3738,docs,2022-09-15T19:13:57+00:00
angular/angular-cli,1c527a9da5b55a8421ebca787fd322e879f6d29d,feat,2022-09-16T18:35:57+00:00
angular/angular-cli,1c21e470c76d69d08e5096b46b952dbce330f7ef,feat,2022-09-16T18:37:56+00:00
angular/angular-cli,326e9234c4a0c9b9a99398e7db75f608ce112cb2,refactor,2022-09-20T14:19:45+00:00
angular/angular-cli,766d4a0895e7895211e93bc73ff131c6e47613a7,feat,2022-09-26T15:39:55+00:00
angular/angular-cli,c2ac8c07904dbd59f414839655058539a170814a,docs,2022-09-28T11:29:45+00:00
angular/angular-cli,b6897dbb0a1ef287644e117251c1c76cc8afcae0,feat,2022-09-28T15:37:53+00:00
angular/angular-cli,c76f9a337f64ee9cbd5a7c547a16049b13387fc5,docs,2022-09-30T06:56:15+00:00
angular/angular-cli,b6df9c1367ae5795a3895628ec9822d432b315bb,fix,2022-09-30T06:56:54+00:00
angular/angular-cli,e02d718170c1169f12f11c8a361d2a68625d5a1f,refactor,2022-10-04T13:15:52+00:00
angular/angular-cli,fc1164b5fd0bde5cdcab568cd77c0841be8de777,refactor,2022-10-04T13:15:52+00:00
angular/angular-cli,0e399485fbd7a0e75126fc16617a3ec9ad740018,docs,2022-10-05T23:38:58+00:00
angular/angular-cli,320241010eeb189de820f9abb3959b34f63a300d,fix,2022-10-06T20:21:27+00:00
angular/angular-cli,43bd0abc147cf3177e707624bf6163b3dc9e06f8,feat,2022-10-07T14:37:21+00:00
angular/angular-cli,b06421d15e4b5e6daffcb73ee1c2c8703b72cb47,feat,2022-10-07T15:09:43+00:00
angular/angular-cli,4827d1b23e564e4e4a8684c5e8ff035d8fa855a2,feat,2022-10-07T15:34:43+00:00
angular/angular-cli,4fa5b526e53fb9b142295ef361c3709151aa17da,fix,2022-10-07T15:44:40+00:00
angular/angular-cli,5228c23763dc08459e4a44f0e3a85d71b5b1e102,refactor,2022-10-11T16:52:30+00:00
angular/angular-cli,e66283168a71abf6b641b81e2d1e6e0ce086e640,docs,2022-10-12T14:46:18+00:00
angular/angular-cli,ce3f1bd6b9bd4f584fba9abe9bd7d6bb81670bda,docs,2022-10-14T14:11:14+00:00
angular/angular-cli,850827216c6759430a0d83415c8b11abbfde9b0f,docs,2022-10-20T09:41:36+00:00
angular/angular-cli,2b27679d9c85d3ffceb923189c4150df5f734c7a,refactor,2022-10-24T12:00:16+00:00
angular/angular-cli,82cb04927f45d1eb078dc0b5bfb6c8a8d0f727ae,docs,2022-10-24T22:11:40+00:00
angular/angular-cli,1e4dbfdf4afb03a215db620fb0e0db6f86cdac63,fix,2022-10-24T22:12:05+00:00
angular/angular-cli,c3a38713124051b1f71850057f6a0195c3e57bda,refactor,2022-10-25T17:52:01+00:00
angular/angular-cli,3ea658818ddb1c13f81a1b1f6f0377b4f3b28ba9,fix,2022-10-26T15:57:33+00:00
angular/angular-cli,e21ee326e018e8292bc2e3f8b51645c3622c6fbf,fix,2022-10-26T15:57:48+00:00
angular/angular-cli,7c2b846199324426c17c41f31d0989f464221403,fix,2022-10-31T17:10:06+00:00
angular/angular-cli,aaad35b0ac4b82a07c8b351e3be5d1d77326f31d,fix,2022-11-07T13:13:40+00:00
angular/angular-cli,c83aaedb2975c8ff26375af1842b823a409c5868,fix,2022-11-08T18:09:38+00:00
angular/angular-cli,8b8d653f18a9394581afb3e5ccb445d822be0daf,docs,2022-11-09T10:37:13+00:00
angular/angular-cli,e8237a75ef8ed05921183e1fcc016271124ea26d,docs,2022-11-09T10:51:02+00:00
angular/angular-cli,678b0d2c05979439fcaa038cbe2204011d1408b1,fix,2022-11-11T15:40:19+00:00
angular/angular-cli,4e42261609b0a77712695dcafe1eb53f0018fb6d,refactor,2022-11-14T17:28:55+00:00
angular/angular-cli,b2ab3fc85c41431a6551313ce945797eda4dfd6b,docs,2022-11-15T16:55:42+00:00
angular/angular-cli,d7927172f47213a2b3e0e89e0cf611198336f98c,docs,2022-11-16T21:33:05+00:00
angular/angular-cli,0795453e4bd9c3a5fe119a53ef10a986da551ce1,docs,2022-11-17T20:19:32+00:00
angular/angular-cli,c29df695467c41feccd3846a55c91c6784af87b2,feat,2022-11-18T19:03:15+00:00
angular/angular-cli,84dc05d28abdecf9312d91931d155139f1e8ff1f,fix,2022-11-23T13:34:37+00:00
angular/angular-cli,6e9008c37ac6b874586a47474ea1e782a53a291b,fix,2022-11-23T13:42:56+00:00
angular/angular-cli,9b6d190f4a082c166d253b0f00162e0286238e45,fix,2022-11-28T13:38:08+00:00
angular/angular-cli,c333c4dcb3d0215b6f38560ba94f06406b00e2c9,docs,2022-11-30T14:03:23+00:00
angular/angular-cli,5b18ce1545d047d49851a64e81a1f8ef59624ef7,feat,2022-12-05T19:07:46+00:00
angular/angular-cli,839d0cb57ad42896578c235354ffb918ea8bb146,feat,2023-01-03T14:50:09+00:00
angular/angular-cli,dd2b65943d706833f449f76cf8c7278d0a5399ad,feat,2023-01-03T14:53:44+00:00
angular/angular-cli,759344d2e9ce26d5bfea3411ffe919b69e6fd2e9,refactor,2023-01-09T14:40:33+00:00
angular/angular-cli,bbc1a4f0dc93437fe97a53a35f68d978cc50bb9e,feat,2023-01-13T12:48:08+00:00
angular/angular-cli,f6f5d79199613b9f9fa82680cdafd4a622ff4be0,fix,2023-01-19T22:13:34+00:00
angular/angular-cli,97907addfce1e630e71c186e836ab6a0ceec548b,fix,2023-01-20T18:37:22+00:00
angular/angular-cli,f35e9908c08fe1d1bda82124c3ec2b6fe4242125,fix,2023-01-26T14:37:38+00:00
angular/angular-cli,3512a03621c7ed99324e82771e239e77c907367e,fix,2023-01-27T21:43:37+00:00
angular/angular-cli,df7c7f430c5f4ec2b9b4d2f316ed9b4a8e2a5772,fix,2023-02-02T08:23:00+00:00
angular/angular-cli,88fddc05039ee92d60267cf565b19ae1b56ad633,fix,2023-02-07T01:00:50+00:00
angular/angular-cli,bfc0facedda1150177b84fbc82f195678ce00b1e,fix,2023-02-07T19:29:43+00:00
angular/angular-cli,d3f255087ffaa474d37c45fb2db8611f6b437408,fix,2023-02-10T20:18:17+00:00
angular/angular-cli,522463c42ba873a32e85d47d692951537ab10716,fix,2023-02-14T15:20:59+00:00
angular/angular-cli,9aff04415565612456c7f9fd7046f63dec14f3c8,docs,2023-02-15T18:57:14+00:00
angular/angular-cli,c29c8e18d84096e2f72af12643c31bde51010548,refactor,2023-02-16T14:08:24+00:00
angular/angular-cli,22fdd7da97c832048410ca89622712d097490c5d,feat,2023-02-16T19:42:39+00:00
angular/angular-cli,ada4d694c353127e6f34fec041e4ccae9be90276,refactor,2023-02-17T16:10:21+00:00
angular/angular-cli,0ad81cdbc72e80ca75d9d5cc2bc0c6163267a0bb,refactor,2023-02-21T16:56:43+00:00
angular/angular-cli,a99018cd7bb66ee53026e06deae6a14455023910,refactor,2023-02-24T19:22:59+00:00
angular/angular-cli,d15d44d3a4fcc7727fb87a005fa383b58cefae91,fix,2023-03-07T14:55:20+00:00
angular/angular-cli,3978891a46e680412d50d670f06c94aa0921f294,fix,2023-03-07T15:35:05+00:00
angular/angular-cli,4d82e0d1043df7da56e9ffb4d91fe90dbff29077,fix,2023-03-10T14:41:23+00:00
angular/angular-cli,b228870ccd35be7ddfbf00bdff1da9adca008809,docs,2023-03-15T09:22:17+00:00
angular/angular-cli,a832c202828a1caa425e1a0c5ff8d2ebb77c4667,feat,2023-03-21T17:21:40+00:00
angular/angular-cli,ba4414b2cfb7a040393f314d87ab823bcad75f26,fix,2023-03-24T18:28:46+00:00
angular/angular-cli,955b493b13e0a8956706c486d31d9e4338bf41c5,fix,2023-03-28T14:45:40+00:00
angular/angular-cli,cdfa7ca88c2e79564192d4b7fdafb53d97f2607d,fix,2023-03-30T15:51:28+00:00
angular/angular-cli,bff634fe0938ecb4a316064ba3f1b9c2c1f208fe,fix,2023-04-03T09:05:26+00:00
angular/angular-cli,8c550302cc046e649f1245007e0e26550a61f931,feat,2023-04-04T08:22:36+00:00
angular/angular-cli,584b51907c3b3f60db5478994fff3f800b70c3f2,feat,2023-04-04T09:59:59+00:00
angular/angular-cli,f98c9de80952593e0294538d96bdac7136629f77,fix,2023-04-05T12:45:46+00:00
angular/angular-cli,de6d30102978eebda7edbdda43ca50f18c4c8aaf,fix,2023-04-06T05:08:26+00:00
angular/angular-cli,2b937db66a886c4dc8597045ae98da3033672fb2,fix,2023-04-11T16:47:26+00:00
angular/angular-cli,8e57db65186765ba61e848d727814d6004ddaf3c,fix,2023-04-11T16:47:47+00:00
angular/angular-cli,f99e106e320e1ddae135534daabb0806bed18d78,refactor,2023-04-11T16:48:22+00:00
angular/angular-cli,b0f6df282699b6f26b8374da0c4b0d7cf3ac626d,refactor,2023-04-11T18:05:55+00:00
angular/angular-cli,c736df7acbd969d82259b69859482c288bae98e0,docs,2023-04-12T19:49:43+00:00
angular/angular-cli,3b691cecb387c09ed959eb019d0f03d656acd505,docs,2023-04-12T21:16:57+00:00
angular/angular-cli,8cf1254307600f49f31e30562b4ca128cffbf51a,refactor,2023-04-14T21:53:30+00:00
angular/angular-cli,d5fed32096b59e6eb534157a1672e12a921c6d27,refactor,2023-04-18T10:56:36+00:00
angular/angular-cli,758b0695f33d00f2887d3f6409bfad846d86218b,fix,2023-04-18T16:28:00+00:00
angular/angular-cli,c0a0f727f881e98f86bf0b1784ee809a27cec42f,fix,2023-04-18T20:22:20+00:00
angular/angular-cli,1f34e449ebb1394fd34129e7b2ca4e3d3debfbb1,refactor,2023-04-19T13:59:31+00:00
angular/angular-cli,71e87fc332175c0fe4abb8105bb0747db40c9238,refactor,2023-04-24T22:43:32+00:00
angular/angular-cli,a416b4eff5710a722056be6c567dd0712c43744d,fix,2023-04-26T15:58:53+00:00
angular/angular-cli,97c0cf86f5ded980c7a2aa9de37c1ec7da2486ae,refactor,2023-04-26T22:41:47+00:00
angular/angular-cli,b70899ab2d1703fd033aec0e790d1e6555a420d2,docs,2023-05-03T19:21:05+00:00
angular/angular-cli,2a2817db740aea01a9edd85d9e7337b9706000fb,fix,2023-05-04T20:26:40+00:00
angular/angular-cli,9d8f6289faefa7241212f9412e70717609ef47ad,docs,2023-05-08T19:32:56+00:00
angular/angular-cli,1333a4e8c0697547d9b6853f5a8a106f94cb4a24,refactor,2023-05-10T11:20:43+00:00
angular/angular-cli,d8930facc075e39d82b3c6cb252c9a8b5fa6a476,feat,2023-05-12T15:33:51+00:00
angular/angular-cli,a9c6b449f6271ef3916a21a485f62135a2a7cd19,fix,2023-05-15T12:49:28+00:00
angular/angular-cli,3b8b5c4a4967d1c120603ad7a47b3adf1af94a3a,docs,2023-05-17T12:30:10+00:00
angular/angular-cli,26702beada1d83dd5990c351639a180607b315c6,docs,2023-05-25T20:10:38+00:00
angular/angular-cli,3d1c09b235bf1db0d031c36fdc68ab99359b34b1,feat,2023-06-01T13:36:17+00:00
angular/angular-cli,7155cbe5b2991f986c0683d16a6fc4d9b411e47b,fix,2023-06-06T13:48:16+00:00
angular/angular-cli,76a12277f76c1c52de05401506b35687fb075baa,refactor,2023-06-09T11:39:32+00:00
angular/angular-cli,466d86dc8d3398695055f9eced7402804848a381,refactor,2023-06-09T14:02:14+00:00
angular/angular-cli,6bebc457769846ecbc0fc84a630969c64715948a,refactor,2023-06-09T14:58:23+00:00
angular/angular-cli,e3556b329829cb86f235f485db071d88ef5638fe,docs,2023-06-14T09:23:13+00:00
angular/angular-cli,3d271132aeb9bfb3a6e57d0393c4cb4f83a07e39,fix,2023-06-16T14:12:41+00:00
angular/angular-cli,be0fe9f3ce6cf9b4a4ee5a16227a5bdd9093b1c5,docs,2023-06-16T14:13:24+00:00
angular/angular-cli,9d9a66845386a6489a3e668968f20ac2973ba2f5,fix,2023-06-20T16:16:17+00:00
angular/angular-cli,e827c6923453d7127bd749d4b642f1f34ab62448,fix,2023-06-22T14:42:32+00:00
angular/angular-cli,a6c06c4d7cd7f4c6153452ffebaa280f0b6f0624,fix,2023-06-23T12:21:35+00:00
angular/angular-cli,258034afd7d2f865da734341769efe00394d6913,docs,2023-06-28T12:34:09+00:00
angular/angular-cli,bdcbd40633c24a2c76944d8bfd37794db3c7ee54,refactor,2023-07-05T17:25:24+00:00
angular/angular-cli,099cec758ad671c7fd0ca2058a271e4fe181a44d,feat,2023-07-11T12:05:55+00:00
angular/angular-cli,0405c463da4225d108cc44425a7c8e57f6745e7c,docs,2023-07-20T18:03:28+00:00
angular/angular-cli,6dbf481975a24e26e3d25b7edfb606e123d7d996,docs,2023-07-26T19:55:17+00:00
angular/angular-cli,bcdd0a73c4e43dd3750ea866f8c71dadd188865e,docs,2023-07-29T00:16:23+00:00
angular/angular-cli,b94958d419c18876c96af4d06cb0ff6b83700bd6,docs,2023-08-03T18:11:43+00:00
angular/angular-cli,9506d4bafae665efd0a831be0d5790787f518b1a,docs,2023-08-03T18:13:50+00:00
angular/angular-cli,970a66cf9d2cfabcdee8a22b21f2d6fa5bba9b47,docs,2023-08-04T17:47:31+00:00
angular/angular-cli,83cfe29ea2545f916e6e5eb4646c11d85e9e3e7f,docs,2023-08-04T18:47:38+00:00
angular/angular-cli,54d2b02d26d97b579778a6b8647e03170dfc5673,refactor,2023-08-09T16:11:18+00:00
angular/angular-cli,8b74a50e7be0889171c55545b43a28119191b04a,fix,2023-08-11T18:07:33+00:00
angular/angular-cli,5bf7022c4749f1298de61ef75e36769bbb8aba12,fix,2023-08-14T08:57:54+00:00
angular/angular-cli,3c0719bde244c45d71881d35899e5ee6206c09ee,feat,2023-08-14T16:16:08+00:00
angular/angular-cli,7970c3f25e53a4c4b36d2067bab139f6c53434c5,fix,2023-08-29T07:39:30+00:00
angular/angular-cli,f9372acb1af1da9507ec95383dfacf9ed5d2402a,refactor,2023-08-30T07:08:39+00:00
angular/angular-cli,c30e3692b3b43812e95fd2e18115994c2d37cc14,refactor,2023-08-30T07:53:57+00:00
angular/angular-cli,c417f9ac621502c4d2f2ddc47aadb60bdea7901d,docs,2023-08-30T15:58:49+00:00
angular/angular-cli,f600bbc97d30a003b9d41fa5f67590d3955e6375,refactor,2023-09-01T14:03:22+00:00
angular/angular-cli,6eee74c8f5eb73b4a2f190210ae7da2629b1d724,docs,2023-09-11T07:13:04+00:00
angular/angular-cli,b4a12a9264033c18cdc2de81b05a2d1f41d549e2,refactor,2023-09-11T18:15:15+00:00
angular/angular-cli,c8909406a57c9309f78eb5394456ce8fe3fdd131,fix,2023-09-14T08:53:38+00:00
angular/angular-cli,8168ae2a892dd012707bd294ffd26d0a070c0b5d,feat,2023-09-20T13:49:56+00:00
angular/angular-cli,fc68dcaa0d3529963c534acc47cc2a96e767113e,refactor,2023-09-22T15:34:20+00:00
angular/angular-cli,8d033841d1785944f60ccd425e413865c9caf581,fix,2023-09-22T15:34:45+00:00
angular/angular-cli,a23a1acabefbec69f3d8ef25999eaec67e420084,fix,2023-09-22T17:56:18+00:00
angular/angular-cli,6a85b13b1f6a9a459977ed7e5854284296605417,refactor,2023-09-25T18:17:01+00:00
angular/angular-cli,e516a4bdb7f6bb87f556e58557e57db6f7e65845,fix,2023-09-28T15:32:15+00:00
angular/angular-cli,dcf3fddff2fa4cf3433c5d726be9f514ba41e827,feat,2023-09-28T15:32:29+00:00
angular/angular-cli,0368b23f2e5d8ca9c6191a2db956dc6850daebfc,fix,2023-09-29T13:49:53+00:00
angular/angular-cli,2e0a6fed35b0302df21250e6b04dd6663fdf306d,refactor,2023-10-02T13:30:03+00:00
angular/angular-cli,dc6b6eaf6f8af0d2b3f31cea77dc9a63ff845e3c,feat,2023-10-02T13:30:03+00:00
angular/angular-cli,03a1eaf01c009d814cb476d2db53b2d0a4d58bcd,fix,2023-10-04T13:49:36+00:00
angular/angular-cli,9c4a6be2d16fd7c46b9ba60118c87d1510b4e216,refactor,2023-10-04T13:49:50+00:00
angular/angular-cli,1347f507000df7ebc675bc11916fccb80ccdd65a,docs,2023-10-05T15:04:29+00:00
angular/angular-cli,1fb0350eb7370ef6f72acc4e20c4d0bee8bf0b29,feat,2023-10-06T18:49:38+00:00
angular/angular-cli,9e425308a0c146b685e452a106cbdf3e02bddd00,feat,2023-10-09T08:17:35+00:00
angular/angular-cli,2c33f09db0561f344a26dd4f4304a9098e0ee13f,fix,2023-10-09T17:39:56+00:00
angular/angular-cli,e5849c8995c19844cfbf8810fdb9b278dd8a596e,refactor,2023-10-11T11:10:56+00:00
angular/angular-cli,c22fa36566f0af5baf2b10e8b2ac5cf31ca93c35,docs,2023-10-11T11:40:10+00:00
angular/angular-cli,c12f98f948b1c10594f9d00f4ebf87630fe3cc47,fix,2023-10-11T17:53:39+00:00
angular/angular-cli,1830fa3b9a90e013de1e09df89ba7cc8a0393f45,refactor,2023-10-12T06:32:22+00:00
angular/angular-cli,b2678bb79278ffebae725b0172a9952e1ccee041,fix,2023-10-12T13:57:44+00:00
angular/angular-cli,3f679f165ba8ee8b5ed88713bb984044e5b8e8f0,fix,2023-10-13T05:26:46+00:00
angular/angular-cli,2dc6566ad069c88ecdca62ef3c05e488de34960d,fix,2023-10-18T14:36:04+00:00
angular/angular-cli,a5962ac62f8cdbbecb5edba1cf1ed7307de58689,refactor,2023-10-18T14:36:39+00:00
angular/angular-cli,f6b5eb3472144e280b6082af93685c019c109fa7,refactor,2023-10-23T13:17:21+00:00
angular/angular-cli,842c2045d14125685462ab387d999a09ea25566f,fix,2023-10-24T14:12:09+00:00
angular/angular-cli,26c3b82fc912777e873faf9946f00718c17eceee,refactor,2023-10-24T15:51:37+00:00
angular/angular-cli,a0f8fac4b3bf42f6f8af09e776bf85faac4ed617,refactor,2023-10-26T14:11:36+00:00
angular/angular-cli,7b1fd9cf38bd152fd7e47f7795ab1574065dd05b,refactor,2023-10-30T08:00:18+00:00
angular/angular-cli,6161e3e0310e701fb448e3b790da201890adbc2e,fix,2023-10-30T08:00:31+00:00
angular/angular-cli,44ea76af26d3d83f9981ca6814fcd1ba62187f1f,fix,2023-10-30T08:01:28+00:00
angular/angular-cli,f4aebf5f477ccd3e1f315fd8b44a1fc4a722dd62,refactor,2023-10-30T10:27:28+00:00
angular/angular-cli,187accb376d1c5d99a98288b69642c37b46cf3a0,fix,2023-10-30T16:43:05+00:00
angular/angular-cli,7a41e8f79290fbc67d99ab85fadc4d3b437f2bf8,fix,2023-10-31T10:50:03+00:00
angular/angular-cli,974acb7fe1d57bf51e2bd6125bf6c716994e6146,fix,2023-11-01T13:48:47+00:00
angular/angular-cli,4c1265a9bfec505023cc60727d67df5902af3483,fix,2023-11-02T15:03:34+00:00
angular/angular-cli,cc055f755e32246da209e02bef0c2d91c6c29633,fix,2023-11-03T12:07:36+00:00
angular/angular-cli,fac706047a3b36b3a849a31924b971b08553457b,docs,2023-11-04T10:35:21+00:00
angular/angular-cli,1f02aa9f613bceca6961b6adca5700fa95315c49,fix,2023-11-07T18:14:34+00:00
angular/angular-cli,7e72fd86fa788080b77fbaaae0803e3a8f45ea22,refactor,2023-11-07T18:14:34+00:00
angular/angular-cli,be6ef553692777eba75650392632a6cf84666688,refactor,2023-11-07T18:14:34+00:00
angular/angular-cli,3470bff732aca3a6f0d14cd806e60db1992d77e5,fix,2023-11-07T19:29:36+00:00
angular/angular-cli,b5f39c0762f9566fec90733f8d894196e5cde3ed,docs,2023-11-08T12:11:05+00:00
angular/angular-cli,47700e3c50da24c8feb406ec21c919d9a3c3167d,fix,2023-11-08T17:57:40+00:00
angular/angular-cli,286e5d32f24f137c5f03c7ce2204b1ce1a6a0c51,fix,2023-11-13T19:59:50+00:00
angular/angular-cli,447761e92e337cc0176b2593750886a423886308,fix,2023-11-15T12:54:30+00:00
angular/angular-cli,10dbdaccb0af04bd88e0ecd2dda54e7910968865,docs,2023-11-15T22:11:15+00:00
angular/angular-cli,08a6e46a847a06691db575be140de8fe1edd9713,fix,2023-11-17T16:36:45+00:00
angular/angular-cli,18231e080467c86e8aaea51384e19933d82c5228,refactor,2023-11-20T13:06:08+00:00
angular/angular-cli,1d82a7c2009bcccca68f18984cbd4fe2911bc5fe,fix,2023-11-20T14:34:14+00:00
angular/angular-cli,c0db618e8a82257b871b79680c0ded0a245d1fa0,fix,2023-11-21T15:03:37+00:00
angular/angular-cli,dde1372f5ba8217e57a7b931802352deb9a00da8,docs,2023-11-23T13:24:24+00:00
angular/angular-cli,0363da2a5f501af6a1838f12acca24f002cb3675,fix,2023-11-23T13:24:53+00:00
angular/angular-cli,1725b91e357f613f7fb7547d13d6499973ee3849,fix,2023-11-23T14:46:22+00:00
angular/angular-cli,4da732ddf686198ae598698dc4c74515d46624f0,fix,2023-11-27T12:43:38+00:00
angular/angular-cli,876ca1ec77c543d01aa7e3a37690566bf873e45a,fix,2023-11-27T17:49:55+00:00
angular/angular-cli,b513d89b77dd50891a5f02ec59d1a2bffa0d36db,feat,2023-12-01T12:38:06+00:00
angular/angular-cli,dcc60c6ce440de4555ef9b81fa8cdc7ee26f3d3b,fix,2023-12-01T15:40:45+00:00
angular/angular-cli,8e9b675133f84f65d749cb03b98c840d91c54cb3,fix,2023-12-05T15:04:46+00:00
angular/angular-cli,364a16b7a6d903cb176f7db627fec126b8aa05f9,feat,2023-12-06T16:47:28+00:00
angular/angular-cli,5b8e2d5e57d1c0b07f015eec1bd8fb889dfa8a78,fix,2023-12-08T14:57:22+00:00
angular/angular-cli,4b3a965429bfaa6559693b2a3b69565455a75866,fix,2023-12-08T15:25:23+00:00
angular/angular-cli,6a44989f54ce4ef798079196949f2ea878f5efd6,fix,2023-12-11T09:29:46+00:00
angular/angular-cli,12f4433afb8d0145259a37774296199a25d45e0c,fix,2023-12-12T08:42:02+00:00
angular/angular-cli,7d540113377d4496bb4eb3da77a5f3aa339228ec,refactor,2023-12-14T06:17:01+00:00
angular/angular-cli,66edac4bbd6f5d9325cf254189db7da32eec883a,refactor,2023-12-14T11:01:46+00:00
angular/angular-cli,cc246d50ea8d92289c8be8dc58b376358a899ad6,feat,2023-12-14T22:50:17+00:00
angular/angular-cli,15a669c1efdc8ac18507232d6cb29794c82b94cc,feat,2023-12-18T12:34:38+00:00
angular/angular-cli,a708dccff34f62b625332555005bbd8f41380ec2,feat,2023-12-19T06:20:25+00:00
angular/angular-cli,7f2d162c0cb9b92badfcfb1baea9b2e61bb98627,refactor,2023-12-19T15:45:21+00:00
angular/angular-cli,d263cb2783a002861c56a5e624825a0f9cba91eb,refactor,2023-12-19T15:50:07+00:00
angular/angular-cli,ce9bf81598f07eb7c0742368488cd14c09525161,refactor,2023-12-19T18:25:46+00:00
angular/angular-cli,a391b5f0c21782f69ec8c79c71d195b10b7849a6,fix,2023-12-21T15:37:25+00:00
angular/angular-cli,aec581daf03b7d83592eb6464dd54c3da57daca7,fix,2023-12-21T18:28:29+00:00
angular/angular-cli,49ed9a26cb87ae629d7d4167277f7e5c4ee066f7,fix,2023-12-26T15:19:00+00:00
angular/angular-cli,220a7e82d910bff9475614b41a208cf3ebb37554,docs,2023-12-26T15:23:29+00:00
angular/angular-cli,116ee7861394ebf232ee3835cfca85e81ab105be,refactor,2023-12-27T14:05:51+00:00
angular/angular-cli,9e82be727f4aaf73343856d4539a0d2dacaf91fa,docs,2024-01-03T17:04:46+00:00
angular/angular-cli,68dae539adfa12d6088f96ac5c9f224d9bb52e17,feat,2024-01-03T17:52:58+00:00
angular/angular-cli,1e364bd00c4b2e7a99f495a83df16e751ad34fac,fix,2024-01-05T15:30:06+00:00
angular/angular-cli,dfde2750b4c16f826d13fa88121bc8ed5cc39957,fix,2024-01-05T15:30:06+00:00
angular/angular-cli,8d56365e7ea4de86f3d84acaa0fdd4a4bc46d093,fix,2024-01-09T00:33:18+00:00
angular/angular-cli,18a11f503cab3f22f8be7b10aab5d5ef3bcc7194,refactor,2024-01-09T17:41:40+00:00
angular/angular-cli,ea8102ac7f28d0e402453a398c739bbba63e85b6,refactor,2024-01-10T18:48:34+00:00
angular/angular-cli,ebe3afb15b3e1d676cddddcb3674c738172f5ac8,refactor,2024-01-22T12:27:37+00:00
angular/angular-cli,14b1be26b96a7acb0c11ea90f0cd7e6117500996,refactor,2024-01-22T14:56:44+00:00
angular/angular-cli,a6e6ac107c8dae63be18efc9ec9eeb16ea92a0fa,docs,2024-01-24T13:13:37+00:00
angular/angular-cli,7717dba90762674b613a813f42fc5be22e729fca,docs,2024-01-25T12:51:54+00:00
angular/angular-cli,479b67fedd0d24f8435cd7393920eae41749cef9,refactor,2024-01-25T14:57:57+00:00
angular/angular-cli,cd08b55ac6ce28d37ce6825b1665dc1d23836a47,refactor,2024-01-25T17:46:41+00:00
angular/angular-cli,dda3d27aff9b95c32795cfbb81ad29d6dceb6549,refactor,2024-01-29T23:26:32+00:00
angular/angular-cli,944cbcdb1af62855febc931fce92debf28a3b2a5,fix,2024-01-30T20:05:35+00:00
angular/angular-cli,7c522aa8742cd936bb0dfd30773d88f3ef92d488,feat,2024-01-31T16:51:03+00:00
angular/angular-cli,2a25e06eaeba1e30ca6ddd76e7bd46b66c2112db,fix,2024-02-01T15:37:53+00:00
angular/angular-cli,b59f663e5715e009b05bf560637c1bca3b112784,feat,2024-02-06T15:45:50+00:00
angular/angular-cli,7f57123fd40b345d7880cb9e2eccd4757c0fb6ee,feat,2024-02-07T18:40:51+00:00
angular/angular-cli,1b6b7942aae7148bbc12fcb2d792d0dac7fc1568,docs,2024-02-08T19:21:19+00:00
angular/angular-cli,cc916c1997ff66e022a0470dc5fb5186fe7478a8,fix,2024-02-09T13:07:38+00:00
angular/angular-cli,275b5e7480dd62089800d860e2075a9d98fc0147,refactor,2024-02-15T10:01:28+00:00
angular/angular-cli,e98dde62ded5d9fc05161f57c16523f242011cd9,fix,2024-02-22T18:03:42+00:00
angular/angular-cli,ce2c3ef0e9b9a40f10e097a1da7fa2d900ec1565,fix,2024-02-23T12:11:09+00:00
angular/angular-cli,8d1a7c3f1aa4ac23548b9ae6470d603503cee31f,fix,2024-03-04T08:35:15+00:00
angular/angular-cli,b55bbde9c3eb73b10185cf65e6151903c05af251,refactor,2024-03-04T17:22:20+00:00
angular/angular-cli,a0ed46bbd8b0da41b0a3f1c1cf57d6c9846784f3,refactor,2024-03-04T18:46:49+00:00
angular/angular-cli,f3eda7ea908ee3cbe8e9befb0c6b3c1a4b9f3e21,docs,2024-03-06T12:59:36+00:00
angular/angular-cli,97973059ec56a573629f7a367757773a3cfabe17,refactor,2024-03-06T17:15:32+00:00
angular/angular-cli,518afd80cc996a40b8af7641ace312d125eb44df,fix,2024-03-08T15:26:23+00:00
angular/angular-cli,f112a0af16c2ed261a01e537789d9f3c87830364,refactor,2024-03-11T07:08:47+00:00
angular/angular-cli,93e918e4ddd077d2c84ed87d689ac53a1a378e65,refactor,2024-03-11T14:06:23+00:00
angular/angular-cli,096aaba85f10dc7159389e92ea29beefe3fa66b5,refactor,2024-03-12T13:46:20+00:00
angular/angular-cli,2fb4b243c4a154e67d5c1236d137dd0ac20ced8f,refactor,2024-03-14T14:20:36+00:00
angular/angular-cli,cbf51e72bf35826ca9ef2a3d06e70370f5207752,refactor,2024-03-14T15:04:20+00:00
angular/angular-cli,6d0ebdb0186d6ea3de86104f8cf6bea54f8f7bce,fix,2024-03-19T14:09:01+00:00
angular/angular-cli,d05f78b414a376934b5ddccff5ae0cb8450b3fbe,refactor,2024-03-21T01:45:31+00:00
angular/angular-cli,c71e954a25f0c6949b0dcebf3dfa01bd10a188b0,fix,2024-03-25T12:34:50+00:00
angular/angular-cli,72588371385bebeea1003dff4d1d0a2ca9854321,feat,2024-03-29T14:13:56+00:00
angular/angular-cli,157329384809d723c428a043712a331493826748,fix,2024-03-30T02:27:41+00:00
angular/angular-cli,83b943a74bb4c8402ff86b580b69defdb7a7baf6,refactor,2024-04-02T16:17:34+00:00
angular/angular-cli,422edd70fd47e59fefe81922ee3bfb6dc2fbdd78,docs,2024-04-09T16:23:33+00:00
angular/angular-cli,2acf95a94993e51876d4004d2c3bc0a04be0a419,fix,2024-04-10T15:00:50+00:00
angular/angular-cli,1a602fc83043bcaac6de49da8c574ebae32a3e40,docs,2024-04-11T15:15:17+00:00
angular/angular-cli,4d27c38cd4ecdaf61b054c144b5c628c68b792b5,refactor,2024-04-15T13:49:22+00:00
angular/angular-cli,e3f9f2b14162bf5d8acfd2b3269d70aa79e23f15,refactor,2024-04-18T13:09:24+00:00
angular/angular-cli,4ffe07aa24a0fc9ff48461e9c3664d96e92317cf,feat,2024-04-23T11:27:26+00:00
angular/angular-cli,0b03829bcefea5c250c6a9ff880a737fcc351b2e,feat,2024-04-24T11:06:38+00:00
angular/angular-cli,0a59eae5fdab02f4acf88ba901773855e683c910,refactor,2024-04-24T14:15:01+00:00
angular/angular-cli,4087728c3e6350d85d653e9d053249ff77e639e6,feat,2024-04-25T12:04:43+00:00
angular/angular-cli,791cf75afb0b3b5892c41296bc4049a2c10926e8,fix,2024-04-25T19:05:50+00:00
angular/angular-cli,60752fdff0891d2eb15b0ce330938a69e8d3e19a,fix,2024-04-26T17:49:52+00:00
angular/angular-cli,3f8e09c83e3f2e0c8ece5fee4241321ce2fcf42a,refactor,2024-04-29T16:10:39+00:00
angular/angular-cli,f9dc7618175659651a778a2ec772eeb7e053ddde,refactor,2024-05-06T08:29:35+00:00
angular/angular-cli,f724866926335710d8f9ab46a5e5755da31b3518,docs,2024-05-08T14:01:19+00:00
angular/angular-cli,0ead36d213159a37dfe5d1e06cd33774c04acf59,fix,2024-05-13T12:00:13+00:00
angular/angular-cli,d74258a93017d860521482a5bb22dbe53390fc52,refactor,2024-05-14T09:28:31+00:00
angular/angular-cli,d087b5f9f262664e03b4b1a612f47513f13b5350,refactor,2024-05-15T17:42:20+00:00
angular/angular-cli,8e86184e5932dd234c2af078eb9b018c231b2504,fix,2024-05-16T23:15:31+00:00
angular/angular-cli,cb18da39172e6cc09a8b72b0d54257f078e03128,fix,2024-05-17T16:44:40+00:00
angular/angular-cli,c79a513a766383a5eac44acfbb8ac3aab10bbfc4,refactor,2024-05-17T18:14:40+00:00
angular/angular-cli,0a69322141120d8cb52573b8086e0e5d0d58706a,refactor,2024-05-21T13:59:40+00:00
angular/angular-cli,d3030189b1a16e65a8acf0a4ac045c6743366902,docs,2024-05-23T15:18:26+00:00
angular/angular-cli,3107ad7b8385ae505a8428c351b77c69d9453c78,fix,2024-05-27T06:03:28+00:00
angular/angular-cli,856f29cc070d8d43a4c18452f7782e50bbff584b,docs,2024-05-27T06:08:52+00:00
angular/angular-cli,d6f7962b2a130718f6b2bd083179e9f3b65ef856,docs,2024-05-27T06:08:52+00:00
angular/angular-cli,b5782891c81fbf8164825f43a54d30538e21dd9f,docs,2024-05-27T06:31:53+00:00
angular/angular-cli,4a879a93c4972327aed0d48148cd71f6c17a9f14,fix,2024-05-28T11:03:33+00:00
angular/angular-cli,765175695a27ccd6c1232f93bc6d0c9206baad0b,docs,2024-05-29T15:11:31+00:00
angular/angular-cli,86a07237e60734686c80e2e231e6238619a04106,fix,2024-05-31T19:12:14+00:00
angular/angular-cli,22e05dcb4a9ae963997c58fad86125ca51b19a36,fix,2024-05-31T19:24:59+00:00
angular/angular-cli,687a6c7eca740a98129196908689a44c181b33a5,feat,2024-06-05T15:12:58+00:00
angular/angular-cli,9db7abd6bf74c92c909bc831dc8101449d858f96,refactor,2024-06-05T16:32:03+00:00
angular/angular-cli,7e7fe8b6cbed315075294f6ebf879b84a8809f67,refactor,2024-06-07T12:58:25+00:00
angular/angular-cli,461e78f3ee15e7097bd7f2c975dc460d844f277f,fix,2024-06-08T17:55:54+00:00
angular/angular-cli,18226c6f57fdabc54ec24ac3542a6209347e9761,refactor,2024-06-19T07:52:24+00:00
angular/angular-cli,094efca81b0ac5b80812c93addd622a686d0be92,docs,2024-06-20T12:49:07+00:00
angular/angular-cli,8b6ae4cf24f4a95587f3b3b6790f10808e35cbec,refactor,2024-06-21T14:26:45+00:00
angular/angular-cli,3e359da8dfdbfdb99be13f5c52a7e429c106d4ad,fix,2024-06-24T14:14:08+00:00
angular/angular-cli,7fa5c3ea9f168b3101fc81bcb4c4d3239f16e456,refactor,2024-06-26T15:31:30+00:00
angular/angular-cli,5b81e0f310609ceefaa09342722163233c14b47c,docs,2024-06-26T18:26:56+00:00
angular/angular-cli,e6d5c7e0b8f01e5e4e702228072dfdb8d5a19069,refactor,2024-06-27T11:28:16+00:00
angular/angular-cli,f3ba2080f970d82def0d89cf8c2c1b96781dfbb9,fix,2024-06-27T11:45:47+00:00
angular/angular-cli,3a7537b57f6e6db777dea2075911a1a551d2c5f5,docs,2024-07-03T15:23:24+00:00
angular/angular-cli,be46c5fca1fe1c41f09022f53a0e1a67de9a9f11,refactor,2024-07-08T10:08:31+00:00
angular/angular-cli,9baae6e22c5ad89e2f05b55b46a91ef0fbbe79a2,fix,2024-07-12T08:13:53+00:00
angular/angular-cli,519a18dcd74d0e2eecb3362b97cdcd5a4a734af4,docs,2024-07-17T19:24:26+00:00
angular/angular-cli,421b6e75b4bafae1e67d59c9343b4a8f98d19400,refactor,2024-07-19T14:08:38+00:00
angular/angular-cli,3c9697a8c34a5e0f3470bde73f11f9f32107f42e,feat,2024-08-09T07:36:54+00:00
angular/angular-cli,7992218a9c22ea9469bd3386c7dc1d5efc6e51f9,fix,2024-08-20T21:57:15+00:00
angular/angular-cli,e58c58529578e6db131a3b14a4a9fa8229695930,refactor,2024-08-21T13:42:13+00:00
angular/angular-cli,d6a34034d7489c09753090642ade4c606cd98ece,refactor,2024-08-21T13:42:21+00:00
angular/angular-cli,e40384e637bc6f92c28f4e572f986ca902938ba2,refactor,2024-08-21T17:53:04+00:00
angular/angular-cli,d223d1eda3f17593c426e19c0864b69411590ec3,refactor,2024-08-21T18:47:31+00:00
angular/angular-cli,607a97cdeb8fc73451ef954c2478d63e98210fbc,refactor,2024-08-24T05:37:36+00:00
angular/angular-cli,faee5c6fb3bd538c0bf50454e6064cd936201f64,refactor,2024-08-24T05:37:36+00:00
angular/angular-cli,4b09887a9c82838ccb7a6c95d66225c7875e562b,feat,2024-08-27T06:57:37+00:00
angular/angular-cli,1449c84c7d2a7de7abdcd00d9383bfd9f2c4ec7b,refactor,2024-09-04T19:15:19+00:00
angular/angular-cli,7f0dd302f029b14c1a6562aa26384757567c6d78,docs,2024-09-04T19:58:12+00:00
angular/angular-cli,7d9ce246a33c60ec96eb4bf99520f5475716a910,refactor,2024-09-06T05:13:04+00:00
angular/angular-cli,e9c9e4995e39d9d62d10fe0497e0b98127bc8afa,fix,2024-09-06T14:11:34+00:00
angular/angular-cli,e4d598f5d13f8e55c9b3b30c7b8d65406e9ac0eb,docs,2024-09-09T17:35:56+00:00
angular/angular-cli,4153a6ecf6707729a4f0c6a620eeb8d6916588df,fix,2024-09-11T13:28:47+00:00
angular/angular-cli,99ee012b16a99b9a888262df8c95ae0df97922db,docs,2024-09-11T14:17:19+00:00
angular/angular-cli,434979afc39dc301a50715bb167ccb0b3931a4d7,refactor,2024-09-12T11:00:32+00:00
angular/angular-cli,d66aaa3ca458e05b535bec7c1dcb98b0e9c5202e,feat,2024-09-12T17:59:05+00:00
angular/angular-cli,a3bbe0e585c4b12e6ba417cb7874011f229d542d,refactor,2024-09-18T18:16:11+00:00
angular/angular-cli,fedeeb0a3099238d45eddbbb76178988fe5dbb14,refactor,2024-09-19T16:51:50+00:00
angular/angular-cli,3b00fc908d4f07282e89677928e00665c8578ab5,feat,2024-09-19T19:29:34+00:00
angular/angular-cli,ad014c7d9b6ecca2c8a74c280e17055067bfdbac,refactor,2024-09-23T20:34:55+00:00
angular/angular-cli,9502d4644f2803f9395d243af82602f9d0ea271e,refactor,2024-09-24T19:43:49+00:00
angular/angular-cli,65b6e75a5dca581a57a9ac3d61869fdd20f7dc2e,fix,2024-09-25T15:08:42+00:00
angular/angular-cli,dd499499c7e5aeb959cdb1a4442493091c07d667,fix,2024-09-26T13:19:53+00:00
angular/angular-cli,4179bf2e6b38eeddb53b4e9989a7c64238ab23ad,fix,2024-09-26T16:24:14+00:00
angular/angular-cli,54594b5abfa4c9301cc369e5dea5f76b71e51ab0,feat,2024-09-26T16:35:18+00:00
angular/angular-cli,0a4ef302635e4665ae9881746867dd80ca0d2dc7,feat,2024-09-27T19:06:52+00:00
angular/angular-cli,dcbdca85c7fe1a7371b8f6662e0f68e24d56102e,feat,2024-09-30T21:43:25+00:00
angular/angular-cli,475340aa4f03634851bd202344f7cf24e9dd88ba,refactor,2024-10-01T14:32:36+00:00
angular/angular-cli,c0b76e3377e7f9ded023e5350b9a9ae90a7d31ee,fix,2024-10-01T16:18:33+00:00
angular/angular-cli,6dbfc770b2d2f72dbc73e39e763f0773435825c6,fix,2024-10-04T08:23:01+00:00
angular/angular-cli,4941725f9ec4e35818caccb374e4f75dd24f6890,refactor,2024-10-04T11:16:13+00:00
angular/angular-cli,ab6e19e1f9a8781334821048522abe86b149c9c3,fix,2024-10-07T16:43:57+00:00
angular/angular-cli,1d9db138f34132f62fd008c9b8597489b08018e6,fix,2024-10-07T16:44:15+00:00
angular/angular-cli,834925d0fd98520a50668a987115232addff86a2,refactor,2024-10-08T11:49:02+00:00
angular/angular-cli,292a4b7c2f62828606c42258db524341f4a6391e,feat,2024-10-09T16:07:33+00:00
angular/angular-cli,29855bf54e83f1a80e4bcc85392d698cfca43af2,docs,2024-10-14T17:32:26+00:00
angular/angular-cli,292a3d5225221f01140dcbb4b34ede52cc72cbab,docs,2024-10-16T23:09:53+00:00
angular/angular-cli,62877bdf2b0449d8c12a167c59d0c24c77467f37,refactor,2024-10-21T21:50:18+00:00
angular/angular-cli,6486b575b981a2862f6ad71cce1f69ea0997514c,refactor,2024-10-22T09:53:14+00:00
angular/angular-cli,6beffd138ea5035b6b1a49ac82432c34e1e21987,refactor,2024-10-22T16:57:16+00:00
angular/angular-cli,ad03c88dc07ec3cf19799fbc09084dd8a6baa094,docs,2024-10-23T18:48:07+00:00
angular/angular-cli,31f903709c4aab4524fd2d3e25f854a228de5218,fix,2024-10-24T14:15:32+00:00
angular/angular-cli,b73b98de652ece12cd79afa1b7173bfae24bc442,refactor,2024-10-28T16:29:01+00:00
angular/angular-cli,ed8f96a492db1b1a687b015fe29182fcc3749794,refactor,2024-10-30T15:08:19+00:00
angular/angular-cli,d6dfce105a83938179a25a9b779f86f775a97867,refactor,2024-10-31T15:55:05+00:00
angular/angular-cli,7c6cb9593ace5329e197401572e112d14c6b6e0c,fix,2024-11-01T15:29:14+00:00
angular/angular-cli,71b3de8364f9af88a7706d3abb7dad24ed2827cc,fix,2024-11-04T19:31:03+00:00
angular/angular-cli,ae9dfddbe51ddb6c838e0bae3e95606a8cb9cc56,refactor,2024-11-05T09:30:58+00:00
angular/angular-cli,daea0ab685c8ebaf082f88647d5e1f73c4d20de4,docs,2024-11-05T14:00:05+00:00
angular/angular-cli,e6ff801ba0a3f98578848cb7600674cead1dfc6a,fix,2024-11-05T16:27:50+00:00
angular/angular-cli,58a648aadc0e6d9b1ff2107df0f67ca60eae7ef6,fix,2024-11-05T18:38:39+00:00
angular/angular-cli,8f6ee1ac8305effb8b1155e78bff32deba79056f,fix,2024-11-06T12:39:28+00:00
angular/angular-cli,2c9904ec7a6918457eaa0c63a068619d8a179fd5,fix,2024-11-06T15:19:43+00:00
angular/angular-cli,479bfd4fa73d78893af50dd922b080d357fb1549,fix,2024-11-06T16:13:19+00:00
angular/angular-cli,cdad25641f87223375ee0e851924e9ef32103f53,fix,2024-11-08T09:44:51+00:00
angular/angular-cli,b2e2be052f230af92b67992945ffc2e638058ca7,refactor,2024-11-08T18:51:35+00:00
angular/angular-cli,073e81ecfbde768c1c4e9fa243bf4a0af08eaf8d,refactor,2024-11-08T21:33:09+00:00
angular/angular-cli,f96bb86c4e7b4d9c3185230bba11eeb8ab625d81,fix,2024-11-13T18:30:57+00:00
angular/angular-cli,fb9b0aee905fc7e1951964f45cd6a1e6cf419d40,docs,2024-11-14T16:11:17+00:00
angular/angular-cli,4340f5f9ada8cd228aaece5addcb6522e8faa90b,refactor,2024-11-16T01:21:21+00:00
angular/angular-cli,2e43ec6654d7b4a068ed3aea87b8f804e4c2c5f0,fix,2024-11-16T01:24:20+00:00
angular/angular-cli,5d79ab7819949f4ce866334eab9e700680fd322a,fix,2024-11-18T16:59:44+00:00
angular/angular-cli,9921271ce134e0093f4334700a24861b9213eb97,fix,2024-11-18T18:06:45+00:00
angular/angular-cli,1ded0b756b75f1f3dc10687963026e44df30c32c,fix,2024-11-21T17:49:05+00:00
angular/angular-cli,8f9fc59f2ef5ca0641d7b26d6ab6d438273dddf8,fix,2024-11-25T20:02:35+00:00
angular/angular-cli,173dc0eeac0543e600244d40a2b94505904cbe66,fix,2024-11-25T20:02:55+00:00
angular/angular-cli,c685c70150d066644fc757d36cf79296429dc8a8,fix,2024-11-25T20:17:31+00:00
angular/angular-cli,32d2e2d029c44d19f72e39d84f69caccfcdf3f95,docs,2024-11-27T14:59:19+00:00
angular/angular-cli,aed726fca318b9aa8f8d52d7915d1da93eff3217,fix,2024-11-27T21:48:33+00:00
angular/angular-cli,af8778091e8f05d19d688c220aa3c02a3299fe9e,fix,2024-12-02T09:19:05+00:00
angular/angular-cli,2c2ac84fec1f42d54067893cc7f52ae82139f08b,docs,2024-12-05T17:48:55+00:00
angular/angular-cli,b8b561d452efb3003978a1731735af772108d82d,refactor,2024-12-05T19:18:35+00:00
angular/angular-cli,d811a7ffb0b6aad741e35025e218ea558590b0bb,fix,2024-12-09T17:26:12+00:00
angular/angular-cli,41ece633b3d42ef110bf6085fe0783ab2a56efcd,feat,2024-12-10T12:11:06+00:00
angular/angular-cli,64f32c769f58b4e7306faf73fdae386a30f48a41,fix,2024-12-11T20:04:57+00:00
angular/angular-cli,d99e4ed49359632657cd170524673dd9f4e88b82,docs,2024-12-18T21:45:37+00:00
angular/angular-cli,5cc62d4a30d8353fc56aaa6dfb9c58e51cd092f5,fix,2024-12-20T12:26:43+00:00
angular/angular-cli,a5618693a12daf28fdfc1f791dd36889eeff6095,fix,2025-01-06T10:54:34+00:00
angular/angular-cli,a0b4ea23c45ce048fcd9c8fa9d7ef74107a5d07d,fix,2025-01-06T14:18:33+00:00
angular/angular-cli,ddae37fdf3c1c93bd2ae9c51812a9d469b68bd77,refactor,2025-01-06T14:33:51+00:00
angular/angular-cli,7519593275f65569017da6479a85a89cea1bec01,docs,2025-01-08T12:16:40+00:00
angular/angular-cli,8639a3b6d981ddef84c0f4d70b6a941fc866b82b,fix,2025-01-08T14:48:17+00:00
angular/angular-cli,adf9359ad1646166bf808958cca56b730e15623c,fix,2025-01-09T15:07:34+00:00
angular/angular-cli,ba51e72b5138735b42a4057ad60635b95d11381a,fix,2025-01-09T16:06:01+00:00
angular/angular-cli,6ebce493f24a94c2ac49a86d2fde01149b6372bb,fix,2025-01-10T19:08:53+00:00
angular/angular-cli,4f803083fc8940aed2aa30f46970273175ad6b37,fix,2025-01-14T08:44:32+00:00
angular/angular-cli,9cccb88714283edad05f7aaef7253811fcf96c5c,refactor,2025-01-14T15:37:48+00:00
angular/angular-cli,61d98fde122468978de9b17bd79761befdbf2fac,refactor,2025-01-14T15:38:00+00:00
angular/angular-cli,e5368b8ca338ae99ba47a112a1b7efc1fb894471,refactor,2025-01-15T14:06:07+00:00
angular/angular-cli,d3648f2a0c02b3bd20d8eb941a4ab873653920af,docs,2025-01-17T22:47:04+00:00
angular/angular-cli,102d92baa50d84c8260d8366ac0abda12a830448,fix,2025-01-20T09:51:12+00:00
angular/angular-cli,0a98602ba95d07b1124adf1107929e5ec35ce784,docs,2025-01-20T14:23:11+00:00
angular/angular-cli,2982c016558e9e72816ea2c904431f0135bfac7a,fix,2025-01-21T08:25:54+00:00
angular/angular-cli,8535c11182e59b7dc67a0a520a87d97e8a9a8284,fix,2025-01-21T15:36:34+00:00
angular/angular-cli,3546c6d12d4c4ea97c7699145b051e5114c79cb4,fix,2025-01-22T08:06:29+00:00
angular/angular-cli,b0c2d1900f3b086d13917d1187947e511f3114a3,refactor,2025-01-22T09:54:13+00:00
angular/angular-cli,70adba46631efe14195209f0ff0a8f606f81de34,docs,2025-01-22T20:39:23+00:00
angular/angular-cli,8e884a038dbba9bf5d2a973f368fc58633712484,fix,2025-01-23T15:06:26+00:00
angular/angular-cli,57ae111e28cdb3df70a67292e453c7fdf19b8cd2,refactor,2025-01-28T08:07:25+00:00
angular/angular-cli,0ddf6aafaa65b3323dc4ee6251d75794ae862ec7,fix,2025-01-28T15:26:21+00:00
angular/angular-cli,e3aa483028c9e1a396efeb4b18e1fff1b1bd92c8,refactor,2025-01-28T16:37:07+00:00
angular/angular-cli,f743a63c2a4dd1d318c58d208da20b803795cb60,refactor,2025-01-29T06:32:37+00:00
angular/angular-cli,9a46be8d68fbc5acf88f43916985f781db79bcf1,fix,2025-01-29T16:31:55+00:00
angular/angular-cli,4a5b76a8eee0bbbc4f08b568fee55ca22dff9927,fix,2025-02-03T20:23:59+00:00
angular/angular-cli,c716ce15236ef9fe3f25b31a53a30b33c0a47c52,fix,2025-02-03T23:13:24+00:00
angular/angular-cli,17a7b8cf014e873f847b8d8d1661b6349029c9c5,refactor,2025-02-06T20:25:54+00:00
angular/angular-cli,8c7c7ac691e7f8b3e1585f863a6edbb46c4c31ad,fix,2025-02-13T07:47:45+00:00
angular/angular-cli,adf4ea5d4ccb252132301111153619178c5bdabe,fix,2025-02-13T09:05:06+00:00
angular/angular-cli,12aa5207f373ec600f3ffa7c11c163395444e438,docs,2025-02-19T22:31:48+00:00
angular/angular-cli,cacb1273122f58004ca0a70fa1b033990c2a85c7,refactor,2025-02-20T19:18:10+00:00
angular/angular-cli,717d7cbf421f8b56d32739f8bef6dc606d96f387,docs,2025-02-26T22:34:24+00:00
angular/angular-cli,25ea0986b1daa97d491ded3f1ef91bc0bc0284d7,fix,2025-02-28T16:06:10+00:00
angular/angular-cli,337bc3cae6da3088943b7cb45f0b32365aa66ffb,refactor,2025-03-03T15:57:24+00:00
angular/angular-cli,c2bef3833298fbd617b05b20192bb3b8a39d0c5c,fix,2025-03-04T08:53:57+00:00
angular/angular-cli,093c5a3152c4282d4afb51df40945283cc94d281,feat,2025-03-05T09:28:07+00:00
angular/angular-cli,b100c71ccd39ff62203f16cbe543ba77b98bbe1d,fix,2025-03-05T18:18:51+00:00
angular/angular-cli,dc2f65999a64453a26b61c96080b732fdc4147c8,fix,2025-03-10T08:43:21+00:00
angular/angular-cli,596b9ae60c718730e1ea6f65b5ad4bcbfb5dec52,refactor,2025-03-10T12:33:16+00:00
angular/angular-cli,5bea3de4cb2ffa26ad04aced22be3ff11f519f92,fix,2025-03-11T14:23:37+00:00
angular/angular-cli,ee8466de520c3db08579be376dbd2b98795f50a8,fix,2025-03-11T14:24:54+00:00
angular/angular-cli,3f2e18dd10c38fb08177615fb48378f4bdfd848f,docs,2025-03-12T17:29:26+00:00
angular/angular-cli,b9591eb4b6d86283d133b3a2c20064e0b80a0670,docs,2025-03-13T13:51:31+00:00
angular/angular-cli,f126f8d34b087dd3a916dfb93cd255aac4d6c309,fix,2025-03-14T18:27:43+00:00
angular/angular-cli,0948ddebe07225ad3697c4ce5a230d8c3917d8d2,refactor,2025-03-14T22:19:33+00:00
angular/angular-cli,e7ae25a76b0760cf26df7afb2652c263e5f6389d,refactor,2025-03-18T11:25:46+00:00
angular/angular-cli,d89c2cbec20f65b8220ce795f54716958cb77fe8,refactor,2025-03-20T13:11:02+00:00
angular/angular-cli,64732534ecb84d702bde2469466a05e765879f9a,fix,2025-03-24T13:54:40+00:00
angular/angular-cli,a4d59d8bed56c916d80ab811467bfcb31de5ad78,docs,2025-03-26T09:39:12+00:00
angular/angular-cli,d067cedf05051e3a0f237d50306e1e4c881a0328,feat,2025-03-31T18:32:35+00:00
angular/angular-cli,0fdf4989b3e16508b84c37e6169cc713692d9038,refactor,2025-04-01T16:05:58+00:00
angular/angular-cli,1e137ca848839402bc214fbccdc04243862d01d0,feat,2025-04-02T14:20:24+00:00
angular/angular-cli,d3186c9a4b0099669c17568e4ab27a9d9bcf1ee7,docs,2025-04-02T16:57:18+00:00
angular/angular-cli,d975b719a24a44a08c1f18f410352aa931ad54dd,docs,2025-04-02T17:22:38+00:00
angular/angular-cli,6f913ad5e4d8ad9932ef2607851e3b8776e1af3a,fix,2025-04-03T18:34:52+00:00
angular/angular-cli,4d78fffb09f72de5b685cb04bb1057afa52f28d4,refactor,2025-04-04T14:49:05+00:00
angular/angular-cli,5fc5951440c9306c4349fa3f8dbcb1b584441fe8,fix,2025-04-04T17:54:44+00:00
angular/angular-cli,92e193c0b9a2b85b68d83c5f378d30fc8d10f13e,fix,2025-04-04T18:27:22+00:00
angular/angular-cli,fc0e05fea89598204a7e5de494da897c396c4e52,fix,2025-04-07T16:57:48+00:00
angular/angular-cli,90615a88b10535d7f0197008b9d48ceac4409c23,fix,2025-04-08T13:05:42+00:00
angular/angular-cli,eeba3a8889bc3a0505afcb411ced91aad48b6c92,refactor,2025-04-09T08:11:26+00:00
angular/angular-cli,3e24a59a9db9f11a80fa616c68be4380c4816ed5,fix,2025-04-09T15:51:44+00:00
angular/angular-cli,5a42f159d81dd45170198638f798b7d9138f9ed6,docs,2025-04-09T17:13:33+00:00
angular/angular-cli,60cf46534b8f131f50ca85025ab7fd42b2f7b7e9,docs,2025-04-09T18:41:28+00:00
angular/angular-cli,4121c8f7598b2e9df529b1dca20ba7855c4299c6,refactor,2025-04-15T14:32:46+00:00
angular/angular-cli,5078c8b25d0235943c9a84d23320a68a04ef4a95,refactor,2025-04-15T21:04:21+00:00
angular/angular-cli,ad77837fa4fd800e2d933d2d7ada7540bb4256b3,docs,2025-04-22T09:35:42+00:00
angular/angular-cli,db45881f7c8e347bb892f192e5b5240241f8c558,refactor,2025-04-22T09:35:42+00:00
angular/angular-cli,0459d80bee43a8d0d7cc26201b6647bcf0f07437,refactor,2025-04-22T11:20:37+00:00
angular/angular-cli,77f726f85eb7c710e3677e2e4e713bd0cd87cd65,docs,2025-04-23T08:48:15+00:00
angular/angular-cli,8363b98904722eef1c975cb45713a148723e6cbb,docs,2025-04-23T09:06:01+00:00
angular/angular-cli,2d11e8e45b29cf879ee72ffbcf438198d73ffaba,fix,2025-04-24T06:26:39+00:00
angular/angular-cli,8129483b1908ef3f8a2160ec9e25bf424a59406c,fix,2025-05-02T11:04:41+00:00
angular/angular-cli,0f742543fd6736b0ee38efffad07de1fc6c84cce,refactor,2025-05-05T13:04:08+00:00
angular/angular-cli,c560d440d5a74852fe269809a1f5c1cd45c7a363,fix,2025-05-05T14:56:15+00:00
angular/angular-cli,ed928410d5b4bcc9277279323c323625a2720df2,fix,2025-05-06T18:17:39+00:00
angular/angular-cli,c1dd44500a45327baa0bc70daecc19210ab5fa46,docs,2025-05-07T10:50:17+00:00
angular/angular-cli,9a50040b23d2fc7fd624956cfb500b12faf66488,fix,2025-05-13T10:13:52+00:00
angular/angular-cli,7b8c9af200ebe2f562ddfb53cbf4be7a1127da2a,fix,2025-05-13T17:12:52+00:00
angular/angular-cli,0b4e3f3bfbcaf4a9123e3a544ce80ec7fa91733d,refactor,2025-05-16T13:12:57+00:00
angular/angular-cli,25c80b3d7e853bba53353fbeed023b4b0c7dd9df,fix,2025-05-21T07:33:45+00:00
angular/angular-cli,f82961937a0b7fed620af46daf564f9e4ce7ad3e,docs,2025-05-21T11:09:09+00:00
angular/angular-cli,7e69aa0ccf30a15472ae29df463b6ed27a7c3c3a,fix,2025-05-21T12:46:18+00:00
angular/angular-cli,a2aba4c4b90e3ea227b3c3c74b8faba7de01fe22,fix,2025-05-29T20:54:13+00:00
angular/angular-cli,0b7d48c7cafb49aa3cac7d9da831eff039b3e047,fix,2025-06-05T14:38:44+00:00
angular/angular-cli,e36cbba11ecc0d95a0e7ff0e8184212ca824e87a,fix,2025-06-10T14:32:06+00:00
angular/angular-cli,d45d2a45822fc026113c72c5ee47de7c7e74da41,refactor,2025-06-19T07:08:10+00:00
angular/angular-cli,4221a33cc7dee8a46464345f09005795f217ad02,fix,2025-06-24T22:22:37+00:00
angular/angular-cli,49a09737d5412c302d09b40de198251bb99789d1,feat,2025-06-24T22:23:03+00:00
angular/angular-cli,dc45c186ec16e345b75ffcd57961a8e0cfd4b649,feat,2025-06-25T17:44:10+00:00
angular/angular-cli,21b5852f120dd42ea4ae9fce043e04ec61da16dd,fix,2025-06-25T17:44:12+00:00
angular/angular-cli,2c32774315c6c1ee8f34c94f1d33021c76cbbf89,docs,2025-07-01T21:26:32+00:00
angular/angular-cli,1aeefa73577342e00a2ae3f9833ac4ca8ee81f36,fix,2025-07-03T12:34:12+00:00
angular/angular-cli,f5c953d437b6e57c1caeeda4e6d1d781984ba470,refactor,2025-07-08T13:34:40+00:00
angular/angular-cli,1ef02b7415a215734fef0363d113a5bd793c5893,fix,2025-07-09T13:29:36+00:00
angular/angular-cli,2c3a46b9ecf69049fbddb2c912636d9d62e197df,docs,2025-07-09T23:27:07+00:00
angular/angular-cli,3faa3b4648329d8ca067af91c6d318783de7bb82,refactor,2025-07-16T14:58:16+00:00
angular/angular-cli,3cd73d397fc1a1a711506cbc8e91b3c89ba466af,refactor,2025-07-18T17:34:31+00:00
angular/angular-cli,a18c1aaf2c5482de0806b4bd383abc50d317fd50,refactor,2025-07-22T11:54:47+00:00
angular/angular-cli,c07fdd2809418ff90290e0fa1ff3828dec0126c0,refactor,2025-07-22T11:55:09+00:00
angular/angular-cli,10f6a7f73af486dfe11ad39d34646a0630b3309e,docs,2025-07-24T20:31:49+00:00
angular/angular-cli,48d7a03b482eb5ecc3db3b614a4795b40decd061,refactor,2025-07-28T11:21:08+00:00
angular/angular-cli,b6b2578e8382dfdc296248b31e88cfd701f1a9aa,refactor,2025-08-04T14:06:32+00:00
angular/angular-cli,51d56f770714a015aa7621d53c4a1634e8a01cc8,fix,2025-08-06T15:10:06+00:00
angular/angular-cli,5eeebf9a1befe3d2a043c868f7516032f8ab7ec9,refactor,2025-08-07T15:16:34+00:00
angular/angular-cli,659e5bd0dfc48e6f7fb037c3f476a5c665056aae,refactor,2025-08-11T13:14:26+00:00
angular/angular-cli,6d14e0c35bf39c35b66e8c46a4974d4feabd2afc,refactor,2025-08-11T13:36:03+00:00
angular/angular-cli,b366548f82a41284a63e4407e508b83a236544a9,refactor,2025-08-11T15:47:37+00:00
angular/angular-cli,b4de9a1bf50a35404fb79eb3f120faafd0ce825a,feat,2025-08-11T15:47:37+00:00
angular/angular-cli,7e1cbcd7d27156bf5b1c2a363220b028c8a5db65,refactor,2025-08-12T08:04:43+00:00
angular/angular-cli,6713cd107e393bc9ccc87e8ff3db4d57658ae621,refactor,2025-08-12T15:44:43+00:00
angular/angular-cli,716195e3562629e9a396da319dc9fbdb8764f5b0,docs,2025-08-13T12:29:24+00:00
angular/angular-cli,2e3cfd598c9366d0036a52cd18024317b33e6fca,feat,2025-08-13T12:31:24+00:00
angular/angular-cli,3a7b9fbfd10deed019b7b2cd9beddd48041c51c1,fix,2025-08-13T14:48:09+00:00
angular/angular-cli,eb4278555fee2663b8d01a82f1fef54ef19b8933,fix,2025-08-13T14:51:03+00:00
angular/angular-cli,1ae0fb7a6da3a1b82904aa1f5662f8465e40b5d5,refactor,2025-08-14T12:02:16+00:00
angular/angular-cli,f310ee5d0e5453d08c530520fc4742f6e39316f8,refactor,2025-08-14T16:19:43+00:00
angular/angular-cli,de96f6d5a7ec89ba13c335d342b8c1c37335dc43,docs,2025-08-15T07:34:29+00:00
angular/angular-cli,1feac5f003c98aa8c2afeea8c61a0d447e1e6087,fix,2025-08-15T18:07:05+00:00
angular/angular-cli,f9ac82ebb839f09cea3f498349ad3562e84606c3,refactor,2025-08-18T20:56:03+00:00
angular/angular-cli,096c2cebdcd309bafb478f807432a6de20f46da4,refactor,2025-08-19T19:10:53+00:00
angular/angular-cli,12533a8c4e908885ecc4060262b54c6bdea32106,refactor,2025-08-21T15:50:35+00:00
angular/angular-cli,6c7b798332786d29070460669e093e37902c4438,fix,2025-08-21T15:50:35+00:00
angular/angular-cli,0f86cf8782d1c08d11bb9ee54a30fe1954dd8bcc,fix,2025-08-26T14:26:47+00:00
angular/angular-cli,47d77a3edea4dabb463d50c2bdba32475257d775,fix,2025-08-26T14:26:47+00:00
angular/angular-cli,7e8ae0138e2acee9b83bf05911d674b258146ba0,refactor,2025-08-28T13:43:34+00:00
angular/angular-cli,a73f4fb8b14ee22e3fb710a4d4fddba070ec4cf6,refactor,2025-08-29T11:16:19+00:00
angular/angular-cli,1b77345aa246eded66aad3ce77cf5597310fca64,refactor,2025-08-29T13:40:56+00:00
angular/angular-cli,33835d913aba910acfbf66a2a7186ac8391cba97,refactor,2025-09-01T22:57:18+00:00
angular/angular-cli,c3dd67e4ebcdcb309c3a5bb583a15694a432bcd5,refactor,2025-09-03T11:41:58+00:00
angular/angular-cli,f806f6477af222907f1879181fb0f9839e889ea8,fix,2025-09-03T11:45:31+00:00
angular/angular-cli,26127bd3bb2c4b9aacf2a8f4c2cbdf732512bafb,fix,2025-09-04T15:10:11+00:00
angular/angular-cli,1de92ccf29657b6f494a0a26e161bec1b7fa5d44,refactor,2025-09-08T10:39:53+00:00
angular/angular-cli,1529595d4a8d8ff9251d1680b1a23bf4ef817db0,fix,2025-09-08T10:40:04+00:00
angular/angular-cli,0d705c92df58aabc188246d017bc60fe6e9a2774,refactor,2025-09-09T11:07:53+00:00
angular/angular-cli,d014630fad765ae3928b698122038cbe00d37102,feat,2025-09-09T11:07:53+00:00
angular/angular-cli,31d4dfc0fe7b1bb7adfcbed240190b1133e39d53,refactor,2025-09-09T12:57:14+00:00
angular/angular-cli,8e6e0a2931bfb178e77cf2c9ca7f92a56c673449,fix,2025-09-10T08:40:42+00:00
angular/angular-cli,1ee9ce3c93caff419f8095a91cf58601e3df3f74,feat,2025-09-10T08:42:13+00:00
angular/angular-cli,72a899108725c111e2791956cd280f68bad0b704,docs,2025-09-10T19:28:58+00:00
angular/angular-cli,47d0668b824827a22fde90c0f3bc23f30ec6eb5f,refactor,2025-09-11T12:18:03+00:00
angular/angular-cli,f5701cbf1de0cefb904c49a2d6e00028d69eb537,refactor,2025-09-11T12:58:10+00:00
angular/angular-cli,dae732059d17e9e374ac7635fbca9480751f70b3,fix,2025-09-16T22:29:45+00:00
angular/angular-cli,907eabdd3c7447ed2c211b6d6c2719b04443c545,fix,2025-09-19T14:38:01+00:00
angular/angular-cli,6d3a3c5799bde1bab5c3878e0783ffa6854e36ad,feat,2025-09-19T20:33:57+00:00
angular/angular-cli,705af22788102eeade08404d357582c39de8900b,fix,2025-09-22T13:45:23+00:00
angular/angular-cli,06b431f2c089857027feeff30d5dc0764ddc479e,refactor,2025-09-22T20:46:37+00:00
angular/angular-cli,77741f5eec735f23b0f2865101471e045e4889b8,fix,2025-09-23T19:08:39+00:00
angular/angular-cli,2a518016d9585dd4d16f90102d5409459ebba024,feat,2025-09-24T08:18:20+00:00
angular/angular-cli,8d805117e19485dd065aaac128478534d9eeb4dd,refactor,2025-10-01T12:55:29+00:00
angular/angular-cli,58d101d5e78cf4c158dbaf52103639d56b84f9ed,feat,2025-10-01T14:33:16+00:00
angular/angular-cli,3b7dabbf1df9b2b6ca9ffc6c038abb6e40b6df2b,feat,2025-10-02T17:05:03+00:00
angular/angular-cli,49d51e758d13d1624ee61d74d0138a5784c745ed,docs,2025-10-02T20:58:50+00:00
angular/angular-cli,e71d32c8ce4acef4db053ac06d02b0ce17e9b823,refactor,2025-10-03T08:49:05+00:00
angular/angular-cli,104c90768000b3e0052ee7e7de2c5e04c1bffdaf,feat,2025-10-06T11:36:08+00:00
angular/angular-cli,a90bea5b51c6978441919ed2af85c090fe99fd38,feat,2025-10-13T10:42:22+00:00
angular/angular-cli,ad113c7b3acb00a18fd1cad2fa94532a70df6f3d,refactor,2025-10-14T13:47:03+00:00
angular/angular-cli,629f5cb181fee562645baf02b44ebb3b39f3fb06,feat,2025-10-14T15:20:06+00:00
angular/angular-cli,2a1667fdc2cbdab58af50150d2875f3ea3863a8c,docs,2025-10-15T11:27:05+00:00
angular/angular-cli,f35b9f3310995b05d501f2abaec58dcd283e3aa0,fix,2025-10-15T16:49:11+00:00
angular/angular-cli,d0879b0d6699bc69028ed5449d98bc03a6ba1aae,docs,2025-10-15T18:13:08+00:00
angular/angular-cli,85c18b4ead77c6c090b9f5c63e9e034e58369152,fix,2025-10-16T13:21:57+00:00
angular/angular-cli,3040b777e40bc90fd1ed961e3d134875b3f9b464,feat,2025-10-17T02:35:16+00:00
angular/angular-cli,b1d6d2f174027a1f7800bd70ebd35143f92dc38c,fix,2025-10-17T15:10:21+00:00
angular/angular-cli,663908564f2036e86ed82781c230959e3c6fe597,refactor,2025-10-17T17:29:54+00:00
angular/angular-cli,4aba5261f9b90426b4f26210f92d73123e288022,refactor,2025-10-21T10:49:28+00:00
angular/angular-cli,54c4eae2aa49c6b45c41f0718a5915a10d426cb4,fix,2025-10-23T11:18:58+00:00
angular/angular-cli,055a0aa0b5928599ea8fd7457b82ed9147537fd6,fix,2025-10-23T20:34:49+00:00
angular/angular-cli,20079ed73dc138db3f22aea20eeaa4b0f8b46c52,fix,2025-10-27T17:08:03+00:00
angular/angular-cli,2c846fbfd81ea92ffa85c920c8953e0213c6c5af,fix,2025-10-28T11:45:06+00:00
angular/angular-cli,6dfee716f5c01cc5c887f0c3a18625bf6d7729fb,refactor,2025-10-28T11:47:03+00:00
angular/angular-cli,f8d59fd9d1462108237ebe5e6c941b9335a24ad5,fix,2025-10-29T12:04:51+00:00
angular/angular-cli,2cb04d5e2fb68845f05a349e01ba3b4c39b4052e,fix,2025-10-29T13:09:43+00:00
angular/angular-cli,f2f121fcaeda883b4d06b35a5d19da54d07e09aa,docs,2025-10-29T15:09:00+00:00
angular/angular-cli,7e724d7c0f9758542a67be15fcd4b6595836cf9b,refactor,2025-11-04T10:16:22+00:00
angular/angular-cli,b5f41923e7dd08ca3777ec7c1fb708322ddf04bc,fix,2025-11-04T10:19:41+00:00
angular/angular-cli,cc132e9524a136575685961b2ef934eb0aca5c60,fix,2025-11-04T18:32:49+00:00
angular/angular-cli,ff190db95eed85d6822d6284f73f7130b40788a6,docs,2025-11-05T14:51:58+00:00
angular/angular-cli,ad99e00ad7edd17e369777c8d38b4137ea736121,fix,2025-11-08T08:34:51+00:00
angular/angular-cli,4cf1aa32cb4ba601c23f4e953fb1a0125aecae19,refactor,2025-11-10T07:28:53+00:00
angular/angular-cli,377780a1c2878f1028ae7a74f8c5387863a27974,fix,2025-11-10T07:33:37+00:00
angular/angular-cli,72f2a46d66c16e83d2ed7fc5c41c0565a0ebe56e,refactor,2025-11-12T21:11:40+00:00
angular/angular-cli,1ad9d36f355bd888dc924e9c13d848f1eaf4b8a5,docs,2025-11-14T22:12:42+00:00
angular/angular-cli,14cd1e15b33311b13b3a63f21a06f3cd85dbbb33,fix,2025-11-17T11:42:56+00:00
angular/angular-cli,69824ae56529c6f77378b63a962bd729fa99a30b,fix,2025-11-17T17:21:42+00:00
angular/angular-cli,41c67987160106a0711a75ecd51b62f8e5668fc1,docs,2025-11-18T20:07:07+00:00
angular/angular-cli,99820914f4efbefd26b9bec6233289e5afcc7a94,docs,2025-11-19T22:16:43+00:00
angular/angular-cli,2b99ce515dc8bf8a06bbc0f88d07f02d7c5ef828,fix,2025-11-20T14:04:44+00:00
angular/angular-cli,f38fadeccdc3cc7b25facb8bd5224bfa99fe9626,fix,2025-11-20T14:04:44+00:00
angular/angular-cli,a525c939a5f9cdcc3fcdfcaed399672ddfb2ef97,fix,2025-11-20T17:52:28+00:00
angular/angular-cli,61a027dba7f3a569c1ac936c34956b8f96fd102a,fix,2025-11-21T08:06:59+00:00
angular/angular-cli,18cf6c51b72ce5c7f23012585ed992cf91cef5ed,fix,2025-11-21T14:38:12+00:00
angular/angular-cli,cacd5d9359a3b71cc340353c57543598422b6fa4,fix,2025-11-24T14:56:08+00:00
angular/angular-cli,5ef8b9975013733ea64deeec945bc77988191b0c,fix,2025-11-25T15:41:02+00:00
angular/angular-cli,0fd1646752658025004f9345eed7fb711227682a,refactor,2025-11-26T15:13:12+00:00
angular/angular-cli,0d711ff7ed8cc369355708f8d1141934d05fb3d4,docs,2025-11-26T16:58:36+00:00
angular/angular-cli,47ace2a7c8f8d358a50b6083ffc99a6442aaa30b,refactor,2025-11-27T08:54:31+00:00
angular/angular-cli,98e10fa0f29cc8f6cf6a25c45c6888a79465eaf7,fix,2025-12-01T16:10:22+00:00
angular/angular-cli,63c3e3f6406d345e777ca18bfad7d6d701e5c4ea,fix,2025-12-01T16:11:14+00:00
angular/angular-cli,8d8ba4f61fc07dd670b705c48e82cf63424b3cce,fix,2025-12-01T18:13:56+00:00
angular/angular-cli,6b3d798700acc9b4d6cd6620ba1ef1c29b7ddbf2,refactor,2025-12-02T08:23:23+00:00
angular/angular-cli,ca0b8e546a105e61a1db777625f3fd9e0753edb1,docs,2025-12-03T14:15:27+00:00
angular/angular-cli,d8b76e93d3e9e4e7bd7ad6e12fdf59cd663cbb8e,fix,2025-12-04T08:12:04+00:00
angular/angular-cli,7ab5c0b0a1c637f3e0adb71486e5e7e8716561e4,fix,2025-12-05T07:10:58+00:00
angular/angular-cli,114cddd7c9c0992d38dafd760eaf561f58328b48,refactor,2025-12-09T11:15:43+00:00
angular/angular-cli,efd1180d7bf80471f729e6122b180a895faa13b0,refactor,2025-12-11T19:27:07+00:00
angular/angular-cli,eb48d71782084c12c0e950ddcd923920dde001ae,refactor,2025-12-15T13:48:35+00:00
angular/angular-cli,348096623326857a5d8cf77d56712776e1190180,fix,2025-12-16T14:38:53+00:00
angular/angular-cli,edeb41c0e01881c21dec4d7f63fe8d302ce0521d,fix,2025-12-16T19:40:27+00:00
angular/angular-cli,18d74dde8938dbe566df80753d5c148c19040179,fix,2025-12-18T00:15:08+00:00
angular/angular-cli,ed3c3686a7c49817c45f9058fcb61bb3602fd9b5,docs,2025-12-18T20:45:53+00:00
angular/angular-cli,316fca8626d51b28ea8cd840f3815b7c6dfcfffa,fix,2026-01-05T14:35:35+00:00
angular/angular-cli,45d4f5668018362f90fcc4cdc487470286f03c02,fix,2026-01-05T14:35:35+00:00
angular/angular-cli,8729181a445b077450d265d48dcc423a086eb729,refactor,2026-01-06T13:21:29+00:00
angular/angular-cli,8fc907e165a3c1cb84a110a76ca065bfd8fe66f2,refactor,2026-01-06T19:00:33+00:00
angular/angular-cli,fb8d68985b967a6d1874f026cb30c89aa25c09db,refactor,2026-01-06T19:00:33+00:00
angular/angular-cli,937c71bba3b80e9466a2ac4d29607c6191607d2d,docs,2026-01-08T20:10:51+00:00
angular/angular-cli,f80db6fb714aa326f6ed03a8a51090ca59ad0955,feat,2026-01-12T14:45:06+00:00
angular/angular-cli,158d7155b4b605293e2e933bb00314de9c59cb66,refactor,2026-01-12T19:40:16+00:00
angular/angular-cli,5fb3af0ae6a9f7019acc749bd313646e780d691d,refactor,2026-01-12T19:40:16+00:00
angular/angular-cli,d58c71416abbb8f4efaac9acd7d0183b16d37e0c,refactor,2026-01-12T19:40:16+00:00
angular/angular-cli,a4573779449b33467b7ba698cd9e314fe30b2a43,refactor,2026-01-12T20:23:48+00:00
angular/angular-cli,8ba696742dcc7ba874970c6bb1b41b80e1c5c3c3,refactor,2026-01-13T14:31:14+00:00
angular/angular-cli,e6b62a1f2f9b7f21fb438b8c254266e4e4a8e75d,refactor,2026-01-13T15:01:41+00:00
angular/angular-cli,bc73e31f49e9211c9cca788cff6d7a970bc93c66,docs,2026-01-14T18:19:18+00:00
angular/angular-cli,630584ebbbbdedf0ac7b8768302af7ea87b1703f,refactor,2026-01-14T21:52:37+00:00
angular/angular-cli,284c47d9d99e54858e92e9fd6cf0afb37660b641,refactor,2026-01-16T14:35:51+00:00
angular/angular-cli,f9507ff8162f446be3c2d5bcec97c059e0263603,refactor,2026-01-20T17:36:02+00:00
angular/angular-cli,ecc0797c644a85ab63fb9a3ebd6d1ca63b6b0e56,refactor,2026-01-20T17:59:36+00:00
angular/angular-cli,cfcdbc0c0e4a976d080b1750527378e11142327b,docs,2026-01-21T19:13:04+00:00
angular/angular-cli,98ffb68f608ee48c14e67cd6a3dec3e33582c5ba,fix,2026-01-26T09:21:05+00:00
angular/angular-cli,1f1b21dab4fdec7cdbd6cd619f6e95708fd6484c,fix,2026-01-26T09:23:13+00:00
angular/angular-cli,6508bb1f9629527ff4dcb5d5dfec42716801e3d4,refactor,2026-01-27T07:24:43+00:00
angular/angular-cli,aa7381efd213eff70a8004731a7e2b06a60cb8c2,feat,2026-01-27T16:24:21+00:00
angular/angular-cli,247855c625d08d0946e087293596eb9870e59eff,fix,2026-01-27T18:25:54+00:00
angular/angular-cli,30bd75cbdac8a7e298a7e3e4cb2acdbe69128f1a,docs,2026-01-28T10:15:17+00:00
angular/angular-cli,0dd04f289e555a4a8af7bdadabe300da74701e3b,feat,2026-01-28T12:36:59+00:00
angular/angular-cli,b4a8d198c78aaf0cac7671f26162ce5818a5704c,fix,2026-01-28T13:04:07+00:00
angular/angular-cli,80c572bc8b0f052b6bd4bada60ad8a611898d40e,refactor,2026-01-28T13:26:02+00:00
angular/angular-cli,fe06d29729441f2395e87093e03e8993c98b7a4e,refactor,2026-01-28T13:26:13+00:00
angular/angular-cli,6f29a8c35abb8928d4e7ea01958192dd2a83491d,fix,2026-01-29T08:58:27+00:00
angular/angular-cli,5d1df50d8b84b453570ae5fd9ab6f949bbc11649,fix,2026-02-02T12:40:00+00:00
angular/angular-cli,cad7a7c0ff3778f04820a99ad0aa9d74f1067fd5,feat,2026-02-11T19:58:44+00:00
angular/angular-cli,15794dc101fffd49818545c4ab015a3bf238b14a,refactor,2026-02-26T15:49:34+00:00
angular/angular-cli,7f36a3635ba016620436d5d7b3c67ad3091499e7,docs,2026-02-26T19:49:37+00:00
angular/angular-cli,27cd355619aad140dfc221c6bd161f4a981e0f3b,refactor,2026-02-27T08:24:59+00:00
angular/angular-cli,13902292e7212119b4507d14ba281565b3601cbf,fix,2026-02-28T01:55:04+00:00
angular/angular-cli,414320d02a090b7b36720051569cba7563bf9ac6,feat,2026-03-02T15:36:32+00:00
angular/angular-cli,b47078fadf82e9502d508263d7579014d0044166,refactor,2026-03-02T22:37:39+00:00
angular/angular-cli,8adfc222560b6835c833ce07dd9fdeacfed440e9,docs,2026-03-04T18:53:55+00:00
angular/angular-cli,fe720cab64bbc8bcc2db583188e32ad938e63a23,feat,2026-03-06T15:14:49+00:00
angular/angular-cli,6324133c282f5e04ee6e9e46fc5f387cbbefad8e,fix,2026-03-06T16:00:00+00:00
angular/angular-cli,231f5798b2ccfc6327d7cdc820f837bc8fa79d7c,refactor,2026-03-10T14:18:07+00:00
angular/angular-cli,93c3eb8fb2a0d531f18779152b0a62e9b73dbb23,fix,2026-03-11T12:32:57+00:00
angular/angular-cli,05b6df9afd07747d61a217805db992298abfd359,docs,2026-03-11T13:05:33+00:00
angular/angular-cli,4d564f66f694011724d4933bf025f1c4fed55bca,fix,2026-03-17T09:56:42+00:00
angular/angular-cli,e39db2bb7c74466845469160a2dff0f491281445,docs,2026-03-18T19:21:35+00:00
angular/angular-cli,1a8376bee9b7683b84c2ae50d08e50d5c5c7b99a,fix,2026-03-20T15:04:21+00:00
angular/angular-cli,a203dcf1d9a6d544cbae867aa949ab0582e60a88,fix,2026-03-23T11:30:23+00:00
angular/angular-cli,4bbd1bf532fc2d9c36650121a05eae2fb096eb09,fix,2026-03-25T18:21:40+00:00
angular/angular-cli,9b51362d07337f511c751ef7c431516a7eabcf8b,docs,2026-03-27T07:50:32+00:00
angular/angular-cli,21d8aa4747573132476c3a0a4b7ea1f6405a71ef,fix,2026-03-30T07:24:52+00:00
angular/angular-cli,3007f46b7e077227b17d8bb1090edd2f8ff19ae3,feat,2026-04-07T13:22:17+00:00
angular/angular-cli,be60a63b7b8fdea26bfd3329ce54d321334db2d2,feat,2026-04-07T14:41:32+00:00
angular/angular-cli,feafdbdea63ef7975eda55607d1af5a9fb7ef740,docs,2026-04-08T16:12:27+00:00
angular/angular-cli,06dc0954e0c4812177c98b088f7cc4bcddfe0da2,refactor,2026-04-08T17:17:59+00:00
angular/angular-cli,c30452389d565c9c85920be9811764cdca1309e0,docs,2026-04-08T21:36:27+00:00
angular/angular-cli,cd2ad3c1958d9adadc214045b5e59c0c8f8b4499,feat,2026-04-10T10:19:30+00:00
angular/angular-cli,a0487d9469d551217e0a480a1b26491464c4c488,refactor,2026-04-13T14:36:27+00:00
angular/angular-cli,c4b659a5075105b99a2ccd59166b1face93d18b9,docs,2026-04-15T20:56:32+00:00
angular/angular-cli,8b62c188ac3e6fd00267278768af65a63dbe1e1a,refactor,2026-04-17T17:31:14+00:00
angular/angular-cli,b47dfbac431b7f22f769dbe3eec491811fa46aca,fix,2026-04-23T08:53:32+00:00
angular/angular-cli,73233dc5f41b570f5ac095b255a46de6cbfb54b7,feat,2026-04-23T08:54:11+00:00
angular/angular-cli,e9aa7967ba391e429ec1c04473efb4a2d38a62bf,feat,2026-04-27T15:40:10+00:00
angular/angular-cli,7c1eede7d8b41f85f791ed8df0cca3f69a0a485c,refactor,2026-04-28T11:32:09+00:00
angular/angular-cli,ce95753ebc083fc71dbed3b9de745a4707a7f8c9,refactor,2026-04-28T21:46:59+00:00
angular/angular-cli,0d1f298448a50e155b9eb1561978d78b571bce5b,refactor,2026-05-04T13:34:19+00:00
angular/angular-cli,d227e6985ef5540e0eea2571577ee2b9be0d3c64,feat,2026-05-04T17:23:09+00:00
angular/angular-cli,c9f4081533f6f114846b88a152a9d5dc7363d680,feat,2026-05-05T16:16:07+00:00
angular/angular-cli,b7940dbcb40291be4de5b31e8a8001165459a7d4,refactor,2026-05-06T16:48:39+00:00
angular/angular-cli,d2a1b1c5dc1daf070ec7542a582c8e1bd821fa40,docs,2026-05-06T21:38:44+00:00
angular/angular-cli,7932caaf987c5692d6624f6af23e65ce3f6d27fd,fix,2026-05-07T15:41:45+00:00
angular/angular-cli,0fdcde5426c6b61a55f494077e71ecead08dd04d,fix,2026-05-12T18:11:50+00:00
angular/angular-cli,c14eecad060d0b0eeeec30d459f7f45fb01dbae1,refactor,2026-05-13T14:47:38+00:00
angular/angular-cli,dfa82ec42d317ea7d264d47632c93de767bbe7b6,refactor,2026-05-19T10:42:35+00:00
angular/angular-cli,25fd7149e6b95839faeef8d882088228aeaf81e0,refactor,2026-05-20T12:54:02+00:00
angular/angular-cli,9eccdefbcaad7f4c76d9740d545ae987bc691b25,docs,2026-05-28T14:34:36+00:00
angular/angular-cli,21ca09882938b32d0a12f637e640682c13a9a266,fix,2026-05-29T06:04:41+00:00
angular/angular-cli,673dbaf89fbfb3a43752a2a0f99dc7b729cdf2df,fix,2026-05-29T15:40:52+00:00
angular/angular-cli,159d24571c4fa6557fee3bbc1910a812d1afb094,docs,2026-06-03T12:33:48+00:00
angular/angular-cli,09d3bbb2766aa6310fd250da72f39960c633a8fe,docs,2026-06-03T14:03:45+00:00
angular/angular-cli,3124d165de476ed219f860c7ea582b96a8181d5c,fix,2026-06-03T22:00:26+00:00
angular/angular-cli,8358805d31232229fb86bde9498a5ccef5048c6c,fix,2026-06-05T14:23:05+00:00
angular/angular-cli,59e5e967a35af4d9b828f7ca05bb41926271d62e,fix,2026-06-08T13:24:19+00:00
angular/angular-cli,d07e4190a730f09be4318586bee74bd40ec470d3,docs,2026-06-10T23:00:40+00:00
angular/angular-cli,b233e2cac6f79bcbb0fb2cbdcac4895229264652,docs,2026-06-11T16:39:05+00:00
angular/angular-cli,5875b6024ff9e59fddf7481b6b961d73ae809963,fix,2026-06-11T16:46:18+00:00
angular/angular-cli,851711b031603293b58e33357c70eea7675452e3,fix,2026-06-23T07:56:07+00:00
angular/angular-cli,7ef9ed24d3c111474ae21c06cb2b05a21804f586,feat,2026-06-23T08:45:19+00:00
angular/angular-cli,a583431e14149ff0c2cc37cb8a98035be821ce78,refactor,2026-06-23T14:20:32+00:00
angular/angular-cli,6e2fbc2a0c28fdd520e50e47c2460e639f3d0aba,docs,2026-06-24T08:57:54+00:00
angular/angular-cli,dc27e17fc2cbb91b10b508a7e46cd72734959ffa,fix,2026-06-25T06:37:23+00:00
angular/angular-cli,2d3eb7fb3b43b64c476296581481dbf67cb57b1d,fix,2026-06-29T12:56:44+00:00
angular/angular-cli,d9fb854c9a48ba8852d57f3fa8f7a9640ee0aab2,fix,2026-06-29T14:03:11+00:00
angular/angular-cli,a320755740aff42976587faa3079b85d5419009b,docs,2026-07-01T09:07:03+00:00
angular/angular-cli,6d9b360e5f2b7ab3d4ace4db35f674166630f658,fix,2026-07-02T06:42:56+00:00
angular/angular-cli,34d558c3c98e1b59a2c2808fc04bfbb63dfe8acf,feat,2026-07-02T06:44:14+00:00
angular/angular-cli,3789ceee18b4528c2acb7989b5d41c32d386a8a8,fix,2026-07-13T11:20:14+00:00
angular/angular-cli,0c18dc0f6d4f36d7bbb6f35b37bfa688e8fcf7d2,feat,2026-07-15T00:41:20+00:00
angular/angular-cli,f59bcf52917bc5e25b97c863f96127ec8d0f12f5,fix,2026-07-16T14:48:49+00:00
angular/angular-cli,5c3101bff2e1b9d0b0e4668a183e8bcab8a1540e,fix,2026-07-20T14:29:59+00:00
angular/angular-cli,6859d25c32b6c93cbbf2d4ad4143aa10b52b7588,fix,2026-07-21T14:12:44+00:00
angular/angular-cli,21b8fc0f1271af956dbcfaa4a816caacd64f5dec,fix,2026-07-21T16:19:05+00:00
angular/angular-cli,e12e00216cb2fcd1bc7f4895b39f6947eabdecb5,fix,2026-07-23T14:02:13+00:00
angular/angular-cli,abd8ec9f3e11f1410fcb87d0d9d60f56016912fe,fix,2026-07-30T15:30:11+00:00
angular/angular-cli,44ff584b33830aa839c08feb205f014e4e7b5dca,fix,2026-07-31T17:20:17+00:00
angular/angular-cli,d520dcad5d3f1792393601cec6b507fcaba320ab,refactor,2026-08-03T10:13:00+00:00
angular/angular-cli,ad8271320f67c2b1502e446f1e3cb0a05444d04f,feat,2026-08-04T06:56:07+00:00
angular/angular-cli,f9a7d52f66258406b079af580f4839b1682ba18b,refactor,2026-08-05T06:14:33+00:00
angular/angular-cli,b6ed4027b74bd975794fe0a40ab82dec82a9fcd1,refactor,2026-08-05T06:16:46+00:00
angular/angular-cli,bcadbbef2054e897b9d22c1456883fc68f0383c0,fix,2026-08-05T07:39:26+00:00
angular/angular-cli,c6aed953b9e8729823cde687da03eeff10653db6,docs,2026-08-05T08:19:10+00:00
angular/angular-cli,bad31421cbf23339d4fbd389a91d198df405697d,fix,2026-08-05T13:35:11+00:00
angular/angular-cli,3e9fed9a6a1d24f30812ca29ca621d9d9a14496f,fix,2026-08-05T15:29:12+00:00
angular/angular-cli,7106676e64ee234641b1b3cbd88fc058703d4d3e,fix,2026-08-06T06:31:01+00:00
angular/angular-cli,04b532772f6347d341b182135dee1758616a69d6,fix,2026-08-06T12:06:05+00:00
angular/angular-cli,3c7ac1518b062f14409b4d3c6c3e65c956424ad9,fix,2026-08-07T13:28:44+00:00
angular/angular-cli,ecf8c0822e5d56b44a0be4be8fccb41373135d3e,fix,2026-08-07T14:55:27+00:00
angular/angular-cli,6a3446770a8fbfecc7265eb2a6d764e2f1614b3a,fix,2026-08-07T15:18:53+00:00
angular/angular-cli,c536ae364975dd0088fd8717464c723a4dcb74e3,fix,2026-08-10T15:53:49+00:00
angular/angular-cli,f62a10254e8117f85bfa6814ab4375f0d14c7f65,refactor,2026-08-10T19:32:11+00:00
angular/angular-cli,2274babb662b8da2189f1ae9faaa528838052c32,fix,2026-08-11T14:45:47+00:00
angular/angular-cli,6a21ad683ee73e2e75c9fe3d51ad2813a3dbeaf3,refactor,2026-08-11T15:18:33+00:00
angular/angular-cli,cabe95c5241e19614de3923fbc9d52494b91bea0,refactor,2026-08-11T22:16:51+00:00
angular/angular-cli,7302341eb9e73141c2a6f9cd38d0939e2570c038,refactor,2026-08-17T17:03:59+00:00
angular/angular-cli,1ee0beca7b243cc4c06eb42b25d216d7b256b097,fix,2026-08-18T20:26:51+00:00
angular/angular-cli,8098402a9dde17f27a72bdf0e5d3d64cb1522d50,docs,2026-08-26T07:50:26+00:00
angular/angular-cli,701bde4818439de0e49c99d57dc749b0dd22c4dd,fix,2026-08-27T07:45:44+00:00
angular/angular-cli,4b8c62a8f1a1d312ef2e1e0df6b7642bf1db5c5f,fix,2026-08-28T15:21:07+00:00
angular/angular-cli,4182b96abc0a33de380a3e15afd35179ea4ac98d,refactor,2026-08-31T11:43:22+00:00
angular/angular-cli,a2dcb23103ad9c42ca983ac4f4906ba40073d7e0,refactor,2026-08-31T11:43:22+00:00
angular/angular-cli,88e3fc05073120820dad07af0311d9b6f3fdd717,refactor,2026-09-02T11:09:23+00:00
angular/angular-cli,19866370d7b33dd36e1a828ee4def49b73957a3c,docs,2026-09-02T19:32:45+00:00
angular/angular-cli,12459ee5084311c9d7be53b179e26f3860207b49,refactor,2026-09-03T12:31:55+00:00
angular/angular-cli,54d712f57904d2f612eec27a0507ea298b40915e,fix,2026-09-03T15:46:20+00:00
angular/angular-cli,fe2f180fd0c2fa02706353ca6a034d235feb6c59,fix,2026-09-03T18:24:21+00:00
angular/angular-cli,ef40c6203867f319f61112309aec4b24a07feb44,refactor,2026-09-04T17:16:22+00:00
angular/angular-cli,5d21812aaedc57cbd9378a99d9747f80c413cdc3,fix,2026-09-09T14:21:52+00:00
angular/angular-cli,77e8b6bd8163ff9c160f3d6f4ba06ccbb119aefa,refactor,2026-09-10T08:43:19+00:00
angular/angular-cli,b423bc39cd59c73ae79402c6cccdc0ecf1d7aaa1,fix,2026-09-10T11:43:54+00:00
angular/angular-cli,86ebc04fc531bb3cb81c6362d14d79a4606a4aaa,docs,2026-09-10T15:17:27+00:00
nuxt/nuxt,00e13c3e41275caf21496a2e9c2c8667ca68fd65,fix,2020-07-16T09:40:48+00:00
nuxt/nuxt,38e72f86c2b5e891d4c86e4801cd42eb136f9cea,feat,2020-07-30T23:40:16+00:00
nuxt/nuxt,daaa8eda8cf48f4f9da70946a77a39b2208cec25,fix,2020-08-17T15:54:44+00:00
nuxt/nuxt,d1718230edc7a2385d504abb0d3c61e44ea9968d,fix,2020-08-18T19:25:13+00:00
nuxt/nuxt,5a7f5164f0b4f6d3b8a2fca526f194545f6796a6,feat,2020-09-25T16:31:25+00:00
nuxt/nuxt,09476134eeeb12c025618919ab9a795a680a9b30,feat,2020-10-01T10:11:20+00:00
nuxt/nuxt,dc2d17baca264db055c9c05c2f05481648de6af5,refactor,2021-01-22T10:56:28+00:00
nuxt/nuxt,0b31d93892e6ef955dad08edd12ea747a48e56c7,fix,2021-01-22T16:41:31+00:00
nuxt/nuxt,c89166f8f998d8d156b69ca43f06aaff225afd88,fix,2021-01-22T20:57:17+00:00
nuxt/nuxt,9be282623cf69270fc4f28ec599c0844fa3bfaea,feat,2021-01-22T22:02:33+00:00
nuxt/nuxt,694a6b5635e17448fb5f55c7523369f7b8cd5884,fix,2021-01-22T22:32:02+00:00
nuxt/nuxt,270bbbc47ef0b9a95042feebac3cc1ecb3f44683,fix,2021-02-18T10:47:23+00:00
nuxt/nuxt,bece3b85abb579d0b4d42a92ee85ba2480ec3c3d,feat,2021-02-19T01:08:45+00:00
nuxt/nuxt,52d28c041a0dbf46dd0cb5492835b0d1fbd7436b,fix,2021-02-22T10:04:46+00:00
nuxt/nuxt,040e14f2b6b93f47a3e1c7cd2ae821cdfab3c53c,fix,2021-02-22T19:11:54+00:00
nuxt/nuxt,5248c61ed0c65d5da7c0e49eb8f50aba208af8b6,feat,2021-03-01T09:45:37+00:00
nuxt/nuxt,545bfe4f9e1dab086e03eb2cdad151b754cb90ba,feat,2021-03-17T09:18:32+00:00
nuxt/nuxt,823e1a1eb46853431b2945f37551cd2590faf46e,refactor,2021-03-29T09:33:38+00:00
nuxt/nuxt,2c1eb8767180fc04b91fb409976b4fe1e0c3047d,fix,2021-04-03T12:42:02+00:00
nuxt/nuxt,5ed6fa76127ba8a2c9f65372d85f7e1bda82b907,fix,2021-04-04T12:28:31+00:00
nuxt/nuxt,9c21ea52ea3571a54ec3173644f73cdc851d1fb5,fix,2021-04-04T17:39:54+00:00
nuxt/nuxt,b12cbc5ed2f5448ba9c896a14730c09a6ee88e1d,fix,2021-04-06T12:10:57+00:00
nuxt/nuxt,f66d91772974fe1859130462389ada72829df377,fix,2021-04-06T12:57:10+00:00
nuxt/nuxt,b536ab4ba7c0d8d38224e61c1f91ce528a6ba4e8,feat,2021-04-08T14:54:50+00:00
nuxt/nuxt,a030c62d29ba871f94a7152c7d5fa36d4de1d3b6,feat,2021-04-09T15:52:45+00:00
nuxt/nuxt,9a23c2a553e7a00952233ac9f2a35519047f27bc,fix,2021-04-12T21:52:46+00:00
nuxt/nuxt,dacde630634700172ccd54a1e4f1d0469b28bd30,feat,2021-04-12T22:12:30+00:00
nuxt/nuxt,e224818395cd366f2a338ce3da4aaae993f641b7,feat,2021-04-15T19:17:44+00:00
nuxt/nuxt,586709a82d7ce45d7cbd528bb7ee002dccae5611,fix,2021-04-19T20:29:39+00:00
nuxt/nuxt,4c0dba202ff0b97ee8ebef06018471cb4d4fbaf5,fix,2021-04-21T11:16:04+00:00
nuxt/nuxt,47c28551c84f025eb9f9e29bd912026f7b143279,fix,2021-04-23T21:01:00+00:00
nuxt/nuxt,2a2c4d5e46b3d47c28807bb6f50fb480a34c34e3,fix,2021-04-28T13:25:13+00:00
nuxt/nuxt,813df279ec9025f69eaf24d07ad5d63e99d0dc21,fix,2021-04-28T13:32:26+00:00
nuxt/nuxt,c7328732fbf7c47a9a9a71291b54def3444e1463,fix,2021-05-19T15:34:44+00:00
nuxt/nuxt,a82e7b9008668897a73ec7c1d8328321211b08fd,fix,2021-05-24T11:21:37+00:00
nuxt/nuxt,4c0ba0151d21b59621b1b9dd0b7872e5ef4c9a58,fix,2021-05-26T18:44:08+00:00
nuxt/nuxt,495c962ab0e07f3f38521e83235cb9d8b4e86190,docs,2021-06-07T12:24:13+00:00
nuxt/nuxt,f6dbfd38727ed20bd60d4cc44c378d26e24a6fa6,docs,2021-06-08T19:46:16+00:00
nuxt/nuxt,9164179b50220e8f7e868b58e04296f96f828149,docs,2021-06-08T21:57:15+00:00
nuxt/nuxt,7c85daa64e8ba29d31f2de664e90e9cfb04a81b1,fix,2021-06-14T09:03:44+00:00
nuxt/nuxt,8740ece29e8e2dbeac02742685d0e17c5ccf44ca,fix,2021-06-14T09:37:54+00:00
nuxt/nuxt,5bd639a4938ce15ea2584b831915123192c69aa0,fix,2021-06-14T18:52:40+00:00
nuxt/nuxt,a3fbc3954f738444602bce3a47dee421262f8046,docs,2021-06-14T18:53:03+00:00
nuxt/nuxt,f2672ac230446aec42061e9dfa152cae48ec309c,docs,2021-06-14T19:12:00+00:00
nuxt/nuxt,2c5ceab003dfe898536ee089e967ec0cedc2c81e,fix,2021-06-16T11:22:27+00:00
nuxt/nuxt,77e489aae37ce1bc8ad12e20b7a4dc3d6f1085a7,fix,2021-06-16T11:48:16+00:00
nuxt/nuxt,58327824fb273b8875fb313ad84059b4c3e180e2,fix,2021-06-17T09:56:21+00:00
nuxt/nuxt,3e855c280f01e373f136d1f0e35ff2dd66fdb3d9,fix,2021-06-17T10:01:24+00:00
nuxt/nuxt,62b19c63f33bb8d6f208c934dc1cb16390992459,fix,2021-06-17T10:02:22+00:00
nuxt/nuxt,a0f81cd1fbdfae8d8eabc8e015b7635bdaa93575,feat,2021-06-18T16:50:03+00:00
nuxt/nuxt,1518a2a070ea4cbdf6f61a87b2c2caac9e7ba3d1,feat,2021-06-21T12:09:08+00:00
nuxt/nuxt,c124967d8ceb5359ae69390716ae2289d0b459ce,fix,2021-06-22T10:03:47+00:00
nuxt/nuxt,debe5a98b0429bf9c13f99e7c568de5d1cbcd123,feat,2021-06-24T14:06:16+00:00
nuxt/nuxt,3829a2172934df6ab7b9becd893c65ffdcf0d4fd,fix,2021-06-30T09:22:16+00:00
nuxt/nuxt,1370dd6719765c1be3dd4f1c79f6378ca62d8f5c,fix,2021-06-30T10:26:11+00:00
nuxt/nuxt,53f67561785e564ecc9e2c8823c646b6cbfe83d7,feat,2021-06-30T10:53:10+00:00
nuxt/nuxt,6cd5f8816f3c2deb34908751e101fd4cb54aef4c,fix,2021-06-30T13:55:11+00:00
nuxt/nuxt,e70978d1c07ae80734ce1b05f697cdb5ee445e99,fix,2021-07-02T12:45:15+00:00
nuxt/nuxt,b53d8a77ffe1bdd69ae8dcc41da9d37a867329cc,fix,2021-07-07T18:41:51+00:00
nuxt/nuxt,9e8b042bad8eee62aa6264a02d40139661918945,fix,2021-07-14T14:39:48+00:00
nuxt/nuxt,d995e83a314bcb36b25648a2bd10d725c2407047,fix,2021-07-14T14:40:40+00:00
nuxt/nuxt,bec27209303418990e31761f3d6e4f5e8e503abb,feat,2021-07-15T10:18:34+00:00
nuxt/nuxt,7eecc84f4d9a7be5335faa3926e445db7d80499d,fix,2021-07-15T11:08:14+00:00
nuxt/nuxt,b263b4f930adf26d883b3724a44c935c8dc43746,feat,2021-07-15T11:28:04+00:00
nuxt/nuxt,5d7ded368b49095be207ce25caff3ee9796c8819,fix,2021-07-15T14:42:11+00:00
nuxt/nuxt,7fee983b5272baddfe638f336c23c2bcb5ac0b52,fix,2021-07-22T14:25:26+00:00
nuxt/nuxt,f980ef235f5184b36db69bb8b571563727b929d9,fix,2021-07-23T14:58:38+00:00
nuxt/nuxt,e43e9cf71a63ce5224f4df3d68e79d0af376f414,fix,2021-07-26T10:37:39+00:00
nuxt/nuxt,864d2683ab6dd6f1eed16a772846f9b3f633c73b,feat,2021-07-26T10:45:42+00:00
nuxt/nuxt,57a29744509f11ffd2ceef32521024c5f3a5ea7f,feat,2021-07-26T14:46:19+00:00
nuxt/nuxt,cc212cedc88a7a5fb834ccb50266eba68260ed92,refactor,2021-07-28T11:35:24+00:00
nuxt/nuxt,bb757045ec1b0f35b5b88b0d08e2381cbcd9eb59,fix,2021-07-28T12:00:39+00:00
nuxt/nuxt,4a989e9b7a10d9bb9de03562a945fd09e864f4be,fix,2021-07-28T16:42:59+00:00
nuxt/nuxt,32cc017c2691bb737a6d2464cc9e48d8f3c08fd6,docs,2021-07-30T16:40:50+00:00
nuxt/nuxt,fce147f177dadb18a14503d425f8205d0921a449,feat,2021-08-09T15:42:52+00:00
nuxt/nuxt,25e96bb8962689103b9b42c09ef37d59397fac0c,fix,2021-08-09T18:24:52+00:00
nuxt/nuxt,4b5d9f1052ba521b63237f629af8de7761d1687e,feat,2021-08-09T20:54:12+00:00
nuxt/nuxt,b2b4c64807b1240c7da0312d7305734573d60000,feat,2021-08-10T00:27:23+00:00
nuxt/nuxt,cbce777addb3dd118232a9f28db9d425d4c937b2,fix,2021-08-10T16:53:46+00:00
nuxt/nuxt,084b4e2123412501df12bddf2fcf2ccf2cafe37d,refactor,2021-08-10T17:37:03+00:00
nuxt/nuxt,ee0163c273dd74a0d3e5315cb1110c521fe0c58c,refactor,2021-08-11T20:28:38+00:00
nuxt/nuxt,052edd220d9a66afb36d8572315b0339c976373c,docs,2021-08-11T21:48:33+00:00
nuxt/nuxt,193d7bf8bc24618b63e1f67ffcf6d9d0e4e7d10e,feat,2021-09-05T20:33:24+00:00
nuxt/nuxt,0c50af9fd5ba9b17f5a30191fec5755539901704,fix,2021-09-05T20:35:54+00:00
nuxt/nuxt,de57626a7a079bb4b64c467292699263e6bad547,fix,2021-09-05T20:48:38+00:00
nuxt/nuxt,0b3271d2751a78f8a16faf22767da658b8569ec9,fix,2021-09-05T22:00:07+00:00
nuxt/nuxt,e363ed5853a4174a218e30ecaa58a1348740c588,fix,2021-09-08T14:32:36+00:00
nuxt/nuxt,4cd6d80448493aa2aac62cf3304a49cc0544c06d,fix,2021-09-10T11:22:20+00:00
nuxt/nuxt,57f435a59f02b707301c913e96a7fd9497ce479e,fix,2021-09-21T17:02:45+00:00
nuxt/nuxt,fc019b88169fe1ad47bf962f966c0976f83cc907,feat,2021-09-22T15:34:11+00:00
nuxt/nuxt,c4e46881cc658f952edecbf8f1801c8dbbff3e0c,refactor,2021-09-23T17:57:37+00:00
nuxt/nuxt,c5979d9fb54f904eb31dcc3892aa81f2ad1a66c7,feat,2021-09-25T08:18:01+00:00
nuxt/nuxt,3bf856830ba28ef48f7f28df7949562324fb191c,feat,2021-09-25T08:24:37+00:00
nuxt/nuxt,6329a681e41167c279b44dbcc9a4f1967b494289,refactor,2021-09-27T12:49:36+00:00
nuxt/nuxt,7fdcee3252b46aef76692e48fe7986a138b3e8ee,feat,2021-09-29T10:10:46+00:00
nuxt/nuxt,4837b92e57d1b059b0c6c26070a6957065214c73,fix,2021-09-29T14:33:09+00:00
nuxt/nuxt,041b60f48e0d08329267ab9d9e1edf2ee64581e6,fix,2021-09-29T18:16:16+00:00
nuxt/nuxt,e13baf9867cd0d8f9981105de4d051858316a4ea,feat,2021-09-30T18:19:55+00:00
nuxt/nuxt,40d3aae43942c1a24720ee151a77cfac608fe2b1,fix,2021-10-02T11:44:51+00:00
nuxt/nuxt,9110765cb58e50aa42f0944860acdf811e58752d,fix,2021-10-02T12:30:12+00:00
nuxt/nuxt,bba79f4836d134054a19302950655caa4caab2e0,fix,2021-10-02T16:19:36+00:00
nuxt/nuxt,b712de9aa28fed5ae014c4bc9542e2deff39d91d,feat,2021-10-02T16:59:32+00:00
nuxt/nuxt,eb0332126e07bf93a38a77175a96e68c0d6c528a,fix,2021-10-02T18:04:02+00:00
nuxt/nuxt,768488f07d7977f55a3d97d4ca9432d1e320ba7a,fix,2021-10-02T22:39:02+00:00
nuxt/nuxt,48458e454412b57df207da6cfc2d57bf0cfa2053,fix,2021-10-02T23:00:21+00:00
nuxt/nuxt,0a9342c02d2e22873135fb605c81279e28631065,fix,2021-10-02T23:39:51+00:00
nuxt/nuxt,71c44168f0f73e85bc1271ca37ef71d68330b528,docs,2021-10-05T15:13:21+00:00
nuxt/nuxt,dd73a8bcad8d61d8a1ed20cac7dfdacdb2fc3663,feat,2021-10-06T12:31:52+00:00
nuxt/nuxt,a07b67ce577f37dc2356c02b1c078ecf6a8aab82,feat,2021-10-06T12:37:45+00:00
nuxt/nuxt,ac16127a13e8282d7a7b5fa3e56b8fbf9cc64b1b,fix,2021-10-06T15:39:13+00:00
nuxt/nuxt,4b3814a14f787f2267d891b78e544901ace422be,fix,2021-10-06T17:58:57+00:00
nuxt/nuxt,11490cdd7da54699068ec0d3cea54b4a2c2ce23e,feat,2021-10-07T08:31:29+00:00
nuxt/nuxt,cc2279bd8a3bd8a10191fd24b8d3b2d1de5759b7,refactor,2021-10-07T10:09:09+00:00
nuxt/nuxt,5275624f2eff388aec72a4763017e0a3fc4b8366,feat,2021-10-07T13:43:34+00:00
nuxt/nuxt,8df29679ce477fa2d045ff451f24e02a31ada5b9,fix,2021-10-08T07:17:58+00:00
nuxt/nuxt,e614328406d48b566b57ae62f81bb8c5ebf45106,docs,2021-10-08T09:56:44+00:00
nuxt/nuxt,a4e903e55eb512a5615636a01af434624927cba0,fix,2021-10-11T08:21:45+00:00
nuxt/nuxt,051289af4eead26ca2e187ea4bbb77a907395579,docs,2021-10-11T21:49:54+00:00
nuxt/nuxt,54c57e3987f87aa2be0d6ad15995302bf907baa7,feat,2021-10-11T22:36:50+00:00
nuxt/nuxt,e531b65a32048ddcc76c3c8e2b26b8f285d70e35,fix,2021-10-12T01:38:30+00:00
nuxt/nuxt,daf582662c1501a2ef8d57f4df15fc453349b57b,docs,2021-10-12T02:08:26+00:00
nuxt/nuxt,d09a5531f2290e17ce569a6aa478ebd6eee6cb1b,docs,2021-10-12T10:21:00+00:00
nuxt/nuxt,9f0683079e6c8e541dc22dc7e9c6f48ecccc1bbf,feat,2021-10-12T14:28:49+00:00
nuxt/nuxt,559c3084f095c371615fd7360412c5e18883bac9,docs,2021-10-12T14:57:34+00:00
nuxt/nuxt,e721fd423657070ac5feab889cd7ecd05553cd72,docs,2021-10-12T14:58:28+00:00
nuxt/nuxt,7bf2412eaea5b99c72b077478fe4e7d4f114c211,refactor,2021-10-12T15:22:06+00:00
nuxt/nuxt,2a0afbd09296cd65d30c5ef5a5324d64149bc3fe,fix,2021-10-12T15:22:37+00:00
nuxt/nuxt,3759926de5fe0161de479c3ee6d6ff7f96e7d4e8,fix,2021-10-12T17:39:55+00:00
nuxt/nuxt,47ea41dadbdfdf9a3ad3557b03edeb3d673542da,fix,2021-10-12T18:01:27+00:00
nuxt/nuxt,d5127e95acfe1e4b124bf022c0949a793565b495,fix,2021-10-12T20:16:43+00:00
nuxt/nuxt,0f7b252b3f0490699427124e9db16e04f7781316,docs,2021-10-13T08:54:57+00:00
nuxt/nuxt,33e7f68c15120ea6cd38ac3475e5845dcff4ae33,docs,2021-10-13T08:55:30+00:00
nuxt/nuxt,950d08559ab4a2605bff1b159399ac9573a836d2,docs,2021-10-13T08:56:59+00:00
nuxt/nuxt,961d142039b46808021f7a4e1e8422ef52f687eb,fix,2021-10-13T09:09:24+00:00
nuxt/nuxt,8f38280978829475f49e7ec16f61670c4e51c1fe,fix,2021-10-13T10:33:21+00:00
nuxt/nuxt,fe1f90a34bd8040a3fa13f4fb61a01f16ceddfe7,docs,2021-10-13T12:08:30+00:00
nuxt/nuxt,4bbca495d32753086ae0f21a6b7435731f6e4eb6,docs,2021-10-13T20:09:40+00:00
nuxt/nuxt,b2c74d739f9865aae80568dde4f311267a7b63af,fix,2021-10-14T11:17:39+00:00
nuxt/nuxt,0b45721b8e61800882b127c85a2dd6e40929f05a,feat,2021-10-14T11:36:04+00:00
nuxt/nuxt,4a34c2a75be5f7bbe4c48451456fcaab274ddd67,fix,2021-10-14T12:11:21+00:00
nuxt/nuxt,080f497eeeeddf6aa2290d007fc0a389864ef8d7,fix,2021-10-14T13:21:55+00:00
nuxt/nuxt,ab28056018f5ba0e93365830990396dc209be39d,docs,2021-10-15T10:12:33+00:00
nuxt/nuxt,91abb2bba0c8793aa95114110e78046f56d4dec4,docs,2021-10-15T10:14:17+00:00
nuxt/nuxt,a1bcc534bf729eccb1ceb1898cc11d8360cb2de8,fix,2021-10-15T10:28:34+00:00
nuxt/nuxt,93f7d776c4b1f19e56b555143d66f424f4f034d7,fix,2021-10-18T08:03:29+00:00
nuxt/nuxt,61518a972ffd8b4375133aec7ea0c711a265eea5,fix,2021-10-18T08:08:22+00:00
nuxt/nuxt,6cfe98941db77172c0dc14890a86bc7c47b27070,fix,2021-10-18T08:14:22+00:00
nuxt/nuxt,f974425cc408c57076083944611fdfcc2e3d15a1,fix,2021-10-18T09:06:23+00:00
nuxt/nuxt,185366ec2d23c82d4ddf5db271e5fa4fcbc83e67,fix,2021-10-18T09:54:29+00:00
nuxt/nuxt,adf497046b38ddd917a7bb0e18ea94eaf8fb2dd2,fix,2021-10-18T10:12:01+00:00
nuxt/nuxt,0c937339b95e44886b6d0fce7e91041e95c3971f,fix,2021-10-18T12:47:26+00:00
nuxt/nuxt,dbbce5fcfa6ffbd3e94898fd2d65f35ef9eb35e0,feat,2021-10-18T12:49:02+00:00
nuxt/nuxt,807f4a325f339dd126ebe9537d1bb3a27c5bf022,fix,2021-10-18T13:38:04+00:00
nuxt/nuxt,0ab477cad05e74a92d2c23f1002e54f4d6930242,feat,2021-10-18T13:39:53+00:00
nuxt/nuxt,6546fccbf9643c406115d38304909a8aaad16c6d,fix,2021-10-18T14:22:02+00:00
nuxt/nuxt,8607d0ae4c4cf700691931f2aed9cc45f4220023,docs,2021-10-18T14:31:47+00:00
nuxt/nuxt,a6071393b63b40583c3e2f08ddf302119d943a06,docs,2021-10-18T15:07:17+00:00
nuxt/nuxt,80883cfb8f38dce53cef27a573ef48a7da432853,fix,2021-10-18T16:08:37+00:00
nuxt/nuxt,8db76fcf2ea63218d3a367b8c1719bed69871d44,fix,2021-10-19T11:24:51+00:00
nuxt/nuxt,4526af78a9a64e2b5f08dd80ec5a1725871f52fe,fix,2021-10-19T11:37:59+00:00
nuxt/nuxt,550a9f2e12006edf2cc910ddf8331865f3399b18,feat,2021-10-20T09:47:18+00:00
nuxt/nuxt,d166b78e0644c3cf41db51786f8417d788417970,feat,2021-10-20T09:50:29+00:00
nuxt/nuxt,ffb05fc7341e1be8d0281aefe868dc2b68d3d0e6,fix,2021-10-20T10:54:02+00:00
nuxt/nuxt,d365a45eb1a25bdfa124c3ecea3795c49b2bf708,docs,2021-10-20T13:33:33+00:00
nuxt/nuxt,7f7794787bdfddcb8ac5f3e030bbad9510c28098,fix,2021-10-20T18:50:01+00:00
nuxt/nuxt,b421c81e8490c94710a7f7f56610dcd352d8f29b,fix,2021-10-20T19:02:24+00:00
nuxt/nuxt,1a41c8819bcec95a0c47d45f6163b4f4d3cd23c6,docs,2021-10-21T09:58:07+00:00
nuxt/nuxt,f04d6e3b53df44e1cff77f3eca064d7e021c7fd6,fix,2021-10-21T17:02:26+00:00
nuxt/nuxt,694e95b2b436d23a492d207a894801f7e58b6cbb,feat,2021-10-21T19:16:52+00:00
nuxt/nuxt,a65d1e8be8f87a885644a4b2f5bddf89dc78cb49,fix,2021-10-21T20:15:11+00:00
nuxt/nuxt,776539b809c2653f11f20d4b1f4bbe6b4c1af17e,fix,2021-10-21T20:18:39+00:00
nuxt/nuxt,54549cfc6172a4b7c299d4e04c7b29170613147e,fix,2021-10-22T17:04:02+00:00
nuxt/nuxt,8f119ab0cf834fa28179c44662425c40cd1f099d,feat,2021-10-22T22:28:18+00:00
nuxt/nuxt,7d918e14579d19a3c5ff9c744909a1486a5fb05b,refactor,2021-10-22T22:33:22+00:00
nuxt/nuxt,cc033a8d7c75192ea6857befc741248b1ec444a6,docs,2021-10-24T10:12:19+00:00
nuxt/nuxt,110b2b268046d7a33466553e833193a9e122d2e2,fix,2021-10-24T14:48:02+00:00
nuxt/nuxt,ad7e7551ec8de64b300bd6b61432ce3290c76d3f,fix,2021-10-25T09:23:15+00:00
nuxt/nuxt,c6f769e94db7c206d801935bb0f70567e338cde6,fix,2021-10-25T10:36:38+00:00
nuxt/nuxt,4f9c87b99a2f9729f868c6580623174350ec4ce6,fix,2021-10-25T14:14:52+00:00
nuxt/nuxt,d2cc9e4bd0fdf031eca366cfeda49efff7bb475e,fix,2021-10-25T16:32:20+00:00
nuxt/nuxt,1f0cea6e7fabe7e5a4f62af53bc18df99b393f84,feat,2021-10-26T17:36:22+00:00
nuxt/nuxt,41ff3b8efe1c2f55f435d13ffd1c7d4d7ed2f61a,fix,2021-10-26T17:37:52+00:00
nuxt/nuxt,cf99fd2862be6ecf82b2457e39bfb02a1205ed74,fix,2021-10-27T11:32:26+00:00
nuxt/nuxt,f5281e5df78f06a8270e93bc07e766084b4bc03e,docs,2021-10-27T11:41:45+00:00
nuxt/nuxt,4374277bfa75bb0b14fa9d31481a31c37cefd63c,docs,2021-10-27T11:43:05+00:00
nuxt/nuxt,357bb7f271bf7bfd6f013825c3f4ebbcb05d27c0,docs,2021-10-27T12:46:52+00:00
nuxt/nuxt,84e299f2808f4123753d4a2345f8eeed55104b6e,fix,2021-10-29T08:27:37+00:00
nuxt/nuxt,2eeaa8d70214a703488cdb904f6fd8a1f8c9037c,docs,2021-10-29T08:29:54+00:00
nuxt/nuxt,8d1fcf3d69c493a425e4057f4d1c96f29ce421bd,fix,2021-10-29T10:10:36+00:00
nuxt/nuxt,c420e46efed90706c6eb9433d2dd80f97e439293,fix,2021-10-29T10:42:55+00:00
nuxt/nuxt,348c82d55a6d9c0f58acdaffd7e0d47a64e10941,fix,2021-11-02T09:31:35+00:00
nuxt/nuxt,8838cc7192657eeaffd55049b907d74c9ec76cb9,docs,2021-11-02T09:36:01+00:00
nuxt/nuxt,a8b969a4dddc20e8c0419607fea7bed4ab2d8ab2,feat,2021-11-02T09:37:48+00:00
nuxt/nuxt,8ad5d89a15e4225650db75d4ad5bec9b4bb340f3,fix,2021-11-02T09:38:32+00:00
nuxt/nuxt,2b35e92bd73102dc7ef46e1913fbdec1c206b411,fix,2021-11-02T09:39:42+00:00
nuxt/nuxt,b49c62b3353843dfcfb57a1e9cea2c320430aa05,fix,2021-11-02T09:40:56+00:00
nuxt/nuxt,e58270a50f5956a092f221bc05d6e699c15f945d,fix,2021-11-02T09:49:45+00:00
nuxt/nuxt,efe1fea1d1b5b6fc0b3ec4e0e750e9dd0c894692,feat,2021-11-02T11:27:25+00:00
nuxt/nuxt,f3ff87c81263d7112ef71e83ffb117f216b5efba,fix,2021-11-02T11:28:19+00:00
nuxt/nuxt,aba2d224d0a009c00946301e1bab4c30ef805082,fix,2021-11-02T12:26:43+00:00
nuxt/nuxt,0dd86de5862afa916b34d6e32b939a67c30f08bd,fix,2021-11-02T15:27:42+00:00
nuxt/nuxt,3cd44947706c70fd70d838985fd480642382f976,fix,2021-11-03T15:06:42+00:00
nuxt/nuxt,875deefafc03e89395b5b8da64f415df5766a04a,docs,2021-11-04T11:20:40+00:00
nuxt/nuxt,6f1f12af1696d4ab503402417368da84d3a0e103,fix,2021-11-04T18:18:36+00:00
nuxt/nuxt,f4615916470af0aa61d6a4615730db6b8af9cbe2,docs,2021-11-04T23:24:06+00:00
nuxt/nuxt,91b428eeea2c86ffbf7d13a102da9e7c84bf71d6,fix,2021-11-05T08:51:15+00:00
nuxt/nuxt,c676493011572bdf69f629a23fe24103584aa31e,docs,2021-11-08T10:21:26+00:00
nuxt/nuxt,39db33d625f39c9684adfacf66d541e078ce591d,fix,2021-11-08T10:33:42+00:00
nuxt/nuxt,34b7e7991c5b71b1f94d28e909c0ae6158af30d7,docs,2021-11-08T10:41:30+00:00
nuxt/nuxt,13a8e2b163684f2b2517c534e4da447c4bc16e5b,fix,2021-11-10T12:40:02+00:00
nuxt/nuxt,d701238d275eed9fe94f872130a8d6683fa541d7,docs,2021-11-10T21:25:52+00:00
nuxt/nuxt,e609f9f5423fc5c7e58b0c01c561fb5f7b897a32,docs,2021-11-11T13:58:08+00:00
nuxt/nuxt,850ef69a878294bb2854fdfe07d1d8bc71d0d52d,fix,2021-11-11T16:46:10+00:00
nuxt/nuxt,73f9cd2f94f374116f2b95c074eee8dae29857a5,fix,2021-11-15T10:16:26+00:00
nuxt/nuxt,1a8fc3dd1db6a2de0daff462f21c3fbc689a9d9d,docs,2021-11-15T10:30:38+00:00
nuxt/nuxt,934db6b584ee48f0aae2eb334523b33a903f91b3,docs,2021-11-15T10:30:59+00:00
nuxt/nuxt,0a74940bf619d33e9163e40b305105cb1dfb3001,fix,2021-11-15T15:59:15+00:00
nuxt/nuxt,a7eacfed88c66b0fbe22fd383b1206581a396a2e,fix,2021-11-15T19:13:54+00:00
nuxt/nuxt,c53b6a5f2edeb329ac9fb70d43e889523c17156b,refactor,2021-11-15T19:20:51+00:00
nuxt/nuxt,b16cfea689a205cb0614ab981c82cf6a15c89873,feat,2021-11-16T12:32:21+00:00
nuxt/nuxt,bf0933a2f0da518dea824508f3e75c6120df5863,docs,2021-11-16T13:17:52+00:00
nuxt/nuxt,86a47a2fea5e7d616b5a3f7deaf123d5586f1cb1,fix,2021-11-16T13:28:29+00:00
nuxt/nuxt,a08b435f51a2e054a708eb5dae283f74b8874450,refactor,2021-11-17T14:37:34+00:00
nuxt/nuxt,1e0e8818daae5d2f969f59e49c510a065e9eb650,fix,2021-11-18T18:11:43+00:00
nuxt/nuxt,446cec7234592815fc5cd3734c30eaa37cf90c10,docs,2021-11-19T11:36:25+00:00
nuxt/nuxt,b1371373c87e6d1916c591423db47a36f929c17b,docs,2021-11-19T16:26:15+00:00
nuxt/nuxt,9efdf43eec0cd4af8e4978909c53bfab6d0e2f81,docs,2021-11-21T12:31:44+00:00
nuxt/nuxt,4055024e5f79b42f8d7433d516d30089c20be3a1,docs,2021-11-21T12:32:16+00:00
nuxt/nuxt,90153a9fb8455c5238e8bf2e6fbceb120b55bba1,docs,2021-11-21T12:32:28+00:00
nuxt/nuxt,9920181df3798cb6a54e0a353b8676c48d5fc1de,feat,2021-11-22T20:43:00+00:00
nuxt/nuxt,92a03d600214f88fdcc94c3896c80c375e3ab176,fix,2021-11-22T21:29:11+00:00
nuxt/nuxt,a12df6977892b14564a6a87385db440d64a2396f,fix,2021-11-22T21:49:48+00:00
nuxt/nuxt,c3b72a6ee28fe3c5fc63d51b5616c31bb565b462,fix,2021-11-23T00:23:33+00:00
nuxt/nuxt,7e5e50bba7fe3bc564a7bf9fe72142b9e8e1062c,fix,2021-11-23T17:50:20+00:00
nuxt/nuxt,ae80e5bdc804b8d1bc1e586b774be3a75a886da3,fix,2021-11-24T15:44:02+00:00
nuxt/nuxt,f3082ca6017f38788aee9f32395b6ab8ebd90cfc,fix,2021-11-24T20:13:12+00:00
nuxt/nuxt,730cd28d5ec6b77dc9534dac839d68d6c05cabc7,docs,2021-11-29T11:13:48+00:00
nuxt/nuxt,cad09fe9b352b5ce5baa6b2c3f565f6dd1ce1e25,fix,2021-11-30T15:39:45+00:00
nuxt/nuxt,6e719d69774d2c2214ac789eb6f79d340816dfe1,fix,2021-12-01T11:56:58+00:00
nuxt/nuxt,af6f91e8fee2ec0542706bcd2dc661483fafae4f,fix,2021-12-01T11:58:24+00:00
nuxt/nuxt,bd36e1351a4e6eab08eb7c19bbb630273711b41e,fix,2021-12-01T14:38:31+00:00
nuxt/nuxt,6a25d3e245a88d3c838dafa643a5210dba625d73,fix,2021-12-02T11:29:26+00:00
nuxt/nuxt,5a9878207a2051d953ebb0940acf176c65734433,docs,2021-12-06T10:16:18+00:00
nuxt/nuxt,bb43d0a7a18b1eb2266f280a4e849a5c2780548c,docs,2021-12-06T10:27:36+00:00
nuxt/nuxt,617a65a691ec6cddd105b2ac22ca49dc4d979fda,docs,2021-12-09T14:54:37+00:00
nuxt/nuxt,fb33033f454e53cf3a65ccd81678200df428cdbd,feat,2021-12-10T13:46:53+00:00
nuxt/nuxt,df33474730b2ed1934815f7d427efc634705a20c,fix,2021-12-17T09:08:09+00:00
nuxt/nuxt,737f1bf80c69746f1d1778ff9da2c262a241981c,fix,2021-12-17T09:28:06+00:00
nuxt/nuxt,3eed5cb193ca1b57c96215295281047cd5aca72f,fix,2021-12-17T09:30:36+00:00
nuxt/nuxt,03f9cfa50ba63d4810b289fd4f40bc0e099c50e6,fix,2021-12-17T09:39:44+00:00
nuxt/nuxt,a1a2d2f92b8d368b6fdd5d25e6e751971ce0dc97,refactor,2021-12-20T10:39:19+00:00
nuxt/nuxt,c8e281e7b68f5c2bc319efdbe3260e574ee3bb9a,feat,2021-12-20T11:03:22+00:00
nuxt/nuxt,b5618e976b7bae36d823ed607e548a901713a253,feat,2021-12-21T11:46:42+00:00
nuxt/nuxt,804b3230105fe74204e7136da130570d7c9f3907,fix,2021-12-21T16:18:14+00:00
nuxt/nuxt,b41a1d2d189a68856a834b65edac1f3e664f6bf0,fix,2021-12-21T21:26:03+00:00
nuxt/nuxt,cac70e469629e86385b614de3eab4436c184e3d7,fix,2021-12-23T13:43:41+00:00
nuxt/nuxt,70fe5e72e63cbcb69b4554a33d1337d8bdfbba1a,docs,2022-01-05T18:09:00+00:00
nuxt/nuxt,6d88a7314d8785ff0d434b0b026f17db2dba2568,fix,2022-01-05T18:19:23+00:00
nuxt/nuxt,8fff48b8dfc347915cea1107247a2d6a5ec41144,fix,2022-01-05T18:22:13+00:00
nuxt/nuxt,59e5cfea39e7854b1c89bc929a3208c8bfe220c4,docs,2022-01-07T09:51:01+00:00
nuxt/nuxt,387f64adc8cb78b57cbb92b876278daaaa3803b1,docs,2022-01-11T18:05:06+00:00
nuxt/nuxt,2ba5f56374bffdb2fd85e7d7a475f147ba26eaba,docs,2022-01-17T10:05:24+00:00
nuxt/nuxt,4b351504e89fb52e26a2341a002937c70f4801d9,fix,2022-01-17T10:36:44+00:00
nuxt/nuxt,4728fd545e46f4af81f2db302b7a5b37ffdbab39,fix,2022-01-17T10:49:53+00:00
nuxt/nuxt,93ef422b5d3c86b6fefd6df5ff077f7e98648c3e,feat,2022-01-17T18:27:23+00:00
nuxt/nuxt,bce07e6d6eb3c5ae2fdf47133e8c6ec5ebc24443,docs,2022-01-17T19:02:41+00:00
nuxt/nuxt,0af01668c1d83ec0f06da5d43b3a673855cae7ee,feat,2022-01-17T20:52:24+00:00
nuxt/nuxt,8588f749ad2e2d82a328b24cd461c929b878b1a5,fix,2022-01-18T16:37:40+00:00
nuxt/nuxt,6abf75d40ab2e3a62f2f590db6ec01482e5607c3,fix,2022-01-19T19:10:33+00:00
nuxt/nuxt,beaa369892c62b23ef9a1f03aa846821a00e8a49,fix,2022-01-21T09:51:29+00:00
nuxt/nuxt,d0d8e8311c05ddef920ade9428eca8fedd044012,fix,2022-01-21T09:54:11+00:00
nuxt/nuxt,ae34f470a06325cb5819ac136ab8fc4bf571d241,fix,2022-01-21T11:42:41+00:00
nuxt/nuxt,ed2d26f1b51158ae90b8a6d7f6dca1f24ea38f67,fix,2022-01-21T11:47:13+00:00
nuxt/nuxt,7553849371c4fa8fe574fe1a36411b0afb4fa145,feat,2022-01-24T13:25:23+00:00
nuxt/nuxt,7a1cf622bc0c648d37dc8ceb54badb7073c7b8a1,fix,2022-01-25T16:45:00+00:00
nuxt/nuxt,150caefa34717dd46d44ca585ca8b8ac157e8701,docs,2022-01-26T11:58:51+00:00
nuxt/nuxt,d0bcc3fc820032b10a42c18089114ccf1ad6ac22,fix,2022-01-26T12:59:48+00:00
nuxt/nuxt,8ea6b652b94a449668a1a27b453bb4f161a26afe,fix,2022-01-27T16:02:25+00:00
nuxt/nuxt,558be39875d34a883a6d5aecad35c667a835e448,docs,2022-01-27T21:59:48+00:00
nuxt/nuxt,33f6c3ef74e58302d92c03e075c2359d453afb51,docs,2022-01-31T10:33:42+00:00
nuxt/nuxt,b110c8c96cc5443f15887287330378b3f10a5234,fix,2022-01-31T10:54:48+00:00
nuxt/nuxt,a3579b7a1c14dec1ef5c321cebf40cd8d0b91ef3,docs,2022-02-01T15:34:06+00:00
nuxt/nuxt,f8678413273aba4863589b0d29b591c5bc969dae,fix,2022-02-03T10:21:35+00:00
nuxt/nuxt,adc44a2d2b16397dc61b0829e3d67a8e42f3ce98,feat,2022-02-03T11:31:15+00:00
nuxt/nuxt,5d7f99be1d85692513fd4270284523f3cf71681b,fix,2022-02-03T12:12:40+00:00
nuxt/nuxt,16167264e338204dd67a2722829141b4f381c2b8,docs,2022-02-03T15:47:25+00:00
nuxt/nuxt,8edd4819c967a9c6c3cdbcb7dd1a03a90126b056,fix,2022-02-03T18:03:04+00:00
nuxt/nuxt,8fbdab8151932f09d6e68147e99183d30b2616d5,docs,2022-02-07T10:16:45+00:00
nuxt/nuxt,c1148d4d77a9b73768f50acf555805f1346d131e,refactor,2022-02-07T10:20:01+00:00
nuxt/nuxt,c9c0171b2d0f1a38ede6ba06bc6b815300ebc687,refactor,2022-02-07T18:44:48+00:00
nuxt/nuxt,22e6c857f62b278ea71ff8571bf665aa88fa2c23,fix,2022-02-07T20:50:39+00:00
nuxt/nuxt,03d5fdde2d13fb4d900040c2a6f127c2347b11e1,feat,2022-02-07T21:00:20+00:00
nuxt/nuxt,0f9bcbf68f0a793fc94b97be6d21525a72cfb4ff,fix,2022-02-08T00:10:42+00:00
nuxt/nuxt,ba522b2034a00b1b150f5cbc2ca0a1c817e2fc10,fix,2022-02-08T19:09:24+00:00
nuxt/nuxt,7825e2aa125a6ce9a02f4353005d02f03854b7bb,feat,2022-02-08T19:09:44+00:00
nuxt/nuxt,089160a541fbeef19f9c78346c4bac3ccea4a1ec,fix,2022-02-10T16:37:05+00:00
nuxt/nuxt,aece3518b541663c1731160e42e26e6ac7c79ce8,feat,2022-02-10T17:29:59+00:00
nuxt/nuxt,6d4eb3da26fc6f0151af97f4a7850f9408a2f8b5,docs,2022-02-10T22:58:36+00:00
nuxt/nuxt,61188e15cf3e3ce29404650054a02afe7a6a8875,fix,2022-02-11T12:09:25+00:00
nuxt/nuxt,3589a2d55f89664cf0bd04c0b65654a162565c21,fix,2022-02-14T14:18:07+00:00
nuxt/nuxt,ef69e746d2a4a03dc391d7e5efca8f125988b7a6,fix,2022-02-15T09:43:17+00:00
nuxt/nuxt,d046c9620b3a25fba7ba08351e2cebe58da3b626,feat,2022-02-15T09:50:40+00:00
nuxt/nuxt,07c14b87045ca94346919a573e40bc6dd7999568,fix,2022-02-16T17:49:31+00:00
nuxt/nuxt,7c9b0a358ddadf8cb2f276c28294dfa346d0fb23,fix,2022-02-16T17:54:45+00:00
nuxt/nuxt,34f1c510b20d9d0bfe06258072694a0d04295ada,docs,2022-02-22T21:40:20+00:00
nuxt/nuxt,ac6340170020d99aeba4aa55661b2552a78d398d,fix,2022-02-25T10:16:24+00:00
nuxt/nuxt,73ba30fb69b91a25ee595daa447f3d6988b4dc8c,refactor,2022-02-25T19:11:01+00:00
nuxt/nuxt,ccce543c17e0a92094b1ad03fd30ac09437c8967,docs,2022-02-27T08:53:30+00:00
nuxt/nuxt,0958a6132264221804c8967ba718550d3f87fbb9,docs,2022-02-28T10:21:06+00:00
nuxt/nuxt,720e31d49889caa2928b51daec4e6aa417184f06,fix,2022-02-28T11:28:16+00:00
nuxt/nuxt,ad8027340e413dadcdd51359a02c10f50e2bc368,docs,2022-02-28T18:36:56+00:00
nuxt/nuxt,3888b0c338d03d4e34a54848f37eae90d9a16dfb,fix,2022-02-28T19:20:41+00:00
nuxt/nuxt,0c990023517be9fa531f3c78bac1319d32360ca4,fix,2022-02-28T19:21:03+00:00
nuxt/nuxt,02cc2b1461aa244a9d8e763eb9a75abc5fdc1dbd,docs,2022-03-01T09:14:23+00:00
nuxt/nuxt,0442e297d4f4b7af1e1d6d4a38595d92e7a4722f,docs,2022-03-01T15:43:06+00:00
nuxt/nuxt,494f85a2b244da329a889d06759d5a861331f914,fix,2022-03-02T17:54:53+00:00
nuxt/nuxt,66605971a887916428a1abba056b872408a1f1ef,fix,2022-03-03T19:03:48+00:00
nuxt/nuxt,9f506ded60f0b329e61bdc8b2c04d0e211f21702,fix,2022-03-03T19:35:42+00:00
nuxt/nuxt,78761c236b8befce935322c1ee2d7b9f22a3ea90,fix,2022-03-04T11:45:14+00:00
nuxt/nuxt,398b311ad60dc6708c0baf191193f9159ee7a2bc,fix,2022-03-07T10:34:45+00:00
nuxt/nuxt,33ffd8be0a4725d03ee745520f845060ee0e1a22,fix,2022-03-07T10:37:01+00:00
nuxt/nuxt,919db5b51449b4332b0898623d5529317d585198,fix,2022-03-07T14:37:42+00:00
nuxt/nuxt,856c01ab42391a747e2bf2ba5ad88c78caac2c3a,feat,2022-03-07T15:08:09+00:00
nuxt/nuxt,d404484c6168f78c4ef35e5bcd0d58ab925a79c7,fix,2022-03-08T10:07:18+00:00
nuxt/nuxt,02e683d33f6cd011f67744960000f658fa808a5b,fix,2022-03-08T10:07:40+00:00
nuxt/nuxt,91256f5e76a9d7b3a1e744324574f186b8b98a8b,fix,2022-03-08T17:30:46+00:00
nuxt/nuxt,a5e19b1c576d80eb80891a057efd95e370dd808b,fix,2022-03-08T17:40:20+00:00
nuxt/nuxt,cbb2e9ce2ba3de72c2b415714c48033220fa99cd,docs,2022-03-08T18:02:10+00:00
nuxt/nuxt,13dd2b98ea020df310a905b5a9eee9e5705496cd,feat,2022-03-09T10:51:32+00:00
nuxt/nuxt,cff2f37cc8b9fb7c560ab990ff5bfcea93911ea2,refactor,2022-03-11T08:09:11+00:00
nuxt/nuxt,7bf338da8c1e5d3b875b8b97ae82d4278108622c,feat,2022-03-14T10:47:24+00:00
nuxt/nuxt,870f7c69f5b5abb9d78d32b67e49377f3edd3116,docs,2022-03-14T13:39:13+00:00
nuxt/nuxt,58a46f22706937902cbef8a80262ce730ef219c9,docs,2022-03-15T09:59:27+00:00
nuxt/nuxt,14b32258e8bae9722a905efdaa5306d5f8ef4c7d,fix,2022-03-15T10:56:16+00:00
nuxt/nuxt,227ceedebb810f9bbe00556804ef3d386080ba5f,feat,2022-03-15T16:15:19+00:00
nuxt/nuxt,04026a3861660bed32ffc3aa8f405f581b07a8e9,refactor,2022-03-16T09:44:05+00:00
nuxt/nuxt,ff88d91baea8ea24c301f674a8ffeba569e9ea48,fix,2022-03-16T11:11:30+00:00
nuxt/nuxt,bc3db2ccdd5446b9b6271f149c639e0ca3553734,docs,2022-03-16T11:43:36+00:00
nuxt/nuxt,452a7730e0b162745e80919d2c23118ab7df4f46,feat,2022-03-16T12:34:27+00:00
nuxt/nuxt,cb6a4e97c1146ab9e35e979837b6d8aa30de8390,fix,2022-03-16T13:41:37+00:00
nuxt/nuxt,12304909bca5bac0624833fef75ad96eacbe7e36,feat,2022-03-16T15:49:53+00:00
nuxt/nuxt,3f91d83a79bf501a26050acef87c6af4155e14e9,feat,2022-03-16T18:13:05+00:00
nuxt/nuxt,99705f77c0ac814bc4c326631f419ff70fc0bfb6,feat,2022-03-16T21:39:47+00:00
nuxt/nuxt,91fd16ae5291545cf70ac0748cf056df241f700a,feat,2022-03-17T10:57:02+00:00
nuxt/nuxt,6342e823a1c373f3ad85f7665cf534b457920b27,fix,2022-03-17T17:50:06+00:00
nuxt/nuxt,621ce975b4d959480c9594ad057b5899b1a3bba4,feat,2022-03-17T18:49:59+00:00
nuxt/nuxt,a50b8ca712887fb9fd9530c27a5005b23f8b37e1,feat,2022-03-17T21:31:06+00:00
nuxt/nuxt,d4facf7c344276d45b08b29c233a9aa7e39437c7,fix,2022-03-17T21:35:07+00:00
nuxt/nuxt,f69126e8f4adb71bbed55990c97c6e2f9bdd7dec,feat,2022-03-17T22:17:59+00:00
nuxt/nuxt,2ad93eb34db6dc1a1c1b077fa4de20cb3e9c4b2d,fix,2022-03-18T12:55:12+00:00
nuxt/nuxt,6de6e42bb84e8388f2812c618e372d7637681265,fix,2022-03-18T12:57:05+00:00
nuxt/nuxt,53fbca77d4b84ac9b8eadd582d7afbbbc5819fa1,fix,2022-03-18T18:42:40+00:00
nuxt/nuxt,93c4dfe09135117ebe16762d77a41e58a837e310,fix,2022-03-23T08:10:12+00:00
nuxt/nuxt,cc543e9ac1e570a57cdc9156bf6ba68b9e8023e0,docs,2022-03-23T10:38:36+00:00
nuxt/nuxt,11c460fa99a6591a3ec8c1d7a5f062f06d990013,fix,2022-03-24T12:35:09+00:00
nuxt/nuxt,dc1064f79a623f37e090a1f07f802a6c33ba0f3e,fix,2022-03-25T11:38:36+00:00
nuxt/nuxt,9e67d580057e6eafb7fa5817c775e78c062b4d4f,refactor,2022-03-25T12:18:43+00:00
nuxt/nuxt,38e92597f40c8b4d210c891d7161de7fa38fe45d,fix,2022-03-25T12:18:57+00:00
nuxt/nuxt,7c1a8ae0d94458a70bfe230953de295124359403,fix,2022-03-25T12:51:07+00:00
nuxt/nuxt,d3a1ed983958b0ab254396eda0cdb3c37ae33a7c,docs,2022-03-29T13:14:11+00:00
nuxt/nuxt,a9381a0ad476566ef4ce997b9806157ef3578a78,fix,2022-03-30T14:58:14+00:00
nuxt/nuxt,1a39eff50243a727a130b00dc604d3296121d3f8,docs,2022-03-30T17:32:30+00:00
nuxt/nuxt,1890c55cbe0f97eb4b4276c9c5dadc175c3b3371,docs,2022-04-01T13:02:26+00:00
nuxt/nuxt,59b319b49238310b742106c88ece1903960bd9e6,docs,2022-04-01T13:21:06+00:00
nuxt/nuxt,ade3378a00c7c748310768d0ae4e0578c2fcb071,refactor,2022-04-01T13:22:22+00:00
nuxt/nuxt,fdd38f958cdec8d3de06bb3ce5f3af779d3fe493,feat,2022-04-01T14:06:48+00:00
nuxt/nuxt,89055f80ee2e8f3cbbb067425e6a99f24c9d79ef,docs,2022-04-04T06:47:02+00:00
nuxt/nuxt,01db83032a82e26c6281414ce9c2c682b875f3ff,fix,2022-04-04T08:21:30+00:00
nuxt/nuxt,dda0cebc761c00042ad82bb4c2a47b679581755a,feat,2022-04-04T08:23:11+00:00
nuxt/nuxt,8a3d445bf89f64a1a91f5c071b7689d9e90623a6,fix,2022-04-04T09:41:48+00:00
nuxt/nuxt,c426f3e5e088847edcf910c4080207934505b925,fix,2022-04-05T11:51:07+00:00
nuxt/nuxt,7054b9849f54bae88eb00b8a160302166fa59329,docs,2022-04-05T13:56:41+00:00
nuxt/nuxt,7a706445f8e3837731e3842c9a24d6995a1e2232,fix,2022-04-05T15:36:18+00:00
nuxt/nuxt,9a0fc577247b6c697908b371f6b7ec6d293d29ec,docs,2022-04-06T05:56:08+00:00
nuxt/nuxt,d2a814fa6a5f955893c27306f06f68535a75a6ff,docs,2022-04-06T12:08:53+00:00
nuxt/nuxt,7e0b30f66e2dba9ee0028ef8d21b8de3e717e94a,docs,2022-04-07T10:59:26+00:00
nuxt/nuxt,11626eea4f8801e9accc632225c6c54ed4bb69a1,feat,2022-04-07T11:28:04+00:00
nuxt/nuxt,f0714d78b0618bbe0be8c077209301d501938185,fix,2022-04-07T11:32:28+00:00
nuxt/nuxt,75cbfbcb7e7d009127a920b22030ebbb2a2ce4c0,docs,2022-04-07T11:41:49+00:00
nuxt/nuxt,02f16bf23e1d22cd87c4540ef6ac9732ad1cd479,docs,2022-04-07T11:46:47+00:00
nuxt/nuxt,2bedebe5eec6ac9258f7a2db083824817c159b76,fix,2022-04-07T11:51:10+00:00
nuxt/nuxt,6205fbe316c6e41dc1bc9bee9cdfa44a64ad96bd,docs,2022-04-07T13:26:36+00:00
nuxt/nuxt,f69a67472a401fc1d4e8a5660f0e6ea8bbaa7880,docs,2022-04-07T13:46:30+00:00
nuxt/nuxt,6f8e7a8ac7f0c0ef36348d7a63b010937bf78bc8,docs,2022-04-07T13:47:15+00:00
nuxt/nuxt,5c4bb0ce1837ef12b0c1cf5fda4d52732bcd422a,fix,2022-04-07T16:50:54+00:00
nuxt/nuxt,88747288422cd87c83a3e238a1e3749b7b79060f,fix,2022-04-07T21:25:39+00:00
nuxt/nuxt,f2fc135721bda6538a2e8ee21a826f292a794caf,fix,2022-04-09T09:46:29+00:00
nuxt/nuxt,edd0b30896f74d9e200caf462752f09bd7e5d497,fix,2022-04-09T09:52:42+00:00
nuxt/nuxt,2c540e7870aa9b8b726b11c91e991015cfcd8ec6,feat,2022-04-11T14:34:23+00:00
nuxt/nuxt,9378f8ffabad4cb17590ac29cbd9e36087a0db4d,docs,2022-04-11T15:52:38+00:00
nuxt/nuxt,d6210606bf00a60d8d23150f78806fd93a14ec86,docs,2022-04-11T15:59:13+00:00
nuxt/nuxt,d8ee5241412811e33f9c8d665e1a374716847315,docs,2022-04-12T08:12:33+00:00
nuxt/nuxt,2dadd4f0b33f52b9d42e8f6d4e93477b7835c98a,docs,2022-04-12T08:13:02+00:00
nuxt/nuxt,81bf1c065e052e8a0f3d28ae0e7c11be1f5d6eae,fix,2022-04-12T09:04:26+00:00
nuxt/nuxt,42a0ef56ddf0d9533be9d9ace8e4413cb4eec54b,docs,2022-04-12T09:09:10+00:00
nuxt/nuxt,85f2f83cf2b77a598d175a5d67322661b618aea3,feat,2022-04-12T09:09:45+00:00
nuxt/nuxt,d2b4e60963350d53078e9c4f74e7fac905bc0e33,docs,2022-04-12T10:04:15+00:00
nuxt/nuxt,e31c604ac4837b3577bade065069563d5a7c4185,feat,2022-04-12T10:04:55+00:00
nuxt/nuxt,ce36e2e211575fed8fc6f1581aa2b5ef99803e38,fix,2022-04-12T14:59:48+00:00
nuxt/nuxt,a89d2f9c1ae7bd855c6554c61d20a3dd3a0f4f2a,docs,2022-04-13T17:14:03+00:00
nuxt/nuxt,25ced97f160055a045c90ce42cd06b0b051cbd03,docs,2022-04-13T17:25:45+00:00
nuxt/nuxt,32c798cfc4cb94d9b8a8a42450cce31bad7b11cd,fix,2022-04-14T08:39:27+00:00
nuxt/nuxt,23a7db2a599dfef3837e7c97fc17357c850d7144,docs,2022-04-14T13:40:18+00:00
nuxt/nuxt,5fef9e8db251a38bbd71ddb9b1e3168f4693292a,fix,2022-04-14T14:58:05+00:00
nuxt/nuxt,5dae097318fb23fcc17fe9ef4cf469520ee29f08,docs,2022-04-14T15:27:53+00:00
nuxt/nuxt,14d9e8e4ae16c07a813b0fd73b4b1c1bff1542ad,fix,2022-04-15T07:39:16+00:00
nuxt/nuxt,074daa767ccc2e817b93ab46fced666388388778,fix,2022-04-15T07:40:40+00:00
nuxt/nuxt,51ae426d4cce2fb5084ed855d06dea970198bf81,fix,2022-04-15T07:57:36+00:00
nuxt/nuxt,4e1d38e5febe54f981894f115513cb6c92857bfc,docs,2022-04-15T15:07:16+00:00
nuxt/nuxt,83d27bd158f6b0d9f2b776a47dbac4c68dc653fa,feat,2022-04-15T16:31:19+00:00
nuxt/nuxt,513978e15b309e00aefb6b24c551a43018da05ff,docs,2022-04-16T13:53:36+00:00
nuxt/nuxt,90da56a03be6e78060c6cfb1b181b1ff8ea724ac,fix,2022-04-19T14:37:08+00:00
nuxt/nuxt,74ce29b329edf884c80d5772a6b59c587a93bf3c,docs,2022-04-19T14:46:14+00:00
nuxt/nuxt,643641d4891e2dc0ca261b594acefe3d4c4ac5c7,docs,2022-04-19T16:50:04+00:00
nuxt/nuxt,4712e994112a97feba447b3edb4afb65e968ed63,refactor,2022-04-20T08:52:39+00:00
nuxt/nuxt,d469c9a6d7a08b951783f393223c45714dfcba66,fix,2022-04-20T10:20:49+00:00
nuxt/nuxt,e006c5605b4813886ef57afd52add7ac29d1c860,fix,2022-04-20T10:35:09+00:00
nuxt/nuxt,fc8bcdb2509b2e419563ae74573737f395a638de,fix,2022-04-20T10:59:41+00:00
nuxt/nuxt,d0ae5851e4fe60937f1188dee29c8764eb212fef,fix,2022-04-20T14:24:08+00:00
nuxt/nuxt,9df0a2b036debea651263e54ee91b1a949bcd5fb,fix,2022-04-20T18:36:26+00:00
nuxt/nuxt,3c3291226dde769b0e25c8dd3e7049f2b5934a87,fix,2022-04-20T19:12:04+00:00
nuxt/nuxt,d567a91d7d63c9928d3eb0f2da8ccf76b336a971,docs,2022-04-20T20:16:40+00:00
nuxt/nuxt,4c6c02701499d7aca9519be562da554dc900b343,fix,2022-04-22T15:22:22+00:00
nuxt/nuxt,650d12fa9c2bb3dc45310fc3f805c627779914f5,feat,2022-04-22T15:35:42+00:00
nuxt/nuxt,46ecbc558d22c2beae7fddce339cf6050b2d65fa,fix,2022-04-22T15:37:52+00:00
nuxt/nuxt,0eebb0a390c53c05c5bcbcb4fbda64d59a8945b6,docs,2022-04-22T16:32:37+00:00
nuxt/nuxt,e7bbf1693e0ecce0520b66c3a6159e628e0309a6,docs,2022-04-25T09:31:25+00:00
nuxt/nuxt,2d202b59e33e77174102cc0f6114abd700874f37,fix,2022-04-25T17:07:01+00:00
nuxt/nuxt,470b273bcf846ceac79767daed2802ce76c8e32b,docs,2022-04-26T10:17:03+00:00
nuxt/nuxt,3919ebf7c14b937b7d7e0f3f4b905ec19023c032,docs,2022-04-26T14:45:18+00:00
nuxt/nuxt,2bfd749c24369b8c059583c53ce7c3fdf3c06efa,feat,2022-04-26T16:10:05+00:00
nuxt/nuxt,cb42d3e6adc7147aa4697efce24b12a51efc1e18,fix,2022-04-29T08:53:58+00:00
nuxt/nuxt,eef037d604bc9184c8b722edd64c64b5fabdd7e3,docs,2022-04-29T08:54:33+00:00
nuxt/nuxt,d568081ca59bb3f66cc9b73bb56bb313da19a575,docs,2022-04-29T18:07:43+00:00
nuxt/nuxt,22954d08caafa8276dc95d3206d51b5715b08957,fix,2022-04-29T19:03:46+00:00
nuxt/nuxt,ebc27ce997c80f5c30fc56ad82b02785fdf482bc,fix,2022-05-05T20:46:54+00:00
nuxt/nuxt,342ecb9737cdd65d6831f6f16fa0b26e6be90b20,docs,2022-05-06T08:48:10+00:00
nuxt/nuxt,a862a67c804c6b345c3956464dd38c06bcb960b1,feat,2022-05-06T11:11:34+00:00
nuxt/nuxt,ecc8c0adb944791dd8a8236274faf9584dddf929,docs,2022-05-06T11:12:59+00:00
nuxt/nuxt,92847ed924684723092400baa70908141be5ecf1,feat,2022-05-06T13:31:52+00:00
nuxt/nuxt,9e5a3cdc6f0fbee93e54d374f1dd5885317b37a3,fix,2022-05-06T16:02:50+00:00
nuxt/nuxt,17f9c54a7913917c009c16e4e3f4cadb922aad4e,feat,2022-05-13T10:49:30+00:00
nuxt/nuxt,2886dfdaeae118917b7fff9ab80515c4dec8f58b,fix,2022-05-13T10:59:04+00:00
nuxt/nuxt,f0dbc951e6601381934c11cda390c834d87c3af2,docs,2022-05-18T06:15:38+00:00
nuxt/nuxt,36ad29a67c3dde97d93128b3f452d5b85c9e05da,docs,2022-05-20T08:59:45+00:00
nuxt/nuxt,53ea540ac097bdbc35ea03cbee2b63284553a298,docs,2022-05-20T09:07:17+00:00
nuxt/nuxt,173fbfd06ea6e7c78ab88fc5de15a2e92c72a79d,docs,2022-05-20T09:12:35+00:00
nuxt/nuxt,ca526cfa92c1491e970024fd14e13650daf7a08c,docs,2022-05-20T09:40:30+00:00
nuxt/nuxt,a4a3cffb92a160d2ca32c6c9a4de48a74ff7bab4,fix,2022-05-20T14:42:19+00:00
nuxt/nuxt,7b3dc6ec5db92c843f6d1e58e0b55dde63ce16b1,docs,2022-05-24T14:20:52+00:00
nuxt/nuxt,a2dd0f014758afdcded67fbc68d06949d31f2e60,docs,2022-05-25T06:32:44+00:00
nuxt/nuxt,7cccb308ba83660e1be1958b90d458b41903f3e5,docs,2022-05-30T12:33:07+00:00
nuxt/nuxt,2114a022933e07e8c262d7a225a598d3d40b09a0,docs,2022-05-31T21:20:07+00:00
nuxt/nuxt,223adc9bc2aff0526e2e556a95773bb700ccf33d,docs,2022-05-31T22:34:41+00:00
nuxt/nuxt,baf2baadb6ac8f127d5d1bd921113e48a61b2d7f,refactor,2022-05-31T22:36:15+00:00
nuxt/nuxt,59e54ee7a946cd46241e4182f3406930536d3e05,docs,2022-06-03T15:47:09+00:00
nuxt/nuxt,a802b87ac76d8e0a565d5355b332a4bcec264eab,feat,2022-06-08T20:09:31+00:00
nuxt/nuxt,00844405abc454ab29986dfba451b23f14f06565,docs,2022-06-09T10:56:01+00:00
nuxt/nuxt,775a904c7712de2541415c6c13692bce8d22f68e,docs,2022-06-09T11:07:28+00:00
nuxt/nuxt,1449e705412e75d9fc30b8d635cdf2d04835d2f8,docs,2022-06-10T13:58:10+00:00
nuxt/nuxt,fbcbac01d6449ccd845a40ff57ee10a608a0cc28,fix,2022-06-10T14:50:47+00:00
nuxt/nuxt,75db90487f00a7f15ad62016e6c29a205cae154c,docs,2022-06-11T13:09:48+00:00
nuxt/nuxt,0f4fa5643f791611bfda56f98cb6bf9a10c5506f,fix,2022-06-12T21:22:15+00:00
nuxt/nuxt,a9c061cd2e459a0a9485df3d48d0f4890fd93664,fix,2022-06-12T21:26:36+00:00
nuxt/nuxt,411eee3b779e76c9a947d697b5557a7e89671d76,fix,2022-06-15T11:51:58+00:00
nuxt/nuxt,de3b4084a5bb74a644bc59929388c8afcdc31a79,docs,2022-06-20T16:53:45+00:00
nuxt/nuxt,e38de4af4dd98705a226b551fa9d6729d7b1a130,fix,2022-06-22T18:07:54+00:00
nuxt/nuxt,2db154fde4424a984dc4024b2ce5d370392248ac,feat,2022-06-23T09:51:46+00:00
nuxt/nuxt,3b15cc4352e8ccffced165c7c295fdcfddfcd2a3,docs,2022-06-27T10:39:44+00:00
nuxt/nuxt,c4f64faaf7038a2db666186a123ec71d3be322c2,docs,2022-06-27T11:44:27+00:00
nuxt/nuxt,d2c3727c5f2983e1cc1a12f674797ce2aaf0d8c9,docs,2022-06-27T11:45:42+00:00
nuxt/nuxt,6f8b7a90437abc6557a9eedabfdbe437025e4743,feat,2022-06-27T11:47:54+00:00
nuxt/nuxt,67f40d7e40646b45f85a4f78a69cef73ec772e6f,fix,2022-06-27T12:06:31+00:00
nuxt/nuxt,0e3df24c8c861c9e0af9098330e961388af4ad7d,docs,2022-07-01T09:19:45+00:00
nuxt/nuxt,8ffe2a33a7feab914ccbd3726a83cc813e11011f,fix,2022-07-06T18:23:05+00:00
nuxt/nuxt,8d2f8057706dcc36db5d805ecd8cb57a010dcd80,fix,2022-07-06T22:12:31+00:00
nuxt/nuxt,ad8b5f970309191f4ff48d413a807c0c7fecc313,fix,2022-07-07T09:00:30+00:00
nuxt/nuxt,5e419e75c4af02e8c6755706b5c69b3161cf5d88,fix,2022-07-07T15:04:06+00:00
nuxt/nuxt,271262e10a47dfabd27a99f149820eeb2b4d907c,feat,2022-07-07T15:07:37+00:00
nuxt/nuxt,58ca6c17f253e040a3ef4a821be17de2881e7719,docs,2022-07-07T18:27:34+00:00
nuxt/nuxt,728a0a5ef48ea8257a53d37d9a1cfb4f3641bebe,docs,2022-07-07T19:35:47+00:00
nuxt/nuxt,6322d35b3f98c8c864cc24ada3df334a16db4734,docs,2022-07-11T08:46:20+00:00
nuxt/nuxt,2f0bd1b762cddf018eee947d172460f7d6f6388f,docs,2022-07-11T11:35:30+00:00
nuxt/nuxt,8685bfa9e9cb209ecb4233ad3619a63561da59be,fix,2022-07-11T15:37:21+00:00
nuxt/nuxt,2d70507d1c2b7eb893f5f9aef43b9b8aeb5b701f,fix,2022-07-12T10:55:12+00:00
nuxt/nuxt,135dfdf73bc91223074855e7830ce6b9c3cb3132,fix,2022-07-12T12:32:07+00:00
nuxt/nuxt,dc0dd569fdcf3c0e6a1a6f456c79ce7229ea9fe0,docs,2022-07-13T10:21:48+00:00
nuxt/nuxt,3ad12b5f4aa6ac6834d426294cb4a5bdf44ca897,fix,2022-07-13T12:44:07+00:00
nuxt/nuxt,9f40d5c7d0b4b7725e604697ff7b02c62af7a16b,docs,2022-07-13T17:02:33+00:00
nuxt/nuxt,a745be363be704ee07504dfd9622bacaadb5dda4,docs,2022-07-13T17:03:02+00:00
nuxt/nuxt,433298f1e5168bcd4bbc263de71d270b6c0b9d45,docs,2022-07-14T14:03:58+00:00
nuxt/nuxt,a54925f880beb911fb8ad9913bbb64ae7323bd33,fix,2022-07-15T21:34:29+00:00
nuxt/nuxt,f5fd58ebfe836d9b58455ff6dfef2e6968f54b7f,fix,2022-07-15T22:43:43+00:00
nuxt/nuxt,2e85cd02528a6ab971e4b3890c58771ba94e973e,refactor,2022-07-17T13:13:04+00:00
nuxt/nuxt,d6e75bbd09db2801f8d866bcc9af48fc49183316,docs,2022-07-19T09:51:21+00:00
nuxt/nuxt,edbe4fe7998377750e7e4beb77fa5c326630309f,feat,2022-07-20T15:15:27+00:00
nuxt/nuxt,bdbeb886aedb943a1cbbcb3d16e7b43e4148d4bd,fix,2022-07-20T16:59:05+00:00
nuxt/nuxt,d77b62d63ee16d30f628b49cfd657204d0e1fa13,docs,2022-07-21T08:56:01+00:00
nuxt/nuxt,54e672db193b0fde88c071eaa7a208b0c3cf32d9,fix,2022-07-21T13:50:41+00:00
nuxt/nuxt,45c2a6118f496861471c70ff312972f8a5aa34de,feat,2022-07-21T14:04:50+00:00
nuxt/nuxt,4d80c43d25c558a4e5443f2ac42bebb48451ba3d,fix,2022-07-21T14:05:41+00:00
nuxt/nuxt,d453729c7507cb5e03456f1dd54148ec7e8fb6e4,fix,2022-07-22T07:30:29+00:00
nuxt/nuxt,38158cf261f249d0c9033c24385608c5e2abfe72,docs,2022-07-22T07:55:54+00:00
nuxt/nuxt,82dab419a4022558a52bc4c8bd9e7c4b5b79282a,docs,2022-07-22T08:25:57+00:00
nuxt/nuxt,416f98b6b407334b6267f5a74d628b47d196b3e2,fix,2022-07-22T08:28:16+00:00
nuxt/nuxt,6c125bc941f101cb3fe386abf42a7a8ece54cc25,fix,2022-07-25T10:13:54+00:00
nuxt/nuxt,cccafd620ffaea3ff55da8fa60e256b0351b9125,fix,2022-07-25T11:02:42+00:00
nuxt/nuxt,210cf306912e45fff706a2746004164b3882ab20,fix,2022-07-25T12:05:58+00:00
nuxt/nuxt,3a822c71772ceb22110e92af9379bacb8634900a,refactor,2022-07-25T12:37:39+00:00
nuxt/nuxt,5d023a80df352d1ffcd7bc226bd1e02a94f1d0ab,feat,2022-07-26T13:41:01+00:00
nuxt/nuxt,b751248627807b08b306ee0a976500f9cadb4eba,docs,2022-07-26T13:42:43+00:00
nuxt/nuxt,d15c4727a8bd12921bf267bdee16d3cd1aea6647,refactor,2022-07-27T09:01:25+00:00
nuxt/nuxt,f58aa8114fe9286d89d0e70e1101b5103cd81304,feat,2022-07-27T09:53:53+00:00
nuxt/nuxt,1230268a7b0d2d4ba4203666d4fe0f7d9807b57c,fix,2022-07-27T11:25:43+00:00
nuxt/nuxt,12ebe3aeb6458056a1db9c77ce26e446b3af368a,fix,2022-07-27T13:04:14+00:00
nuxt/nuxt,6b20d9eff1ea0317c6418603994a9c1d3893f4ec,fix,2022-07-29T12:33:24+00:00
nuxt/nuxt,c72093b1f2e6f6f7f2cab7d2e5af8fee3243906a,fix,2022-08-02T09:58:03+00:00
nuxt/nuxt,aa653ef6cb6bc9589c1e68744f6bee32ca538e48,fix,2022-08-02T11:20:44+00:00
nuxt/nuxt,7209a492ce9a660c8e6ffb594b487eb8213224b2,docs,2022-08-02T13:45:14+00:00
nuxt/nuxt,000d81d7601a6e4e391368b61eb05de3aaafb1d2,fix,2022-08-02T16:45:44+00:00
nuxt/nuxt,d1cc5cca69222080c6e207eb8c6a188a64040bcc,docs,2022-08-03T09:54:58+00:00
nuxt/nuxt,f75d0dfd47e6a7407245c9a730cdbf40ba8b1c10,fix,2022-08-03T10:38:46+00:00
nuxt/nuxt,4732d2ce3a70e67a30f91223fd7d289e668bcd0a,fix,2022-08-04T10:58:15+00:00
nuxt/nuxt,23329e059951a40a52f3b9d65a2656feaab5305c,feat,2022-08-04T11:13:12+00:00
nuxt/nuxt,1f00a9f0114cfad2b2c6a5ab2126264b9731d605,fix,2022-08-04T11:30:18+00:00
nuxt/nuxt,fc1d7d9507ace207c8c748642ba389ace54b845f,fix,2022-08-07T09:53:53+00:00
nuxt/nuxt,e40286e04fdb86855beffec420557edecc28efac,fix,2022-08-08T11:49:31+00:00
nuxt/nuxt,c954dcb9e91ea4b61c4262afbaad6bd34d06f50a,feat,2022-08-08T19:12:15+00:00
nuxt/nuxt,0b2207940961f2b00eef3113f221e3d7b439dbb0,fix,2022-08-09T09:13:54+00:00
nuxt/nuxt,1f01fdfa324cda313c26276c6133ece9a04e6178,docs,2022-08-09T13:36:27+00:00
nuxt/nuxt,5aa7288d97dafc3e3ba92f8c75db1a72d2bfeeb1,fix,2022-08-10T15:47:23+00:00
nuxt/nuxt,aaf4bcd0254bc4a32a1749847337ab5632aff0cf,fix,2022-08-11T17:39:02+00:00
nuxt/nuxt,fb46c83d736e812ef08c3ee6ae002f55043a4706,docs,2022-08-11T21:21:51+00:00
nuxt/nuxt,92a04cc0360a48f83c4c4d97b9b88f3d5137862b,docs,2022-08-13T07:27:04+00:00
nuxt/nuxt,74320200e7502ec6f06a615fa4f7edda481150dc,docs,2022-08-13T07:32:42+00:00
nuxt/nuxt,b4bea517dfdb2c09d946bc771423510d67f39c1b,fix,2022-08-13T11:52:03+00:00
nuxt/nuxt,ff924468ea22258685a37c19f64fcc694d01c959,docs,2022-08-14T12:49:01+00:00
nuxt/nuxt,dae836a81db7fda6e5100c56f99ca0b5ba901f0b,feat,2022-08-15T16:01:34+00:00
nuxt/nuxt,3730ba88f58db588d11ecc47114f76be7d9c66e5,docs,2022-08-16T08:14:03+00:00
nuxt/nuxt,657719f6894b7994ec1b6ea8f49184abd3cdab49,docs,2022-08-16T17:29:46+00:00
nuxt/nuxt,3b2b22e384362f0349019639b0514f461ebd0a8c,fix,2022-08-22T09:14:25+00:00
nuxt/nuxt,e1e39b7e7938fc62c78bc6b888f8b7e1e5032097,refactor,2022-08-22T10:12:02+00:00
nuxt/nuxt,746196f1b08340bb7fedb5861372a19cff93e705,docs,2022-08-22T14:09:12+00:00
nuxt/nuxt,dc6b6ce621aa2319b11a62eb6d7248fe6df4cc70,docs,2022-08-22T15:25:54+00:00
nuxt/nuxt,aab90efc1966032e989f199b696163a870b38849,fix,2022-08-23T08:42:54+00:00
nuxt/nuxt,cfb7e59171a8e8b91c8aeb249d8934c873e14883,feat,2022-08-23T10:25:48+00:00
nuxt/nuxt,45f39be4fa7efc3c4353dd0b902109d3aea40014,fix,2022-08-23T13:54:39+00:00
nuxt/nuxt,fc82b3b34009f6e12bfc4fae5137ae6b522ec7ec,feat,2022-08-23T14:24:20+00:00
nuxt/nuxt,1bce4df00a8dde384f7b7f623ea055ee070a23f6,docs,2022-08-23T19:08:35+00:00
nuxt/nuxt,f3499d788a1f1c0841b131610834ddcb678fc8ca,feat,2022-08-23T19:12:22+00:00
nuxt/nuxt,856c2a6fbd0569fd2fe06503caba1b3fb7f102ca,feat,2022-08-24T08:44:38+00:00
nuxt/nuxt,e098cf03f13a906981252b73f9514cb3b84a844d,docs,2022-08-26T10:11:57+00:00
nuxt/nuxt,9db2229f705efaae38e743f3e3e61293956feb29,refactor,2022-08-26T15:47:29+00:00
nuxt/nuxt,af2835fa7f472177e3e103bdc03662785724022a,fix,2022-08-29T09:37:53+00:00
nuxt/nuxt,2d071eb48c12bf605b999a6fccedec38531128b0,docs,2022-08-29T09:47:02+00:00
nuxt/nuxt,0087e7bbe077804cdda6eaa5d438f5883a864151,docs,2022-08-29T10:02:24+00:00
nuxt/nuxt,d50b01e3480e7618e1a0676355249b66e3d0c4b7,fix,2022-08-31T18:21:58+00:00
nuxt/nuxt,0339a23372c58d5eed3567d5439ced68216ca3ff,fix,2022-08-31T19:18:05+00:00
nuxt/nuxt,abd5dc58c91f64c2b2431daaf2b83378ebab82f3,fix,2022-09-02T13:42:46+00:00
nuxt/nuxt,537338f116ac59d8e6c2e8471fec181a56d1f8d4,fix,2022-09-03T10:02:14+00:00
nuxt/nuxt,5650927c3461f0623b7f96ba51845dc0ffcaa68d,docs,2022-09-03T10:56:12+00:00
nuxt/nuxt,3e9f1efb1e96fff9df94f8380c49fff3e7516f20,fix,2022-09-03T12:30:03+00:00
nuxt/nuxt,d31e1f03a129516008b9fc851698059a49fb71c1,docs,2022-09-03T12:30:41+00:00
nuxt/nuxt,de6252099052b5eae6af7cb187e9549dba79a412,feat,2022-09-03T13:03:30+00:00
nuxt/nuxt,ee60411cb99ab39412ee076efe8fbde5940d137d,docs,2022-09-03T13:26:43+00:00
nuxt/nuxt,6792b13eb0b297c31573db25df2f7b05dcd87d80,docs,2022-09-05T07:22:51+00:00
nuxt/nuxt,6ee3d2cacd2bfc6da6821a9c1c8d751e009f2368,docs,2022-09-05T07:25:13+00:00
nuxt/nuxt,74db9d525e97bd65cff79a0d75887c702f1e81f3,docs,2022-09-05T07:42:15+00:00
nuxt/nuxt,4bd1be9174fdf13be80220dfb18fcdef21eec130,feat,2022-09-05T07:53:01+00:00
nuxt/nuxt,b31405f6fdd77fa85ac4d9acf297fec67f159bbb,feat,2022-09-05T08:51:00+00:00
nuxt/nuxt,173aead93778dad71a4b3fc0bf91a06e00323945,docs,2022-09-06T07:49:01+00:00
nuxt/nuxt,a4fa070ad5c1a418cdb7ef542fbbc9607dccefad,refactor,2022-09-06T08:21:17+00:00
nuxt/nuxt,524ba557ebb3fc436ff13c4656a0bb6aaa770818,fix,2022-09-06T09:45:14+00:00
nuxt/nuxt,1ca294e125136d2185a5c20d68e32d3363159d62,fix,2022-09-06T16:21:53+00:00
nuxt/nuxt,2bb898fa9870b47df243610e5ccd6aed01e5c6b8,fix,2022-09-07T08:35:21+00:00
nuxt/nuxt,e22bbcc3808ff8583a3f02afa2baf239d2e83aa8,fix,2022-09-08T14:17:22+00:00
nuxt/nuxt,e4b8c2dc880dba90df621906fb4e77cae5bbd89b,fix,2022-09-09T09:54:20+00:00
nuxt/nuxt,0ab29f6f2abc3fc77fbb8fc1c2bf3d755c8d0537,fix,2022-09-09T10:28:07+00:00
nuxt/nuxt,b68bfb0a24c6ae6eaf9b127d56ba4a04672db692,docs,2022-09-09T19:09:03+00:00
nuxt/nuxt,83949c37341d1cfbedbca94d04b42f029bfab21a,fix,2022-09-10T09:43:17+00:00
nuxt/nuxt,888bd7c145cf276bfbb93e9610ba3b6c8786007f,feat,2022-09-10T13:57:16+00:00
nuxt/nuxt,563cf7c1c96a8ade6cd09810f47ac39571296780,fix,2022-09-12T09:23:19+00:00
nuxt/nuxt,d5078168be664538b5404b0c487bc0f78e8eafc9,fix,2022-09-12T10:12:41+00:00
nuxt/nuxt,9f1ac4f201e41256d95bb447a2f7a9dbd587f440,docs,2022-09-12T10:29:42+00:00
nuxt/nuxt,8bccdf44e82e10ffa0fde6d578595bd47e42d81c,docs,2022-09-12T10:42:42+00:00
nuxt/nuxt,9382b42d7bbf26c1293df042c79a8281199ad146,fix,2022-09-12T15:14:11+00:00
nuxt/nuxt,ceb61ada2b615677635549fd1c33031440ee040f,refactor,2022-09-12T18:22:41+00:00
nuxt/nuxt,3753ea0ead7b24d58468ccced96870251ea91fbf,feat,2022-09-12T20:06:17+00:00
nuxt/nuxt,addcb5cd478f62d18c75cefa79af61d492f29ae9,feat,2022-09-13T20:20:23+00:00
nuxt/nuxt,40d090745bfe4a816dbf9f587d210c3af32e47a9,fix,2022-09-13T21:57:58+00:00
nuxt/nuxt,5d79ed5f9e7fd4750cfe3f382d174761ad4e08d7,feat,2022-09-14T10:34:16+00:00
nuxt/nuxt,ac0b3a63a2ec37377796f4315ac99d626c5a2d3b,feat,2022-09-14T11:10:10+00:00
nuxt/nuxt,a6232667c2d758efff895de7a4b10ff2db06d6da,docs,2022-09-14T13:12:47+00:00
nuxt/nuxt,326d62803b649926328e7c00942d9eb8e3c6060c,fix,2022-09-14T15:58:28+00:00
nuxt/nuxt,1f3d9a1e84e2d9296c4791cb9bc0e31da2358fcd,fix,2022-09-15T12:21:58+00:00
nuxt/nuxt,c1ed6ecc3cab1ae61757707c9ce598a6b322103b,fix,2022-09-16T10:15:10+00:00
nuxt/nuxt,cfaca9c5c72ceec968ab13851e991fb7161823a4,fix,2022-09-16T17:43:35+00:00
nuxt/nuxt,f0a2d622b22151a1b19951794c49627649634796,docs,2022-09-16T18:34:40+00:00
nuxt/nuxt,abd0feb36855118aa3e1da3d73cf8062dde02beb,fix,2022-09-16T22:29:41+00:00
nuxt/nuxt,c4fe8525ef6c15a52685313bb16edb3c52e0acc6,fix,2022-09-19T08:54:35+00:00
nuxt/nuxt,f536bf55484afe78a6c0b110d456fc4bfaf02197,fix,2022-09-19T09:34:42+00:00
nuxt/nuxt,42c086223fd6da7ec46d92fcc72bb2a0b6f753a4,docs,2022-09-20T09:12:08+00:00
nuxt/nuxt,a9a8571e352da37fae957967c6dd43ac67b58da0,fix,2022-09-21T09:53:38+00:00
nuxt/nuxt,0640a6c7a4053d7450cd528f9db30d7f0d25e639,fix,2022-09-21T10:20:29+00:00
nuxt/nuxt,f4f6ed4304987a1f3b409b1a881b5ea1a706a6f9,docs,2022-09-22T13:23:07+00:00
nuxt/nuxt,b877b14f81068bb650409173787fbef1784f87a5,docs,2022-09-22T13:23:46+00:00
nuxt/nuxt,230af9c18672e1d2f902e4e649c051f603c832c0,fix,2022-09-22T13:50:40+00:00
nuxt/nuxt,2894a75bc8cd6430a5945f411a8e79dac67288a5,fix,2022-09-22T13:55:29+00:00
nuxt/nuxt,71ef8bd3ff207fd51c2ca18d5a8c7140476780c7,docs,2022-09-22T15:24:32+00:00
nuxt/nuxt,c0e99c727349c072f69f17a1673a0fabefe6fa66,fix,2022-09-26T09:16:34+00:00
nuxt/nuxt,76f463298ee0691437ac7b3073af8bd9fa410d96,docs,2022-09-26T09:18:50+00:00
nuxt/nuxt,555b43095d365963544efc0262ed7b03af78ac8c,docs,2022-09-26T09:24:03+00:00
nuxt/nuxt,198576a741d74072c93963e1b7eb2448385ae52b,docs,2022-09-26T09:37:31+00:00
nuxt/nuxt,4823b17836e1b413c54de3725cdfcbf182e7defd,fix,2022-10-03T13:32:01+00:00
nuxt/nuxt,d25dafef49c94cf6e429029b6284a43ec0cb9917,fix,2022-10-03T13:37:36+00:00
nuxt/nuxt,a3fd4193ce8254bd83fba4399016dc4c6a5ae957,fix,2022-10-03T13:38:43+00:00
nuxt/nuxt,e6ca07bdc0f2cc7aff1a6818742d89dfba6738d5,fix,2022-10-03T14:14:55+00:00
nuxt/nuxt,9d7871f4f0ff50adc7505213c4acd74e88620861,docs,2022-10-06T15:59:35+00:00
nuxt/nuxt,3218356deb3f5c7277bdf5eefc90b853bb5a63a8,docs,2022-10-07T16:56:13+00:00
nuxt/nuxt,e5298bfefe5b93eafc2ff031613a00339d75321d,docs,2022-10-07T18:00:51+00:00
nuxt/nuxt,a74c40caa6c6275bfe425d2558fd93fb2ad6d464,fix,2022-10-07T18:57:01+00:00
nuxt/nuxt,6d904663a4d0edad8208333e919907087aabac21,fix,2022-10-09T14:22:19+00:00
nuxt/nuxt,e94c3b37040ceea11197bc485d050fa7c05e29ec,fix,2022-10-10T10:04:58+00:00
nuxt/nuxt,75f4a54f7ef63951a8ce93b0a37fac1aec26a2f9,feat,2022-10-10T10:12:36+00:00
nuxt/nuxt,385674494d816873b567e5fe3a93726bbd906456,feat,2022-10-10T10:33:16+00:00
nuxt/nuxt,ed1c704835c280cd2d7ad795452f2da9c8401e2a,fix,2022-10-11T05:26:38+00:00
nuxt/nuxt,bda187c1bea93d39fa03563a148e950ee7654ba4,docs,2022-10-12T08:30:10+00:00
nuxt/nuxt,6ef6eae2c7aabe3a01fb2037b38f5acc5af8493f,fix,2022-10-12T08:50:16+00:00
nuxt/nuxt,9e6d292ba6c4809313b1e88ad9b2d53ea1675e34,feat,2022-10-12T17:00:17+00:00
nuxt/nuxt,d9135be83e53fa47c77056d7b95f69362b5954ac,docs,2022-10-13T08:47:24+00:00
nuxt/nuxt,e45372c4ce6d73504e6da9070a75a3101484a5f2,docs,2022-10-13T10:53:26+00:00
nuxt/nuxt,d4eb15aa776e7d0914927bcb4637b1823e29a4ae,docs,2022-10-13T10:53:50+00:00
nuxt/nuxt,23ad303f193bd8bb65619491b61206ada70abe60,feat,2022-10-14T08:36:52+00:00
nuxt/nuxt,329fc63a02220a29bdcd842b38b4686fdf82f737,docs,2022-10-15T10:26:10+00:00
nuxt/nuxt,b9d6f37dfdec5582c069aef67bdddbcd87186363,fix,2022-10-15T11:04:06+00:00
nuxt/nuxt,ddbfae1becfb4ba93e60e7dad8b9a6ec9409c708,fix,2022-10-15T11:35:01+00:00
nuxt/nuxt,895ecc7677313e6653136eb834a5b6bd78e9329b,feat,2022-10-15T18:42:57+00:00
nuxt/nuxt,8f7a7ec06ed3037d68162731225aa1db67a6f245,feat,2022-10-16T09:40:03+00:00
nuxt/nuxt,9388e65971c0dd25ef48d73052f30a2e2bcab551,refactor,2022-10-17T09:16:19+00:00
nuxt/nuxt,a90b303d9773ffa1f5f7eefe5dc447fd9b8a20fa,fix,2022-10-17T17:54:32+00:00
nuxt/nuxt,96a8807abf096f56a66221e658ed373b9539c3ed,fix,2022-10-17T20:20:13+00:00
nuxt/nuxt,b1c842e8be7b5f0ddaf43979865cf6dee0902355,docs,2022-10-18T08:46:47+00:00
nuxt/nuxt,cfaa46201ac284ea4bd2d8f8ba35d48d82156276,fix,2022-10-18T16:13:50+00:00
nuxt/nuxt,c6a6dceec110548cf27fd602a7f5cfe98bb23e7e,docs,2022-10-18T16:14:12+00:00
nuxt/nuxt,2b2a5f3f89c106f0685e29a6a9b0ef851d20276b,fix,2022-10-18T18:01:23+00:00
nuxt/nuxt,d3f3f9f34864f8118fed2986edfe79c68c1f431d,fix,2022-10-19T07:55:32+00:00
nuxt/nuxt,3ef014a378f3a593a2bac0e84da3dfd97d7a3535,docs,2022-10-19T10:36:17+00:00
nuxt/nuxt,654ddd412a3ec3aaaa94c9e6072d8afe1f4301b5,refactor,2022-10-19T13:10:51+00:00
nuxt/nuxt,0106e09e32e1bac0eeb3232e2f0f6cd44fcf3521,fix,2022-10-19T14:33:01+00:00
nuxt/nuxt,dbc2c8ceeefdfe3282a950b6f32f3b68e0fb9091,docs,2022-10-19T15:16:33+00:00
nuxt/nuxt,9415f54a1ab0e2ec1f29d384c91a0dbe6f08a95d,fix,2022-10-19T15:29:20+00:00
nuxt/nuxt,69a6a86d7c244c0af3eb08cce95a8cb2249c85b0,feat,2022-10-21T08:13:14+00:00
nuxt/nuxt,b9d83b3cd1b35c05d63a7f90462050170a8961fd,docs,2022-10-21T09:26:59+00:00
nuxt/nuxt,ded71608b4242735516b6eee6930fad9e471a3ff,docs,2022-10-24T08:06:39+00:00
nuxt/nuxt,453624224571471526489077972d04b0ec610184,fix,2022-10-24T08:32:49+00:00
nuxt/nuxt,7b20e13c855cbc9baae06a69ad6bbd761def0aa8,docs,2022-10-24T08:43:26+00:00
nuxt/nuxt,e7e75682882820854b6de6292603ed7c943fbab3,fix,2022-10-24T08:44:19+00:00
nuxt/nuxt,54da6f81a066aeb6ef862112421122d63559e6d9,fix,2022-10-25T08:24:09+00:00
nuxt/nuxt,1d795f027492749aa9efeb72b35ec811b0aa6f77,fix,2022-10-25T15:29:35+00:00
nuxt/nuxt,bbea416c236f1518965455eef8cdf717396ca3d1,feat,2022-10-26T08:28:00+00:00
nuxt/nuxt,95ae87ba0566937ae8e1e3fe3348d28eb2b96250,fix,2022-10-26T08:48:47+00:00
nuxt/nuxt,d228b11c04499d553bf11e7893072b9af737d15c,docs,2022-10-26T09:18:22+00:00
nuxt/nuxt,5bc8c10a3b7e4301cee3d4110316aef59a3e91c4,docs,2022-10-26T10:50:40+00:00
nuxt/nuxt,ea6ebd0b1f8c1367381d555a6f8c22b4497058cc,docs,2022-10-26T13:17:52+00:00
nuxt/nuxt,2284525662cdf06cdf94dcfc2ab4a9fec20b5716,fix,2022-10-26T13:55:11+00:00
nuxt/nuxt,265db5051510dcf8abf5d5c4563f0f68baf7c23b,refactor,2022-10-27T10:36:37+00:00
nuxt/nuxt,28ffb7fea027ade003035bfb345f9d796b8d4783,fix,2022-11-02T08:53:23+00:00
nuxt/nuxt,bdacfa6ffe65d8887e4830fa0d4c8ef2f424698c,fix,2022-11-02T09:07:28+00:00
nuxt/nuxt,2cbdf3684d055a90060ce39c8b39f3a3c28a65d3,docs,2022-11-03T14:04:37+00:00
nuxt/nuxt,71ecffa23418925ff883e3276c298061878fa2b3,fix,2022-11-03T14:52:03+00:00
nuxt/nuxt,e450debc08d30585265077a58250f28e09ca5db8,feat,2022-11-03T14:54:05+00:00
nuxt/nuxt,cda498b070769776c5c834804378201583a50c7c,fix,2022-11-03T19:17:43+00:00
nuxt/nuxt,ea17148a6b0cbed285b709990ff510edbadb52c1,feat,2022-11-03T21:03:12+00:00
nuxt/nuxt,19a2cd14929ca9b55720cb81f71687830a9e59a4,fix,2022-11-03T22:28:13+00:00
nuxt/nuxt,2376c1147f02f93f10dc21db5e263f2699256e46,docs,2022-11-07T09:16:34+00:00
nuxt/nuxt,7040d7a58d296c725f30a02d33c00da9bb817ce5,refactor,2022-11-07T10:30:59+00:00
nuxt/nuxt,0cf0f59bc5d9be82448622ac53aa1141563b7bb6,fix,2022-11-09T09:04:19+00:00
nuxt/nuxt,3839dba06a3680936e90619dfdb27580230a6f69,refactor,2022-11-09T09:14:15+00:00
nuxt/nuxt,83b5c090907d271e33d09d0179dbf742d6016f71,fix,2022-11-10T12:28:20+00:00
nuxt/nuxt,e6351349c0ab5732d72ff8018f6ab7f8f24335f9,feat,2022-11-10T13:52:04+00:00
nuxt/nuxt,b4d7d622875c321a4ccde1de7030f4ab4403db7b,feat,2022-11-10T14:55:47+00:00
nuxt/nuxt,2f5349503312fddd8337bfb78c9cd0b618c08c08,feat,2022-11-11T10:13:52+00:00
nuxt/nuxt,7677eec372198bbd7b0c9e57577ad081c7be6fcd,docs,2022-11-11T11:12:30+00:00
nuxt/nuxt,4a779460a56470a5eb2f96c2f23fc6f4f5786973,fix,2022-11-15T10:53:32+00:00
nuxt/nuxt,74b81bbeaa492af0efee2da5b4a5639050938178,refactor,2022-11-15T13:22:14+00:00
nuxt/nuxt,2c2fbdffc9a7477f94e4ea1b8d860b1d2d9c9052,refactor,2022-11-15T14:47:17+00:00
nuxt/nuxt,f530cd74138507b9c5beb588aed1c57765f6fb65,fix,2022-11-15T14:55:45+00:00
nuxt/nuxt,6e78f9dbb03a059814d1284511f732b901dea4f6,fix,2022-11-15T16:27:34+00:00
nuxt/nuxt,f7850526e864ae05b7f0b2a78b207c9ba7e7eaa0,fix,2022-11-15T16:47:41+00:00
nuxt/nuxt,5ac9d85a497d6003cbe0c5bbf0e16ef6ea69b46a,refactor,2022-11-16T02:26:35+00:00
nuxt/nuxt,90784f79d7452ff71832cfff40af1a9ef335704c,docs,2022-11-16T10:04:28+00:00
nuxt/nuxt,9ab069b2a3e14cda8b5eea83a132156076583e4a,docs,2022-11-16T11:39:38+00:00
nuxt/nuxt,780b17b1965085e01b626905a3045b68aea54d10,docs,2022-11-16T12:17:23+00:00
nuxt/nuxt,32044dc8a5d863077684dd880d134b48c28b0eb4,fix,2022-11-16T14:27:24+00:00
nuxt/nuxt,e038398fe595d5c5c7d70b33aaba9b45856f5c67,docs,2022-11-16T18:58:44+00:00
nuxt/nuxt,f01fc186394e6ba1e26f71ca3eb181cc070705c6,docs,2022-11-17T10:19:06+00:00
nuxt/nuxt,667286879eed067393387e9def904cb240dd4f77,docs,2022-11-17T12:09:43+00:00
nuxt/nuxt,71fed589c14eed3ebde5e1ccfd40e49651a3b0c6,docs,2022-11-17T15:32:36+00:00
nuxt/nuxt,a4768fd56d8dc20116dfea1c0fabbe6c8e4cd961,docs,2022-11-17T23:54:40+00:00
nuxt/nuxt,e85e3ab6e5d4dc399f2814865354db57315242e0,refactor,2022-11-21T10:45:54+00:00
nuxt/nuxt,fdc35aabb65b9b3adad3fd9cef99b4633ecd95b6,docs,2022-11-21T10:51:06+00:00
nuxt/nuxt,b2933cdfa383a7c09f25a04ac3248169a9dc6430,docs,2022-11-21T12:19:11+00:00
nuxt/nuxt,4f2bfbe5c06184e08c76b6034c3b390b3f4f9895,fix,2022-11-21T13:03:22+00:00
nuxt/nuxt,177d63dedeae2a152c3ff33c1ba923fbefe41724,docs,2022-11-21T15:05:49+00:00
nuxt/nuxt,c37b1361c87ae458557176e70210db2eb67a6ff5,docs,2022-11-23T15:15:41+00:00
nuxt/nuxt,2a57318e3fc8b4e218e5df27679fa66fee269df1,docs,2022-11-23T15:16:31+00:00
nuxt/nuxt,69e46a187358739c4b9c09ed17bce63ecda1aba4,docs,2022-11-24T11:14:20+00:00
nuxt/nuxt,f1026d4e88b3976541b81d831b3d1ea59c011ac5,docs,2022-11-24T11:15:33+00:00
nuxt/nuxt,7c998982fcd426cb2c7e9766381bbf022bce2fc4,docs,2022-11-28T13:03:11+00:00
nuxt/nuxt,8471b8cfef5e32050174aed763bf888d0658e9d2,docs,2022-11-30T14:15:08+00:00
nuxt/nuxt,2dc9ca587a878947b3539a4ce3eb3202a86501e1,docs,2022-12-01T14:26:09+00:00
nuxt/nuxt,c26979a047a07ab006e62828934a4cd4dc5dd91b,fix,2022-12-02T09:45:33+00:00
nuxt/nuxt,52421a935483e63a1712f2a045aa5e7cee135b29,fix,2022-12-02T16:13:35+00:00
nuxt/nuxt,5fe7c1c24d5f4120bb325ccdd3aefa2bec9c96b7,fix,2022-12-05T10:46:13+00:00
nuxt/nuxt,cf4e7bf33514efc2ad94755bb222077f8791f338,docs,2022-12-05T13:25:52+00:00
nuxt/nuxt,5f935aad48cfc89a3965db0c0d7406906a55beda,feat,2022-12-06T09:44:03+00:00
nuxt/nuxt,d500ac4e3cd3f519848058cd4cf2d37feef35c7d,docs,2022-12-06T17:35:44+00:00
nuxt/nuxt,5fdb7b6f8c32335abc3ac0d38fdfcf59a8d4695b,docs,2022-12-07T09:37:17+00:00
nuxt/nuxt,2396fc657f43e202478da6a3b2b81f33ef9d3526,fix,2022-12-10T19:54:35+00:00
nuxt/nuxt,2804c4cdb1447b57442c14843fa2e6070a5c6d4b,fix,2022-12-12T11:44:19+00:00
nuxt/nuxt,5afcaca98f44774ba6a729af134fd8326f303178,feat,2022-12-12T15:22:04+00:00
nuxt/nuxt,2a2f21b84f6a793f47cc662f2d65faa05a1f0d20,docs,2022-12-12T16:44:09+00:00
nuxt/nuxt,0cb9a4c51d0bc80506490ee0cd54a069993996ec,refactor,2022-12-13T10:30:12+00:00
nuxt/nuxt,ef4b667ba0728a25926f7d508714961d01bc7fea,docs,2022-12-15T16:01:11+00:00
nuxt/nuxt,c0be933b028724c8b456b2da102a19be4342eada,docs,2022-12-19T11:50:01+00:00
nuxt/nuxt,362f6797e406f49468b544933ec938f68a11711f,docs,2022-12-19T16:26:10+00:00
nuxt/nuxt,ce9141285aad057d43eef37d640d8996b89c19fd,docs,2022-12-20T09:03:42+00:00
nuxt/nuxt,f3263ebb9d00be25d2b3f4452f9d158da72bf0ba,docs,2023-01-02T18:18:50+00:00
nuxt/nuxt,0afb582c22e2c0b8e74601c685f575b87f3cda6d,docs,2023-01-02T18:21:32+00:00
nuxt/nuxt,918977b74f99a624457b2a39bf275d560b307e7c,docs,2023-01-04T10:56:17+00:00
nuxt/nuxt,e0022aadcfb048a588d0a1e1de4549ca40e7b2ec,docs,2023-01-04T16:30:24+00:00
nuxt/nuxt,60c3e2f841238437f932ccbdf9bdfb95abee80c8,docs,2023-01-09T09:19:15+00:00
nuxt/nuxt,2d013c5fadfe57828a67b18fa3154ecc2c6d8401,feat,2023-01-09T11:20:33+00:00
nuxt/nuxt,fe35881126ba8b3cae578bc3ea55a8c93f3f6472,docs,2023-01-10T11:08:22+00:00
nuxt/nuxt,698a3103e010549c99d2739374d927416d0039e3,fix,2023-01-11T20:51:49+00:00
nuxt/nuxt,a1bf50efcff6983f7475f71dfaa3b2110f2453f0,docs,2023-01-13T09:26:52+00:00
nuxt/nuxt,087f8b7f8a7f9fddfc00a8a6fbbeb4ec829bb9c9,docs,2023-01-13T21:08:30+00:00
nuxt/nuxt,ef39d2c9d9fa04b9c68af0b9940ab0e988769722,fix,2023-01-13T23:19:03+00:00
nuxt/nuxt,a3075b9e6f674bc6fbb720517753991848706346,docs,2023-01-13T23:38:52+00:00
nuxt/nuxt,bf649fe576934aa5cc92e3cdcad746f93b41ce70,fix,2023-01-14T01:14:24+00:00
nuxt/nuxt,86ed4ef1f42116a996848ca783f3016a5515567e,fix,2023-01-14T01:18:55+00:00
nuxt/nuxt,488479ab1b2909a8819450d09f9ea9687db76d54,fix,2023-01-14T01:27:06+00:00
nuxt/nuxt,d6c7676f151139a693cb50f833abef1003c8196a,docs,2023-01-16T12:46:04+00:00
nuxt/nuxt,5d069a93ce88e354aad7c3e88b122ad27ad1e34b,docs,2023-01-16T13:05:09+00:00
nuxt/nuxt,baf9d950db7ecb1ea1c4dbed51ed95b37d794a1b,feat,2023-01-19T10:56:34+00:00
nuxt/nuxt,49a2dd5d5a43b50aca8334cf10c1700a8327d83f,docs,2023-01-19T12:08:39+00:00
nuxt/nuxt,912eafbbf6ee72859198405fce3e51a1648ce1dd,feat,2023-01-19T13:01:21+00:00
nuxt/nuxt,5e1881c20a98cb70b222e47c32b791efaa9a3ec4,feat,2023-01-20T12:10:58+00:00
nuxt/nuxt,fa2672485a7027d17c37c63921bbff104d19620d,fix,2023-01-20T16:23:16+00:00
nuxt/nuxt,585e8be2e0f7415119b016f5857fab565c8ee06b,feat,2023-01-21T16:54:02+00:00
nuxt/nuxt,98d292ae8586f6c6688f80337a24327e8a92b1dd,fix,2023-01-21T16:55:44+00:00
nuxt/nuxt,625022cf28813dac36500bad5d1278ec75ea059c,docs,2023-01-22T15:42:08+00:00
nuxt/nuxt,de4086f6edabefc1a46ee08a099c3065f24f6fe5,fix,2023-01-23T11:18:33+00:00
nuxt/nuxt,40f0d1e58dc947ce5eac8b7d61d8f3c6062f223a,docs,2023-01-24T10:09:03+00:00
nuxt/nuxt,e0c89e5c0e7f6bba70f170d6f670f8dbc4d7a8f7,fix,2023-01-24T10:30:10+00:00
nuxt/nuxt,05b1fc2b22740f202529be50871197f8dc99f39e,docs,2023-01-24T10:39:35+00:00
nuxt/nuxt,bb41265442c6e3fb71f6255e7e47a04086c49ff2,fix,2023-01-24T11:11:36+00:00
nuxt/nuxt,f08eab2b5e6706bec890f8991010ce04d6258709,docs,2023-01-24T15:38:38+00:00
nuxt/nuxt,1d68b51c2c1d48896b1e366c778ba6d4fbd874bc,fix,2023-01-25T12:52:00+00:00
nuxt/nuxt,3fcfa331429d857a3e930506099e1d3fe02b381c,docs,2023-01-25T13:10:25+00:00
nuxt/nuxt,98b5c89a5a401e781f5a9a7dc0547a7519ba01f5,docs,2023-01-26T11:57:44+00:00
nuxt/nuxt,6b2bc680b06ffbbc7383c428f7e535bdbf1754b9,docs,2023-01-30T10:56:30+00:00
nuxt/nuxt,c9d0b2f6be303154f2b03161bf5dc4fb279cc054,fix,2023-01-30T20:21:02+00:00
nuxt/nuxt,b864fa04a7f355252e2b6d74b68112d9d387425b,fix,2023-01-31T14:04:55+00:00
nuxt/nuxt,d496703fb4437721b7b80bc9ce1fa1dbd0be37a4,docs,2023-02-01T19:12:42+00:00
nuxt/nuxt,5eaeb4f83d49dc8b7173949c563c7794ef83aa40,docs,2023-02-03T09:25:47+00:00
nuxt/nuxt,217e59ad96802e0bf0355d0c8ea9b496fb00ec0b,docs,2023-02-04T14:17:05+00:00
nuxt/nuxt,dfd5f3d72bf0a21f478c30fc9a96b49c899c193f,docs,2023-02-04T14:29:33+00:00
nuxt/nuxt,bf617c790c04eb46a5a135210b0d27e82174bcc8,fix,2023-02-04T15:36:03+00:00
nuxt/nuxt,198f9a23ec7e091fa0aea2f089c4098c5bda9073,docs,2023-02-05T12:17:15+00:00
nuxt/nuxt,3692ec3ce9f41d569e9cac0a35662e02ab1f06a7,docs,2023-02-06T22:41:31+00:00
nuxt/nuxt,84dfd8756a1d30d227916142c529a389d87b820e,docs,2023-02-07T09:54:49+00:00
nuxt/nuxt,9a035a15c5035e609ba20ef3106c79d733992e86,refactor,2023-02-09T06:26:41+00:00
nuxt/nuxt,ee2f568fc127834a48d8528fd035ce4d88e16db8,refactor,2023-02-10T09:32:02+00:00
nuxt/nuxt,6d7be476a2caaf4683193b62d15ddee00bf27804,docs,2023-02-12T19:18:39+00:00
nuxt/nuxt,6016aef859efe485871fe007d9b572304916ebba,fix,2023-02-13T22:42:04+00:00
nuxt/nuxt,2960aa3426e4d993ca6aec1b10333534ab7385a6,fix,2023-02-14T00:23:12+00:00
nuxt/nuxt,9e789c76c04335c1d43f667141df779a88a49d07,fix,2023-02-14T00:36:46+00:00
nuxt/nuxt,27d68f67c390fb405c591fab63527f70a0c2b4f7,docs,2023-02-14T10:01:35+00:00
nuxt/nuxt,a1252d3a30b13eb067e8ee489c497359803e3309,docs,2023-02-16T12:27:28+00:00
nuxt/nuxt,96b09ea9820aa1bb2b6a9aa567a58b8bd321fcc9,feat,2023-02-16T12:43:58+00:00
nuxt/nuxt,9dc5413cbd5a96aa80662db8db56f27d2c4647e6,fix,2023-02-16T12:45:08+00:00
nuxt/nuxt,4b2901bee112bca91cfa381fbebb3ab0322081ef,fix,2023-02-16T12:55:12+00:00
nuxt/nuxt,c8b49a3253b9c5cf5b0118101acf685c69a10c96,docs,2023-02-16T14:53:23+00:00
nuxt/nuxt,af55b9882eaa65e5fcd82575ef4aa6b761095f1c,fix,2023-02-16T17:16:51+00:00
nuxt/nuxt,eaeb4f089dc92e7eeca7505f8dee2daccae63baa,fix,2023-02-20T10:56:17+00:00
nuxt/nuxt,268cded26ca398be526ccc775e3108e178231efe,fix,2023-02-20T20:31:27+00:00
nuxt/nuxt,b1fd5200f5ebb05cab1dc017f847c3dababcbdb9,docs,2023-02-21T13:39:36+00:00
nuxt/nuxt,7479d469dd112117d8ea7cec2d1a1a6d6abc1141,fix,2023-02-21T15:06:10+00:00
nuxt/nuxt,5cfd8351631cb3941bb31739fd5769c006a72fcf,feat,2023-03-01T12:15:01+00:00
nuxt/nuxt,c35104c76995658028bc162943344ec4b2cd9695,docs,2023-03-01T13:58:33+00:00
nuxt/nuxt,d4a75240acec551f63cbbfd468f749b81641efb6,feat,2023-03-01T15:08:23+00:00
nuxt/nuxt,21e3e17cfa7676f02c66bf2bc8e054f06ef03822,feat,2023-03-02T15:28:15+00:00
nuxt/nuxt,654b9a21d7af83589f5f40ce11455f8623785a32,fix,2023-03-03T10:20:15+00:00
nuxt/nuxt,6084f6416be4192c891e6ee4c06525dfa96951b3,fix,2023-03-03T10:40:24+00:00
nuxt/nuxt,db5ea91916b9d6bdbf56043e428fc6096a243f13,feat,2023-03-03T13:45:38+00:00
nuxt/nuxt,a420369c9077765f1ca714d98afac7495287a2e5,fix,2023-03-03T16:47:08+00:00
nuxt/nuxt,8fa3fba11ff423d566224655ccf9a9c6f8f0e71f,refactor,2023-03-03T19:24:49+00:00
nuxt/nuxt,71225e50c5bc45c3feb7b189997659d880fe03f3,feat,2023-03-04T14:39:26+00:00
nuxt/nuxt,4f61e36c6ffc385680caba58bd60c84d4ae348d6,fix,2023-03-06T14:42:20+00:00
nuxt/nuxt,b9e6980a6249a90be8c0d11b3dd4daa0afc0b6ab,docs,2023-03-06T22:54:40+00:00
nuxt/nuxt,6748211df44a358cc918ac04115dee5138847c0d,docs,2023-03-07T09:45:07+00:00
nuxt/nuxt,06b9233b183bf8ca81ada47842c27cd4190d5b6c,docs,2023-03-07T12:20:43+00:00
nuxt/nuxt,faeffcb9630c0b7a5e42deec78e495b7fa0930a3,docs,2023-03-07T17:46:25+00:00
nuxt/nuxt,60d07df4cc52064a3ab828cf37b65e1833408d17,feat,2023-03-07T21:06:15+00:00
nuxt/nuxt,e344321d92118f0c27083f2691d5e025f8fedbfe,feat,2023-03-08T11:32:00+00:00
nuxt/nuxt,ecfb3d24852f9747ebf5070808a5dc743e2ff5bb,docs,2023-03-09T09:09:41+00:00
nuxt/nuxt,e0cb950f0eb10bcad021b2c5a54367c70a752edf,docs,2023-03-09T13:34:18+00:00
nuxt/nuxt,d67a873c49c4b205df4abe35de5a42ca3306a54a,docs,2023-03-09T13:35:26+00:00
nuxt/nuxt,2905282def2b44aee5c1db4b2d460dae263b5a6f,docs,2023-03-09T13:39:29+00:00
nuxt/nuxt,6d79b71588c80787366f8e818edf428f036174aa,refactor,2023-03-10T14:55:01+00:00
nuxt/nuxt,646bf3249db19bba348996f733cf6278f2f04b33,docs,2023-03-10T19:53:01+00:00
nuxt/nuxt,4ad5c959ebf10c84e11b38d94d5da81c3cdff9d9,docs,2023-03-10T21:34:51+00:00
nuxt/nuxt,b19b35fb67614c4b4fde7a4c03657addd03c4262,fix,2023-03-11T21:16:01+00:00
nuxt/nuxt,53a2a0fdcb296741155d967cc86e7aefce80ac83,fix,2023-03-11T22:11:48+00:00
nuxt/nuxt,4de4de1a717c9c2f1335808f629b1e614efdcbe2,fix,2023-03-11T22:36:10+00:00
nuxt/nuxt,3684de58f4626e7b07dafdb0c3ddafaeaaccf811,fix,2023-03-11T22:36:43+00:00
nuxt/nuxt,ea8f78a63a63b215fee35cc8f42ec88e65a47f33,fix,2023-03-12T22:25:45+00:00
nuxt/nuxt,0f6276dc6e293357d10e7603b1dd976455888426,fix,2023-03-14T10:09:50+00:00
nuxt/nuxt,4b2cb52f8a74d62871ec3f7cb26ddef84b09ba20,fix,2023-03-14T13:08:43+00:00
nuxt/nuxt,f9d7e1c900a85e056b0ba29b73faf3e620599a4a,docs,2023-03-15T10:24:59+00:00
nuxt/nuxt,886cca19ea5128c260fbd027616e61912f9dc4e6,fix,2023-03-15T11:26:01+00:00
nuxt/nuxt,e383d06bf53db97a272809729f8c2d369ed18fee,docs,2023-03-15T12:50:10+00:00
nuxt/nuxt,c570ae2724541b911cee6d92c996927e51a68e3e,docs,2023-03-15T14:28:56+00:00
nuxt/nuxt,8d644903bc0b62085dc0de4cd1148f9cadc78ae8,docs,2023-03-15T15:36:42+00:00
nuxt/nuxt,7103670acc6ba13c67bffbcef0190cf5f7f2b85e,fix,2023-03-16T14:53:10+00:00
nuxt/nuxt,81da4cf5a23ad54812d62a77091aa76f2db28d87,fix,2023-03-17T10:08:21+00:00
nuxt/nuxt,52734871b4ef158d158334ddd44bcdbb1ad7645c,docs,2023-03-17T15:25:04+00:00
nuxt/nuxt,4ca2dccd385902dc18c760aa4f7f20a0dc2d1696,fix,2023-03-17T19:01:16+00:00
nuxt/nuxt,2c642328c9b5bce3b124267c18a2d304eb80529a,docs,2023-03-18T06:53:54+00:00
nuxt/nuxt,4fecf2cc25c064612d54bf36c8656323e45c0b7a,docs,2023-03-18T16:53:47+00:00
nuxt/nuxt,9e67e57efd08efddfd2852c06b571a55ebd0f9d6,docs,2023-03-18T20:38:55+00:00
nuxt/nuxt,ce575b49e3613ca8c0a5acc3e19ad8792ce3913e,fix,2023-03-19T23:16:13+00:00
nuxt/nuxt,bf0cabb0005ff0641aee44245843f8073043a844,docs,2023-03-19T23:19:42+00:00
nuxt/nuxt,801aba830e66874aadbc8bbcd403abb221211561,docs,2023-03-19T23:51:18+00:00
nuxt/nuxt,67c786471f0982ff0b8129dbecde333ae12f1057,docs,2023-03-20T09:25:09+00:00
nuxt/nuxt,7be41b9a6d1828f24d5237d6b8ec1d96f6fdc647,docs,2023-03-20T10:38:42+00:00
nuxt/nuxt,3a971d0b36bed037b3258b0f1f0626cae2361d91,fix,2023-03-20T21:46:12+00:00
nuxt/nuxt,4430c664e89020112f41681c67b74c61c4f7e218,fix,2023-03-21T21:35:51+00:00
nuxt/nuxt,fc7867fb0e074750772bf20d4ac0c4201e3f68ef,docs,2023-03-22T11:07:11+00:00
nuxt/nuxt,824d296c7b9c13f64183c9b32d5c12d05cc2d862,fix,2023-03-23T00:24:18+00:00
nuxt/nuxt,dc5982d9e0ed6f16711fbc700233561748479614,fix,2023-03-23T00:27:13+00:00
nuxt/nuxt,ae82d7089598bd1a4e5a8f88cd9edf7a1f12d7c7,fix,2023-03-29T10:59:57+00:00
nuxt/nuxt,99ac1d5976d716823dfa8d3f9badb70826bbfa8d,fix,2023-03-30T16:24:18+00:00
nuxt/nuxt,822202239c2f452b596087a67fb6c671803aa756,fix,2023-03-31T14:02:26+00:00
nuxt/nuxt,66d76c3d3661b16e7f572c8555b8feb40d39516a,docs,2023-04-02T12:30:29+00:00
nuxt/nuxt,d190f743dc529b154d5b10bae351ac8d39f3dc67,fix,2023-04-03T09:56:44+00:00
nuxt/nuxt,ee8d3f6ea67b95c01059848b01072a45fc32907e,feat,2023-04-03T12:36:14+00:00
nuxt/nuxt,e7623ec0b7d1c812d1d606ca9c026f7b36809dd1,docs,2023-04-04T13:23:13+00:00
nuxt/nuxt,b811742f89b4d7d62ba6f2615433794235b0ddf7,fix,2023-04-04T13:34:39+00:00
nuxt/nuxt,b068f79fee9e71ab322658d08ee60a685ac48dec,fix,2023-04-07T08:31:04+00:00
nuxt/nuxt,6ddea42f961a60dfda5c73d0ab226ecc772a8b07,refactor,2023-04-07T10:36:41+00:00
nuxt/nuxt,9fd398216c60932f0862bdb3551701b1e831df71,fix,2023-04-07T13:19:53+00:00
nuxt/nuxt,ea4b5220a44033295c5a8a2f7e6ec9636dcff7a3,feat,2023-04-08T10:16:06+00:00
nuxt/nuxt,1f70cb7219ef8f7f921d92c2a2a8f1a529d1b954,docs,2023-04-11T12:41:22+00:00
nuxt/nuxt,0443a283d9cbd7686f9f114e3e76eae837a85ac8,docs,2023-04-11T12:41:44+00:00
nuxt/nuxt,163913a7443455397e6fb215be2c813b72b0db63,feat,2023-04-11T14:17:44+00:00
nuxt/nuxt,811bf28068363530b5719bd9cae06cf5fbd6b6ff,feat,2023-04-11T14:19:45+00:00
nuxt/nuxt,22f1f71e3ec9a2277c72f7d29b502a6112b9b9fb,fix,2023-04-12T08:42:45+00:00
nuxt/nuxt,e5d1d29b1d850092953393286374284eb07e187a,fix,2023-04-12T17:10:18+00:00
nuxt/nuxt,b011d3d76feb107fc10af9ce860cc81c2d280a5c,fix,2023-04-13T09:58:25+00:00
nuxt/nuxt,295473f9242399b64b20c8d04a97f48b3f50bd5a,docs,2023-04-13T10:13:42+00:00
nuxt/nuxt,9110d41628bb7c7e9da2b3a9cf318bcddbc9e1fb,fix,2023-04-13T10:14:44+00:00
nuxt/nuxt,b602b66a8ea797cef76f71b2f1488fb8ffb81471,fix,2023-04-14T12:25:33+00:00
nuxt/nuxt,3754591257c3320b179f1128121fc5aac43df3df,fix,2023-04-15T10:03:09+00:00
nuxt/nuxt,d48024e71f0933d97b6e35a986a7be7febb66334,docs,2023-04-15T10:30:17+00:00
nuxt/nuxt,37e62e4ea1e0695f1d7922519c3e0f05e328a021,docs,2023-04-16T13:21:55+00:00
nuxt/nuxt,559013483f1a5f587f7d8320bc7c9b30a451421c,docs,2023-04-18T13:39:34+00:00
nuxt/nuxt,5febd46d239779759148b49761e381743f31954d,fix,2023-04-19T18:05:46+00:00
nuxt/nuxt,c7be5b4ec6a3b129c68e892c9f3dad816446bb10,refactor,2023-04-19T18:17:36+00:00
nuxt/nuxt,12f347a928c388c35967e823c77d1ff6d765742e,fix,2023-04-20T12:33:45+00:00
nuxt/nuxt,0ea719776b9a43208723fc2fc892e8d8595392ac,refactor,2023-04-20T13:00:05+00:00
nuxt/nuxt,3133c6fb84affca6854b7c7fa8cfbab9fe2aebe6,fix,2023-04-24T21:24:38+00:00
nuxt/nuxt,4c200e4a2a7c3472153b6fac3e81d4e911c9a50a,fix,2023-04-25T14:33:29+00:00
nuxt/nuxt,e4b4665f0d7f0856e27d2de5c5af007fe01320c4,docs,2023-04-29T21:31:37+00:00
nuxt/nuxt,4e7206bfabbb56e5d0814e91720213693d2b111b,feat,2023-04-29T23:01:10+00:00
nuxt/nuxt,d2fc6ae614bef0d4c188db2ed4040288f5b07332,fix,2023-04-30T09:08:08+00:00
nuxt/nuxt,8b86d39e30ca970fb0adf2b5665a77f8dbbfb439,refactor,2023-05-01T16:39:07+00:00
nuxt/nuxt,84559e84aa054e2448d7a5ad9fec0de44205e090,feat,2023-05-02T11:17:41+00:00
nuxt/nuxt,1da25c8069525e35be9c7a9ca3499b20f1bb6d7c,fix,2023-05-09T10:22:38+00:00
nuxt/nuxt,fd9b179f5a91107cc3cd0101f7461d56e670b57f,docs,2023-05-09T15:41:02+00:00
nuxt/nuxt,5781cf1569d4d3b52cfa12295360aa1889785cef,feat,2023-05-09T17:08:07+00:00
nuxt/nuxt,29f29302cecebf210c24f26f7b9a304f9299f4f7,feat,2023-05-10T13:45:52+00:00
nuxt/nuxt,f170075c799433bd289bdcb5faa2f50f3d431519,feat,2023-05-11T08:37:32+00:00
nuxt/nuxt,0258acdc8a6f02bd5de5e31611b4c821481bb519,fix,2023-05-11T14:28:03+00:00
nuxt/nuxt,83c7172acefaad07d673aef0feff9eba131137f6,fix,2023-05-11T21:00:41+00:00
nuxt/nuxt,6b7197fd8c6f340e504f4f7690b11a6b96595950,fix,2023-05-11T21:54:07+00:00
nuxt/nuxt,90ab1b50f4768a0201eafb20c9600b4ba60102e3,fix,2023-05-11T22:33:17+00:00
nuxt/nuxt,900ee6dc8b1760cf533f9461cb4c11d4151bfe07,fix,2023-05-13T21:39:50+00:00
nuxt/nuxt,d077c10c41ae21a9758bd11e22abb9688adc9812,feat,2023-05-13T22:32:31+00:00
nuxt/nuxt,7006064567b39614d8545d578ff1394023511fc0,feat,2023-05-14T11:55:26+00:00
nuxt/nuxt,ebbda2cbe47b78c119a9ac285cae4ebd579a52a4,fix,2023-05-14T11:56:15+00:00
nuxt/nuxt,33e2bd3dc0d9911066c6d73234512333ff282380,feat,2023-05-15T15:36:30+00:00
nuxt/nuxt,a0583ba96ea5e923344d9d9deb4516fccdc6d935,fix,2023-05-16T09:55:13+00:00
nuxt/nuxt,d53cc604db956420f237cf8567222406a01fa844,docs,2023-05-16T11:16:09+00:00
nuxt/nuxt,83cb5d6f5414378b2dbc43b2937cb4ca5edc843e,docs,2023-05-16T22:06:28+00:00
nuxt/nuxt,4907660ff534eec2ad9d28c9dd2de601ca03cff5,docs,2023-05-17T09:07:33+00:00
nuxt/nuxt,d2e14b678bf8ecdd00bbeaaabd317fe748a5788e,fix,2023-05-17T12:26:16+00:00
nuxt/nuxt,244c681088cca9905702c1169132f5cb03a876b0,docs,2023-05-18T13:31:12+00:00
nuxt/nuxt,ef8b5b593c7463d6033e4ba70377956c47f80566,docs,2023-05-18T13:32:23+00:00
nuxt/nuxt,da29ac0b7e218e71704bae4788a95d90339bac7e,docs,2023-05-18T18:54:06+00:00
nuxt/nuxt,d270ab49d802f8eb882e2d402cf50ff764ce0ce0,docs,2023-05-19T17:28:15+00:00
nuxt/nuxt,26861e68ce8788868aaa69494dedec42bdcc90e4,fix,2023-05-20T22:10:52+00:00
nuxt/nuxt,e847e33a754f5441be761e87eeddcefccb3194c0,docs,2023-05-20T22:31:22+00:00
nuxt/nuxt,674607a8a363506e85eac21d1bc5a0ad92d88e20,docs,2023-05-21T13:42:57+00:00
nuxt/nuxt,bb28819d3c20aa7d16871ae36433c17dd282800c,fix,2023-05-22T07:25:50+00:00
nuxt/nuxt,2518cf8d3717743133fbb1bc875cb2612b97c3c9,fix,2023-05-22T18:12:58+00:00
nuxt/nuxt,397c54c9db8a6eeaeabff8ce06943e0881aac806,fix,2023-05-22T18:42:25+00:00
nuxt/nuxt,1f0d64c128de9fb0ea67828dc1e88f8ee7704bbd,docs,2023-05-22T19:44:17+00:00
nuxt/nuxt,f94984e5cb6625fe4007e786cfb92ee32f6e37cf,fix,2023-05-22T20:25:04+00:00
nuxt/nuxt,7cc7297ea7dd4e83a637a906c02b2507d9a59dae,fix,2023-05-22T20:29:59+00:00
nuxt/nuxt,e50cabfed1984c341af0d0c056a325a8aec26980,fix,2023-05-25T18:29:22+00:00
nuxt/nuxt,e6dba41eb6b21c08f420fef5f2fc8361f4110733,docs,2023-05-25T19:51:57+00:00
nuxt/nuxt,200bc025c4edc5bbe58c186d9a4bcfd4aaff7b53,docs,2023-05-25T21:38:55+00:00
nuxt/nuxt,6eacad03b8700424889381644fe02dd383150495,fix,2023-05-27T16:24:21+00:00
nuxt/nuxt,181e3b9b0a6e499a03e4ff11590206ebc55fb9e1,docs,2023-05-29T13:56:17+00:00
nuxt/nuxt,bec01c378a299673390d54c22afbf3b23c4a9c4a,docs,2023-05-30T16:30:58+00:00
nuxt/nuxt,7512a52488ac614d7c52ceecd260bb4db29b58fd,fix,2023-05-31T16:14:28+00:00
nuxt/nuxt,1e6d640bf7ce0ca1d25e9cdbfb74f3d1872c769a,fix,2023-06-04T23:06:01+00:00
nuxt/nuxt,1a7aa1b043d28a7d735aaba5ea78934a19e9ed15,docs,2023-06-05T15:03:06+00:00
nuxt/nuxt,05b577e550c3a3d6c287e7e54e50d5c0897826bf,fix,2023-06-05T18:23:38+00:00
nuxt/nuxt,c0b3d26b004ffd20ce07093cf508c05c0f302931,feat,2023-06-06T22:36:35+00:00
nuxt/nuxt,0bc38b7e19cd432252cca589c3dc9f0477a73b55,fix,2023-06-07T08:57:44+00:00
nuxt/nuxt,2fccfa2d5c40f5da2d5a0812d13ed0e24068087c,docs,2023-06-07T09:28:27+00:00
nuxt/nuxt,6d62b65f979d70464d885868d00b4326012817bb,fix,2023-06-07T11:46:08+00:00
nuxt/nuxt,7710ed30fa1382afd72798544931c5d9e9646c34,fix,2023-06-07T12:18:50+00:00
nuxt/nuxt,857511f448b1ba15836edb06de687e14b48c3782,feat,2023-06-07T19:49:46+00:00
nuxt/nuxt,32c8e3bf27257b29ab9c2d59c6d0b89bfb42e821,docs,2023-06-08T05:59:48+00:00
nuxt/nuxt,ee6869b1ba0490995756b297d067a0d35fc896f7,feat,2023-06-09T21:24:03+00:00
nuxt/nuxt,c884a95f0f7477e92ea50dc3910cbbe3e8e5ec5b,feat,2023-06-09T21:38:14+00:00
nuxt/nuxt,acdc28a99edbe37fccda6a49cdf62e41c1d7522c,fix,2023-06-09T22:19:42+00:00
nuxt/nuxt,05a8c2d955b9dc7f13e0bc6ad6e347f2a9d40f23,fix,2023-06-11T21:27:02+00:00
nuxt/nuxt,4ac4dfda15c5b92507334681c5d089cf6c5441c3,docs,2023-06-12T08:45:53+00:00
nuxt/nuxt,1ab19b916ab4e868f147ee7927e7e915faac519a,docs,2023-06-14T10:38:46+00:00
nuxt/nuxt,de5c75876618ba57f68888bf1d0f077a49589e24,docs,2023-06-15T15:28:03+00:00
nuxt/nuxt,48c2b458a1734ff69a4994ed64e2833a2828850c,fix,2023-06-16T14:19:53+00:00
nuxt/nuxt,bcb3d7337bcd5c2aae91f1720ee80cb05c9f08a1,docs,2023-06-16T14:47:03+00:00
nuxt/nuxt,c73bed8c6db4aac31f9f4123c7d4b01ff78f7795,feat,2023-06-16T14:47:38+00:00
nuxt/nuxt,2a42a5f807c22aad49937b502734271b88607a89,fix,2023-06-16T14:47:59+00:00
nuxt/nuxt,c9506cc3d5974688c6cb7433896707fb9a57f4c6,docs,2023-06-17T21:33:54+00:00
nuxt/nuxt,961f0f58f261c4032f20ef245bd5dfb2765f339e,docs,2023-06-18T20:28:03+00:00
nuxt/nuxt,444d4e1ca7e5924ebfdaaaddad98a7bb6b5fb390,docs,2023-06-19T17:51:11+00:00
nuxt/nuxt,3fd6c179e439388247ceb795bf83d8534eafc73d,fix,2023-06-19T22:06:46+00:00
nuxt/nuxt,bb4ed5e406fff579b14775129f6f8b481fd97543,fix,2023-06-19T22:29:09+00:00
nuxt/nuxt,aa2fd0112dcc8203a814ff311e1f604637712bfa,feat,2023-06-21T06:05:47+00:00
nuxt/nuxt,dd5dff37d57676e28531d06041985f950fefd643,fix,2023-06-22T13:14:21+00:00
nuxt/nuxt,56eb15f83c80044232741bb6ea198798d47dcb2d,fix,2023-06-23T09:09:35+00:00
nuxt/nuxt,adb1c122a7a0418d9431b596f10a3961840665c6,fix,2023-06-23T10:02:01+00:00
nuxt/nuxt,1ee704c18439d97e8ba4a17338c6b2336b8fc0d9,docs,2023-06-23T14:47:21+00:00
nuxt/nuxt,789c8bfa95bea920b291971a72e294233a6abc78,fix,2023-06-23T23:01:17+00:00
nuxt/nuxt,6b8cb97d54985b7622c8250d0a7287ce37d4f43d,fix,2023-06-25T16:38:51+00:00
nuxt/nuxt,5b8370414a0a3341516e9f6ab7969b1ce4554fe5,fix,2023-06-25T16:40:53+00:00
nuxt/nuxt,12403d160f5e13538cb66056bb082bf035c1bd16,fix,2023-06-26T12:11:12+00:00
nuxt/nuxt,dc329c32aa55a3085452570692d297a0f64f2656,docs,2023-06-27T10:53:38+00:00
nuxt/nuxt,d4af2376858de262f2958b2c6b5eb89fdba226d6,docs,2023-06-27T11:27:11+00:00
nuxt/nuxt,d4addcf7b1f2c68c234ad48f4d46b1dd21cd3947,fix,2023-06-28T21:19:51+00:00
nuxt/nuxt,5f5b9dfe99fdc3f45e224eee496032ae982d897b,docs,2023-06-29T09:16:43+00:00
nuxt/nuxt,6cf762f16983a85380b8b58ecc138e55be29fe86,docs,2023-07-01T13:39:07+00:00
nuxt/nuxt,3fb329cc8fd4b8186257ac07db16b4499da75e20,docs,2023-07-02T09:00:17+00:00
nuxt/nuxt,ddb02f64869251254f13da20c4997b09750b6130,docs,2023-07-03T16:43:18+00:00
nuxt/nuxt,a9904a3ff79d162dc6842aaae888011449c5e8fa,fix,2023-07-03T19:33:40+00:00
nuxt/nuxt,52a427d5837b328782e7a4b1d98c92699091dc78,fix,2023-07-05T09:48:01+00:00
nuxt/nuxt,a79d04780af4cbdc272f0b2b3f70946bae3f4023,fix,2023-07-05T14:04:37+00:00
nuxt/nuxt,4e32e70bba8ad2500fb613206b6cce340d32fecf,fix,2023-07-06T12:07:11+00:00
nuxt/nuxt,1605a532a18137992061b84470bca40900862bc1,fix,2023-07-06T13:22:31+00:00
nuxt/nuxt,2edd7a34419e042f6a694929d32178ecb379be51,docs,2023-07-07T20:35:59+00:00
nuxt/nuxt,bf7e96c7c6e7e63a54a519531ba5ec0b85dcce7a,docs,2023-07-10T13:11:58+00:00
nuxt/nuxt,c76d58051f363c4be0f2635c659eb5a3b5bf37fd,docs,2023-07-10T14:48:57+00:00
nuxt/nuxt,350788419c414317354de9900cd049fa750456cc,docs,2023-07-13T10:05:33+00:00
nuxt/nuxt,21ea0faf8a2231bbb111070ee6cf7f8e672244af,docs,2023-07-13T17:26:49+00:00
nuxt/nuxt,826f82a6da36fd4585b610b0126725b5ca1d2760,fix,2023-07-14T14:32:59+00:00
nuxt/nuxt,0643d4315b4a876853274262104eebfcbe216572,fix,2023-07-14T22:39:06+00:00
nuxt/nuxt,fed5868184c6ec7256c114cb804253b8deacdf64,fix,2023-07-15T22:48:03+00:00
nuxt/nuxt,b8a282e1156559ed923a7d92cd44bcac43f0d1e9,fix,2023-07-18T10:03:14+00:00
nuxt/nuxt,a6b4c3c9d8ae678116abbcd67d0ea810414b6222,docs,2023-07-18T10:25:47+00:00
nuxt/nuxt,646137a63a909827dd6cad00e5a04d11484f2a47,docs,2023-07-18T10:26:43+00:00
nuxt/nuxt,4b6f3e1ba11ee247906a34ea76292bf3a171ed3b,fix,2023-07-18T11:31:35+00:00
nuxt/nuxt,f4ec04f5208e81e7a657e3a727adf7fcd019fc77,fix,2023-07-18T15:07:35+00:00
nuxt/nuxt,f6b64f6a65761e05abd6de4aea976dfaf240efae,fix,2023-07-18T15:20:06+00:00
nuxt/nuxt,449a01526ae52210abff4632126b7a0e1cc1de14,fix,2023-07-18T15:21:53+00:00
nuxt/nuxt,bea5ec35fb38f74c1e7945100428a30adf73bc72,feat,2023-07-20T08:53:29+00:00
nuxt/nuxt,a2552c0191c15a334ca803e487da0c875f388079,feat,2023-07-20T08:54:03+00:00
nuxt/nuxt,6c517e919c758565e69b10237a9d13f9a65a243f,docs,2023-07-20T09:55:11+00:00
nuxt/nuxt,9742bffac24fbf9fa279d614ad6bf07b5d85672d,fix,2023-07-20T13:22:10+00:00
nuxt/nuxt,b650207fa5d3bc1763f67492574b2dfc32f2b435,docs,2023-07-25T08:25:14+00:00
nuxt/nuxt,694f13b18f56555e5e7b6c4f21f38d3f67761111,fix,2023-07-25T21:04:16+00:00
nuxt/nuxt,7e05b6e7853da98ec93ca72acd72af1fe272eafe,docs,2023-07-29T18:14:08+00:00
nuxt/nuxt,8166fb20a544c1d3692a2822d7891d72fb78e65a,fix,2023-07-30T09:11:50+00:00
nuxt/nuxt,9b09b4d1127e3bbdbd5d97edd2309ad7f40463f9,feat,2023-07-30T18:46:16+00:00
nuxt/nuxt,38d2bb7b9577b10dc17b081e5f5e935b8357ac0e,feat,2023-07-31T08:42:42+00:00
nuxt/nuxt,716a5b83413675fc22419f04b33490d991aea27d,fix,2023-07-31T14:44:44+00:00
nuxt/nuxt,17461fb03bf7c0c165c7c3f5940eaa8730769d40,fix,2023-07-31T22:56:37+00:00
nuxt/nuxt,4d84c714e0d9d1886ea6f18a331e594b0de4f66c,fix,2023-08-03T15:38:31+00:00
nuxt/nuxt,a4e58bc3526d7e3e8a725193172740c8a96aeadd,fix,2023-08-03T16:33:34+00:00
nuxt/nuxt,48f0eade12dd376b155064c9337506cc02b3c9cc,fix,2023-08-05T08:43:51+00:00
nuxt/nuxt,172ca80c306bbec52331226cbd662b8bb82a2971,docs,2023-08-06T18:31:22+00:00
nuxt/nuxt,ed915edc3c6cdfb401ccb6cf3b1c702f62489bf8,docs,2023-08-07T06:50:06+00:00
nuxt/nuxt,305d6de0306a950763aae678670b4fb411a16842,feat,2023-08-07T13:19:48+00:00
nuxt/nuxt,ffd0223583116ad4b9d28898b4f30d73dbb657d7,feat,2023-08-07T22:03:40+00:00
nuxt/nuxt,9c5b9b7d536e6d2aca83690c5f4fcd35cc52d553,fix,2023-08-07T22:23:31+00:00
nuxt/nuxt,37ba5863007004bc6bd383295f5926589abaea4d,fix,2023-08-08T06:07:46+00:00
nuxt/nuxt,4552d39c4df9b7cdf39bbe8b1adcf2a49a42c165,fix,2023-08-08T06:07:46+00:00
nuxt/nuxt,20efac7d57fd66283140a224d653d92b6e41676a,docs,2023-08-11T08:43:05+00:00
nuxt/nuxt,2a2cb4fed36973d34ebcbbb77ada5226234103b4,docs,2023-08-13T21:35:33+00:00
nuxt/nuxt,5492b0638f61c53fe39ed74fbc248bfd4a959f21,docs,2023-08-14T21:28:55+00:00
nuxt/nuxt,fc7bbe92230526b9c8c117d7add1d60b3e1ae0f3,docs,2023-08-18T14:22:45+00:00
nuxt/nuxt,aa37de48f7131686b8040eb7a55883e6b8feb452,fix,2023-08-23T15:23:17+00:00
nuxt/nuxt,29f4eeff690d2578d43dc74cc2182f938dea6260,feat,2023-08-23T20:38:17+00:00
nuxt/nuxt,a28ee6b0141c71a6d34d631bc310a63e5df0a110,docs,2023-08-24T08:12:21+00:00
nuxt/nuxt,23723305dacf0a0d951e14c37e5795fba8c5a752,feat,2023-08-24T12:06:44+00:00
nuxt/nuxt,53f7c1dfaad369df2be36884828e485fb5b065dc,refactor,2023-08-24T12:45:24+00:00
nuxt/nuxt,54a6eab406c839a7aff47e247b8955179a6f92e9,feat,2023-08-25T12:08:38+00:00
nuxt/nuxt,424dc8d7c0448b4bdc3051791adbeed15907220f,fix,2023-08-26T14:45:17+00:00
nuxt/nuxt,bfd06589fdc6d062596e27059135be7337391815,docs,2023-08-28T08:34:47+00:00
nuxt/nuxt,d75e906db7aa42e70bbd77a815712c45e746dded,docs,2023-08-29T09:55:59+00:00
nuxt/nuxt,6036e9d6a27d64430182f97f36ebb7fdbb5a4508,fix,2023-08-29T22:06:41+00:00
nuxt/nuxt,681f9291584fac870938ccdc3fdf25e4d2031571,docs,2023-08-30T09:06:45+00:00
nuxt/nuxt,aa0ea8bf2d71b59344a773bcebd776f89f4cdafd,fix,2023-08-30T10:45:16+00:00
nuxt/nuxt,1f98f34c8e6911eb7c9713398c09fcbf66a51d78,docs,2023-08-31T08:42:05+00:00
nuxt/nuxt,559a72370b12dc05f9d0d225e46fafd299695bcc,docs,2023-08-31T10:27:23+00:00
nuxt/nuxt,4e05650cde31ca73be4d14b1f0d23c7854008749,fix,2023-09-01T14:00:20+00:00
nuxt/nuxt,d28189eb58cd462f5540f5e8ba420b9e4e34a334,docs,2023-09-04T08:33:53+00:00
nuxt/nuxt,16d47ead2edbff393228370cb06905474f9eadaf,fix,2023-09-04T12:49:26+00:00
nuxt/nuxt,89c4436ae1f9679ba3f23ee275531d4b7ff225c3,fix,2023-09-04T22:41:51+00:00
nuxt/nuxt,b27740cf504c5e5e5efa5c572aebf57948bcbfd0,docs,2023-09-05T08:04:48+00:00
nuxt/nuxt,1a08079710afe1411289d6e7d8740713e437e949,fix,2023-09-05T08:42:16+00:00
nuxt/nuxt,5390ca43212656b7f169153024f9b19bcd10ec25,docs,2023-09-05T10:29:28+00:00
nuxt/nuxt,fe29948febed1981222a6185a9a03ade2aa73af1,docs,2023-09-06T09:31:54+00:00
nuxt/nuxt,aa73cbeaf91766c5091cab59b18a9b00fba2e831,fix,2023-09-11T08:14:01+00:00
nuxt/nuxt,411ecabd1055606fc3581591e8560a897d22e015,fix,2023-09-11T08:47:57+00:00
nuxt/nuxt,40601ec15faa5daaf0fbb35a94ed4f83bacd6ffc,fix,2023-09-11T10:50:19+00:00
nuxt/nuxt,df6a992cd66947fb94018220e819e6984ad0ccb4,fix,2023-09-11T12:07:28+00:00
nuxt/nuxt,15e6dfb5606befd9972f8aab29653fc59bf2ebe1,fix,2023-09-12T09:46:35+00:00
nuxt/nuxt,9892d5cd3b544931e30a05a56e6e5e9946e5d1ce,fix,2023-09-12T14:27:28+00:00
nuxt/nuxt,f2ce8f6ba42efdac675138dab92f7a00274818e7,docs,2023-09-13T08:06:17+00:00
nuxt/nuxt,8c1eaa0078e9185ce7a36ec36f70b6bc2a15b541,fix,2023-09-13T08:35:11+00:00
nuxt/nuxt,95d1f9944d2c0a155d55bc99a6a103bda6fc4d2e,refactor,2023-09-13T21:56:15+00:00
nuxt/nuxt,a95fd2872587738f2de299253f67681ad7a2953a,fix,2023-09-13T22:35:53+00:00
nuxt/nuxt,ba3ca72387af7e4d0198919e67fce84aaeff9e33,refactor,2023-09-14T09:17:55+00:00
nuxt/nuxt,f000e8b605c3702882310ee7b3925233c83ace98,fix,2023-09-14T09:23:07+00:00
nuxt/nuxt,edbc471583c1b609526e6e84c24184bec4fc3318,docs,2023-09-14T11:56:38+00:00
nuxt/nuxt,dca3fc12555fe9eb814cdfd599d7ace07cee92de,docs,2023-09-14T18:55:37+00:00
nuxt/nuxt,ceab38770d5e80929518cfd5c71081756288bb55,fix,2023-09-14T21:44:18+00:00
nuxt/nuxt,3334ca26c67acc6ef1b70b7de32d23b77c50f3e2,fix,2023-09-15T12:16:09+00:00
nuxt/nuxt,2d53f01ff3495d7b35780f546502bc2aa41f4308,docs,2023-09-17T09:55:52+00:00
nuxt/nuxt,283c5122efd08b7da2b4a52be14b7f8e042d4a0c,docs,2023-09-17T10:05:00+00:00
nuxt/nuxt,51d90014cf9c193ae937ab03e338854c4923b6dc,fix,2023-09-18T12:09:59+00:00
nuxt/nuxt,7dce07653c9c789dd914edb0e75f44f58634bedd,fix,2023-09-19T21:31:18+00:00
nuxt/nuxt,e2fa7632ed34f056d3af4fcf649b5f89254f18f3,docs,2023-09-23T10:01:28+00:00
nuxt/nuxt,3510cedc3fd35abb795c6a8952e021fc5458d382,fix,2023-09-26T00:14:26+00:00
nuxt/nuxt,fb26a160f5c14799317cf059499f1d41de0481e0,docs,2023-09-26T13:53:07+00:00
nuxt/nuxt,d788577fc2a6e1540740936a39fc9efb22794259,docs,2023-09-27T14:13:03+00:00
nuxt/nuxt,9da77db358081361703ccd3dd2fa5ae76f616671,docs,2023-09-28T07:34:40+00:00
nuxt/nuxt,1b343867073781f9717e02cd0c82278a3ba07993,fix,2023-09-28T07:37:14+00:00
nuxt/nuxt,df90d4234caeb3ee042fb7bf5d4ae7ac453f39ba,fix,2023-10-01T08:37:53+00:00
nuxt/nuxt,1e3d989ad90e672e5bcb1e9f944b27b13fc42f3d,fix,2023-10-02T12:42:34+00:00
nuxt/nuxt,45c1e7f51fe8b2eacd3bd6cc01cb1c1bb40d75d9,docs,2023-10-03T08:52:34+00:00
nuxt/nuxt,861d49e79fc746a6db45ceba43314d60c5a6a2a9,fix,2023-10-03T09:58:36+00:00
nuxt/nuxt,93ace5548199e4c3fcc4dc07c2e18df8330bb1d8,feat,2023-10-05T14:46:53+00:00
nuxt/nuxt,d0511a2901635c285fecd860643a97360b8f02b0,docs,2023-10-10T12:09:06+00:00
nuxt/nuxt,037d74ec75e5fa3e3987218fab5f2052da138145,docs,2023-10-10T14:49:33+00:00
nuxt/nuxt,20853a89acc36172ce630ff594a39f94cc596d70,docs,2023-10-12T21:25:49+00:00
nuxt/nuxt,458acbb8e1e09756d71e4b9c7ba0da3237a8c3f0,fix,2023-10-12T22:21:02+00:00
nuxt/nuxt,1487c5631aa1f66fab21465fbfca11b4fa62b2f0,fix,2023-10-15T14:52:46+00:00
nuxt/nuxt,732507b41f359513ff8aa14526314c729def2253,fix,2023-10-16T11:56:37+00:00
nuxt/nuxt,34adac661de1935eda63dab516e103d8196e3a85,fix,2023-10-16T13:36:30+00:00
nuxt/nuxt,f4d67a9bcdb7e9dd26b4aecc470a702546b5f44a,fix,2023-10-16T19:20:02+00:00
nuxt/nuxt,b52548d915426629a493b3e9a28a0a606e8e3843,feat,2023-10-16T19:54:39+00:00
nuxt/nuxt,00917a1bd8e40ed93e11b2471f0f2a921e57de99,feat,2023-10-16T21:58:40+00:00
nuxt/nuxt,32c3a9840760dd448df363f2818884ed2d98fc76,docs,2023-10-17T09:40:31+00:00
nuxt/nuxt,9dd304628ab05cf9220208b71828f7de9233a1b5,feat,2023-10-18T12:43:42+00:00
nuxt/nuxt,5652346d7a409d6ed3684f65b3898b988500e927,feat,2023-10-18T14:25:25+00:00
nuxt/nuxt,8c9333a41c3e9c9033dfa44251385bdf9c8a43fa,fix,2023-10-19T22:44:45+00:00
nuxt/nuxt,785b7a3f6ecea9e37d2385f996d4ffcced217fbc,fix,2023-10-20T10:49:26+00:00
nuxt/nuxt,591f4305b8d7250a5d97a7905d6550f3ad44abd4,fix,2023-10-20T15:52:37+00:00
nuxt/nuxt,7b8e7f176d881f1d41392b173436054a2c277e66,fix,2023-10-21T18:17:53+00:00
nuxt/nuxt,d6c196afadc638c3fb8b992b97732b4f75758036,fix,2023-10-22T07:39:56+00:00
nuxt/nuxt,cd76c617fa7fb081af50fda71473fcbd946698db,fix,2023-10-23T11:19:16+00:00
nuxt/nuxt,52af4a56846ae601523fc377764c234d0cbd49ce,docs,2023-10-23T11:21:29+00:00
nuxt/nuxt,2dc078ea406638df19ed6036a873e89227e4db62,fix,2023-10-23T12:17:41+00:00
nuxt/nuxt,b63b4e58e82997c4c7cf024b70b656926d1fed6e,fix,2023-10-23T14:35:06+00:00
nuxt/nuxt,4cf1d5b3bcdc070724529d5a3ebec357210449bc,docs,2023-10-25T00:35:16+00:00
nuxt/nuxt,8e44395d7a1caafdba2daeb5a21d6623d81b6a98,fix,2023-10-25T00:38:01+00:00
nuxt/nuxt,5fea1728830777ac8942c74ba8751822716a7aae,docs,2023-10-25T09:54:38+00:00
nuxt/nuxt,d9f1354c098d0dce56f171dd5bb8215a259cfc34,docs,2023-10-26T02:51:39+00:00
nuxt/nuxt,a9218239ea7769cc443e6526240bf94d26e604d0,fix,2023-10-27T14:49:26+00:00
nuxt/nuxt,7500f27235a523e22341edcc5f1dccbd5e91f1e0,fix,2023-10-31T13:30:54+00:00
nuxt/nuxt,948b30d9c92475d2aa73e5b6f45801361ed9c37d,fix,2023-10-31T18:05:06+00:00
nuxt/nuxt,dc04f28cffeceffd50e49515adee95a6395b63dc,fix,2023-11-02T09:35:32+00:00
nuxt/nuxt,91ee969b1b14d0cad40e4163749dcf8dba2953bd,docs,2023-11-03T10:10:31+00:00
nuxt/nuxt,a1e7bf97109889fa312f46520da6e8cb8a7fc2e8,docs,2023-11-03T14:15:24+00:00
nuxt/nuxt,6c48f8b8e6c5a790cfbdfe90d2694f35053bf75b,fix,2023-11-03T16:20:15+00:00
nuxt/nuxt,ea3ce937e6b0d09728ec12d7c0b634651f18113d,fix,2023-11-03T21:04:26+00:00
nuxt/nuxt,221e186980ce4695cc9a8bb0f33d2bc338301d69,docs,2023-11-08T15:40:51+00:00
nuxt/nuxt,56147b4a86bbefb61a918909ff9f1984584911e9,docs,2023-11-08T16:49:52+00:00
nuxt/nuxt,c62019e2cd7d05908ce2730a90a4f111b1ff0924,docs,2023-11-13T07:30:36+00:00
nuxt/nuxt,83a99fe4d5a5304563ec0e2182cab453a6ca1978,docs,2023-11-13T11:49:21+00:00
nuxt/nuxt,86693c1005759034833da19193ab7d091fcab02d,fix,2023-11-14T12:22:40+00:00
nuxt/nuxt,55e0f38dde4d9f3a0f1588a095599946336821d1,fix,2023-11-16T14:04:48+00:00
nuxt/nuxt,c9b7dcfc413bd7567841fb649f265185c75bbd76,docs,2023-11-16T14:23:59+00:00
nuxt/nuxt,1b6f738fb8ed393a48adaf322f4f613341a381c9,docs,2023-11-16T14:42:42+00:00
nuxt/nuxt,bdedc32071f282e46a0c79d97750a8ea5dc1ed81,docs,2023-11-16T21:50:40+00:00
nuxt/nuxt,7cce0ef6e6e0733b5bdee368e8015d955623df19,fix,2023-11-18T20:47:55+00:00
nuxt/nuxt,a10e33c00940211a2742b79771c39530589b6340,fix,2023-11-20T17:58:52+00:00
nuxt/nuxt,07ab072bc9ab24354f4ab26b568fa42eaa4f8ae6,docs,2023-11-20T19:02:11+00:00
nuxt/nuxt,3f57de44da4a84385f18798bb479b498061ddc90,docs,2023-11-21T20:36:22+00:00
nuxt/nuxt,1012dc0dbdd1a54e729d1882fd170f6e4fca150f,fix,2023-11-22T09:58:29+00:00
nuxt/nuxt,338908e0f0c3f3bd5cc818af9ea173dd8a9d1423,fix,2023-11-23T21:01:26+00:00
nuxt/nuxt,e3f349f61274d85889c2292d425ec0a68bb8e5ab,docs,2023-11-24T14:11:55+00:00
nuxt/nuxt,0f705f3d4a639a9d1bdcc80a13f86fb54808e0a3,fix,2023-11-28T22:06:32+00:00
nuxt/nuxt,09161d005da48b0ba82308093e509a53d9a8b899,fix,2023-11-28T23:20:54+00:00
nuxt/nuxt,5b4d638720ca95e30bc6fd9f98f48ace2997108b,fix,2023-11-29T10:18:24+00:00
nuxt/nuxt,7664d1d4579923e6f3eecfe9b475eaf6eeb09d04,refactor,2023-11-29T18:37:34+00:00
nuxt/nuxt,1e393ad696a1c09f525fd65d015fc33c7b93293d,fix,2023-12-05T17:09:46+00:00
nuxt/nuxt,445fe808c0940fe443149c305954522056615f6d,fix,2023-12-05T17:33:27+00:00
nuxt/nuxt,50d46f068ad74c2e2f35cc6b7043552b1ae7e69d,docs,2023-12-06T15:18:34+00:00
nuxt/nuxt,6f44e9470cce936d9a08e5d93b0d377171496f9f,docs,2023-12-08T09:39:24+00:00
nuxt/nuxt,0c832465ec38555b555e748ce9a2045709bbdc14,fix,2023-12-08T12:51:57+00:00
nuxt/nuxt,3991a10adfecf80ec908c1026f454f134352421f,docs,2023-12-12T16:21:37+00:00
nuxt/nuxt,7827f1843b3552753de77328c29e098a3c0bc96e,feat,2023-12-12T17:55:21+00:00
nuxt/nuxt,3cc333690b6c0d47dd9fd6f4683e71ed88dd85ae,feat,2023-12-13T11:54:56+00:00
nuxt/nuxt,8ccafb182dbf0e1564ecb5995a395399f41b2234,feat,2023-12-14T11:08:43+00:00
nuxt/nuxt,37a5d35a6d81c03bc30be96bc6635c16433410c3,feat,2023-12-14T13:17:50+00:00
nuxt/nuxt,3fba5160732ec429b123b055a667e0900ec0b7ca,docs,2023-12-14T20:03:06+00:00
nuxt/nuxt,db3a9f055411dbf8e46c304ef26d26b1cf721b21,feat,2023-12-14T21:00:36+00:00
nuxt/nuxt,677a144d96cf41665eb6bc153eb11fdf54c9b986,docs,2023-12-14T21:10:37+00:00
nuxt/nuxt,0c04dc094aae7e86111662b5aea5b6aa8f87c6b5,docs,2023-12-14T21:14:45+00:00
nuxt/nuxt,40a5f449425eb696fc8a524956465c126d69e36d,feat,2023-12-16T09:08:56+00:00
nuxt/nuxt,6f3cf42c9e58e0f4df11c6800a88a997cf318e87,fix,2023-12-16T09:12:22+00:00
nuxt/nuxt,d5c95ad47255491ca336b2255b9cdb985b870652,fix,2023-12-16T11:09:41+00:00
nuxt/nuxt,6d50b4744b25e6718427f03aa21399f7d6461c8f,docs,2023-12-18T10:20:04+00:00
nuxt/nuxt,9cd6c922e507b4209db2c2cf14cba2f2796998cb,feat,2023-12-19T10:18:10+00:00
nuxt/nuxt,f5a44fb20a74bcfb1dd0172e81edd36713080498,fix,2023-12-20T10:30:33+00:00
nuxt/nuxt,22ce98d61dcde740dff674b50fc57fe4b9a5e40c,fix,2023-12-20T10:57:07+00:00
nuxt/nuxt,8ba118facb78b77cc3a9cf50e4f1f991bfff7d8b,fix,2023-12-25T17:54:01+00:00
nuxt/nuxt,d99001832f80f1e91298dfee5b8b6985888f8dc2,docs,2023-12-29T08:44:58+00:00
nuxt/nuxt,d3ea8fed97792b0686a699383116a263d3fd3926,fix,2024-01-01T09:14:28+00:00
nuxt/nuxt,219d1cd219635b9e02f7976f600b630deb2eaf3c,fix,2024-01-01T16:20:10+00:00
nuxt/nuxt,653856627ce4636d841e744b7488cac6f44e4eb6,fix,2024-01-02T21:04:58+00:00
nuxt/nuxt,b784336f8aec5c9b60a375536189c3bf50bdea7c,fix,2024-01-02T22:04:26+00:00
nuxt/nuxt,fd812ef63608af185aa560de67dac73c6d3bec94,fix,2024-01-05T10:07:01+00:00
nuxt/nuxt,3d368c9c7f4b0d7c56bfc8fc22f22e42bc7aeb42,docs,2024-01-08T16:43:16+00:00
nuxt/nuxt,22800704f5c17bc912df20f8de8884e7425424ae,fix,2024-01-11T14:40:02+00:00
nuxt/nuxt,3f09ddc31714e8408591f96bf7a060e6a2a795c1,docs,2024-01-12T15:57:07+00:00
nuxt/nuxt,98fb2be07fa9c8d68164a26a420f49a08d022832,docs,2024-01-12T16:00:58+00:00
nuxt/nuxt,16256f3f30953078303ff00dff576868077e0364,docs,2024-01-15T11:23:40+00:00
nuxt/nuxt,74824f93ec8516ae6185e878f9737cbcaa31cdc7,docs,2024-01-16T10:03:03+00:00
nuxt/nuxt,f1ea2690ccae8d0d32081c2252d625ce013fb572,docs,2024-01-16T12:09:59+00:00
nuxt/nuxt,6823b8c7930b4d192644302a879276b16c150de8,docs,2024-01-16T12:13:18+00:00
nuxt/nuxt,18d279336d4cfd78ef76f228632212895201920b,docs,2024-01-16T15:57:49+00:00
nuxt/nuxt,430e207bc453477a087dd39f8d864ffce06ac949,refactor,2024-01-16T16:33:45+00:00
nuxt/nuxt,4145e1b3e44de0f41f4936244cf91856e0105fc9,docs,2024-01-16T23:17:46+00:00
nuxt/nuxt,cb3cf2b76fc8a377798580b734da121b7f2217b2,docs,2024-01-17T09:33:22+00:00
nuxt/nuxt,6ca3a6fecb9b1a4ae85dd0c6db30b0eb1b19c276,fix,2024-01-17T11:53:14+00:00
nuxt/nuxt,210a5593508e93cc668f8c343f3a7e27c0f030ae,feat,2024-01-18T10:01:39+00:00
nuxt/nuxt,8e4905c2fe4531f27aeb45b1b06d2fc03868e2a3,fix,2024-01-18T10:04:59+00:00
nuxt/nuxt,951ffd6e01427da5b5419e790b0e6eb533747044,feat,2024-01-18T16:02:52+00:00
nuxt/nuxt,a57b4285870a0c6a2882b40baf34d38e2c30c1b4,fix,2024-01-19T12:21:42+00:00
nuxt/nuxt,90d8518c84f6ba78d69bb5e1844afd50069327f5,feat,2024-01-19T22:38:15+00:00
nuxt/nuxt,7e375b5ed8000c9db2d383b3b6b858f254c19815,fix,2024-01-23T12:31:39+00:00
nuxt/nuxt,979ee466c10f0be106dd73cf1ab5bf864ee8ee6d,docs,2024-01-23T16:02:40+00:00
nuxt/nuxt,c51272099f22f6c3b06b9551e1f87c0daff02151,docs,2024-01-23T16:12:59+00:00
nuxt/nuxt,aa4faaab3c7daf8d0d6ce8bf740c93a7402135ee,fix,2024-01-25T14:29:50+00:00
nuxt/nuxt,02f86790c4679e4315b52debcab53763a66e077c,docs,2024-01-28T09:26:11+00:00
nuxt/nuxt,e01fb7ac3b4bd911f31c2c9e3501d595363275eb,docs,2024-01-28T20:26:08+00:00
nuxt/nuxt,b5853c977e562921553051b11cb1d5f6cea62180,fix,2024-01-29T11:07:52+00:00
nuxt/nuxt,f40e5dcc8b5e62db91d0f954c02abb9cf66749f8,fix,2024-01-29T11:49:29+00:00
nuxt/nuxt,995acd9983a9a509fc88f8e7532b542dcd01255b,feat,2024-01-29T12:23:51+00:00
nuxt/nuxt,ecc4c8e0c5ab1e349faa97c9364b1708c401f3f0,fix,2024-01-29T13:56:23+00:00
nuxt/nuxt,90ca0e8797576d720e7564379b2dc590b43d45b1,feat,2024-01-29T16:19:32+00:00
nuxt/nuxt,b485012f221b86b22a265de7bdeb06a03fa032f4,docs,2024-01-31T09:46:21+00:00
nuxt/nuxt,10f2356ab4b055221d5d63712a98ba6d8cdc25a4,fix,2024-02-01T18:14:11+00:00
nuxt/nuxt,ced401abb713a9e4dc9ab960015c656e34bacb7a,fix,2024-02-02T14:38:42+00:00
nuxt/nuxt,541a802fef505203a597a683cea58f3c7f5b3f06,docs,2024-02-04T20:52:21+00:00
nuxt/nuxt,82173ad1a938a8d1c8f272afa28381b67cc4b67e,fix,2024-02-04T22:13:17+00:00
nuxt/nuxt,b78e1cb2069990277874b469a8aa9a682bea81bc,fix,2024-02-04T22:21:39+00:00
nuxt/nuxt,8705aed8b4a9d95ea755f8d37d377721f68455e1,fix,2024-02-05T10:30:59+00:00
nuxt/nuxt,be8f99cbbe8edc6d44f0d955fe8f0beaebe00cd6,docs,2024-02-05T20:25:42+00:00
nuxt/nuxt,e317349688b18909649b805bbb9394f1b3dd80d8,docs,2024-02-07T10:00:07+00:00
nuxt/nuxt,fd671a27eaeefa10bb74885fbaa6e5866370b996,fix,2024-02-09T20:33:35+00:00
nuxt/nuxt,75f05e95f277556592e5b98e506153154bbbe547,docs,2024-02-12T20:19:55+00:00
nuxt/nuxt,3ac8b18cb6145e49c30d42a5f327c0ed33862f3f,fix,2024-02-13T09:53:46+00:00
nuxt/nuxt,f0a7ccd588ffe1987e2f8932f141b9c888efe545,fix,2024-02-13T09:54:13+00:00
nuxt/nuxt,06352e350da7a5684be7ad218a4fc62e5c53fb60,fix,2024-02-16T17:03:42+00:00
nuxt/nuxt,b2729911b1935795697025fd33bf728bc54d6a08,fix,2024-02-21T21:20:55+00:00
nuxt/nuxt,6b504258bb2aafbd5eb54b3ab43b2749fade235a,docs,2024-02-21T23:56:56+00:00
nuxt/nuxt,5440ececedc5cae84653b63064e72bddee6b1ee1,fix,2024-02-22T16:31:20+00:00
nuxt/nuxt,7815aa534edb0e7dbf7a6c4d43dccc11acb408df,fix,2024-02-22T18:15:44+00:00
nuxt/nuxt,12503658ed71233ad3236d1d4b7e02194736ff8d,fix,2024-02-26T16:31:35+00:00
nuxt/nuxt,196223c0fbaa584353a7d8141591425dd372bbdf,feat,2024-02-26T17:39:26+00:00
nuxt/nuxt,40c3a3918e5aab7a9c53161d6a898a18f537a770,fix,2024-02-27T09:11:27+00:00
nuxt/nuxt,05919660800e4225a919eb97a602e69d80085b25,docs,2024-02-27T09:12:44+00:00
nuxt/nuxt,15a4a080acb441a5978c7d08f683c27f46f09c06,fix,2024-02-27T10:57:26+00:00
nuxt/nuxt,3258cacc2893487f87e9ca42adce6e1bb1f13199,fix,2024-02-27T15:31:46+00:00
nuxt/nuxt,e890c9a64ba14d9622a58254fef0f20623df44d9,docs,2024-03-02T09:24:56+00:00
nuxt/nuxt,84749e0350a9f7c034f60b3968ca3da74e986a4c,docs,2024-03-05T11:08:44+00:00
nuxt/nuxt,b4bce578c653c6e7f34ffe89aa38a5f979e3d923,fix,2024-03-06T11:55:06+00:00
nuxt/nuxt,cdc3c4b3d2b2ed3b245e34108546adb03f158f9e,docs,2024-03-06T13:25:23+00:00
nuxt/nuxt,2e8d47c269a735907127aa11c5d5e8e04e20febc,fix,2024-03-06T14:27:17+00:00
nuxt/nuxt,9e86ffdd0557955748632008db1ce231c039ba99,docs,2024-03-06T20:59:44+00:00
nuxt/nuxt,7551e440e06d68fefa10c487ab499748145780e2,docs,2024-03-06T23:37:20+00:00
nuxt/nuxt,47cdd7dd07596823a26926d527b3ef4a23cd7cc1,fix,2024-03-08T09:47:57+00:00
nuxt/nuxt,0cc7f298f9194da195583f9e2b4b74edd33ee9f5,feat,2024-03-08T19:22:46+00:00
nuxt/nuxt,3782ac0a2c15e7b619257e9260717617a1ad37d8,fix,2024-03-09T06:30:02+00:00
nuxt/nuxt,264bf98339db8530989dd1ce54339410c18e691d,fix,2024-03-09T06:56:21+00:00
nuxt/nuxt,8bb8d824c73a7b2e4fcc4f0b870e6e036318e6a6,fix,2024-03-09T12:38:08+00:00
nuxt/nuxt,27f9c55fc2f5c7d6a21920e6bd902a7ebc728efc,docs,2024-03-11T12:12:48+00:00
nuxt/nuxt,536998727a8da9d59970bc6829dd98a59b7f1df4,feat,2024-03-11T14:33:49+00:00
nuxt/nuxt,79cdb0b88174bf02b0f38f5c3d32a9e00294b758,refactor,2024-03-11T16:33:39+00:00
nuxt/nuxt,50890166953569152be082cf1d34a2ef8b592df3,docs,2024-03-11T16:56:57+00:00
nuxt/nuxt,f080c426a27462f1bcb8611560f1b9bed1cd932c,fix,2024-03-13T00:06:46+00:00
nuxt/nuxt,b102d041857a5dc097aa97df9c080fe23a26870d,feat,2024-03-14T00:18:44+00:00
nuxt/nuxt,5dc96de8a928d10e90f47d9941ed7402328b1e3f,fix,2024-03-14T20:26:40+00:00
nuxt/nuxt,0af28831c1d5f85ab496f6df01b5b3da8673ce26,docs,2024-03-15T15:25:55+00:00
nuxt/nuxt,a6d6fde9dff7396c9af4a38e0759f8183c06505c,fix,2024-03-15T16:40:00+00:00
nuxt/nuxt,1410756e3f6178f3dda033ef2e2dee51da1ea078,docs,2024-03-15T17:29:40+00:00
nuxt/nuxt,81933dfc3dec4a4bcb01be00364b931bafe4fab8,fix,2024-03-15T18:16:57+00:00
nuxt/nuxt,5804d397ad46a5d593441393c364899023215f58,docs,2024-03-15T18:18:35+00:00
nuxt/nuxt,6b1f3438b613477e0a2e552b7b24952e8d9e5970,docs,2024-03-15T20:17:06+00:00
nuxt/nuxt,e0ac145e9a833eb1a21515b8e6cc9dcb650ed77a,docs,2024-03-15T20:18:58+00:00
nuxt/nuxt,4be430e13fe7d817ef4f0a805da2c00979f3f1b4,feat,2024-03-15T20:54:47+00:00
nuxt/nuxt,e272b2f2e19c39b0c1dbd9c99b8a4a4e98f42848,feat,2024-03-15T23:36:47+00:00
nuxt/nuxt,977377777afcc38186c7a309a86e9e5613470652,fix,2024-03-16T02:51:35+00:00
nuxt/nuxt,4925670dcd578d61339b04a203bd6bf9c17db3f9,refactor,2024-03-16T22:09:04+00:00
nuxt/nuxt,87c0678f99bda1c895adf39d5f3e7eab05d5ca2a,fix,2024-03-16T22:12:49+00:00
nuxt/nuxt,33ce71dd123c78dcef6b8ee451e3d2634b5265d9,refactor,2024-03-17T00:15:53+00:00
nuxt/nuxt,3c7e68c84637d3aca9273921f8176e87e8423696,fix,2024-03-17T00:18:31+00:00
nuxt/nuxt,02d68382936329fb8507ec44ae441b0326212036,feat,2024-03-17T00:19:44+00:00
nuxt/nuxt,24217a9920f0045d230ce9f7f6d01173e94ac599,docs,2024-03-17T01:07:34+00:00
nuxt/nuxt,1ba33d5dc529ff97b54e68f402255903de5bcfe7,docs,2024-03-17T15:18:31+00:00
nuxt/nuxt,5b29dd3f3c929a69e5f647190a64e67be92892f7,fix,2024-03-17T16:57:11+00:00
nuxt/nuxt,523db1a1972d13dee05bfcf6c14523cb55b6e5b7,fix,2024-03-17T19:12:45+00:00
nuxt/nuxt,f4173b362b65bbbf41a7f20df50a60dc263649b3,docs,2024-03-18T15:18:41+00:00
nuxt/nuxt,8e635fd23310af09b48b2fd4542201c0c8984d11,docs,2024-03-19T10:34:34+00:00
nuxt/nuxt,f55f7479849e2ea913251c3681e1f627fb61c261,docs,2024-03-19T10:43:38+00:00
nuxt/nuxt,4e6812d92c7719c78604f9be1813123978313b73,fix,2024-03-20T09:54:25+00:00
nuxt/nuxt,6f2e7a8b2327695048a9c8cf0090b4e6ecee629c,fix,2024-03-20T09:55:40+00:00
nuxt/nuxt,4a880cb693ee8c403393c05fd439780fcf6d351b,fix,2024-03-21T09:38:54+00:00
nuxt/nuxt,fd7d9d26e260f0b16ad7848e5f5425548854da62,fix,2024-03-26T14:03:00+00:00
nuxt/nuxt,baf8539f31fbf87f743fe7a647b20179dae07a9c,fix,2024-03-27T11:13:19+00:00
nuxt/nuxt,fa9d43753d25fc2e8c3107f194b2bab6d4ebcb9a,fix,2024-03-27T11:42:43+00:00
nuxt/nuxt,f00dcdf0f86a3dea1bfabdb86cd35ee659d5faa7,docs,2024-03-30T07:43:54+00:00
nuxt/nuxt,8eef1e3c57d5d034ffb733c623ec811c3dd433de,refactor,2024-03-30T07:48:43+00:00
nuxt/nuxt,1019ed9fbad760db46f08c3180cba42e5173c1da,fix,2024-04-03T09:15:36+00:00
nuxt/nuxt,f2c2a5b0f75fd619b780406f4a908dfc4d8c95c9,docs,2024-04-06T14:59:26+00:00
nuxt/nuxt,98a02744bdac854757bfacfbf108029d31a891db,fix,2024-04-08T17:38:40+00:00
nuxt/nuxt,f0a81b21b0fd6812dc068d3005e54f04505e9b29,docs,2024-04-12T22:23:41+00:00
nuxt/nuxt,86226f45d427f11a43ae336a698603b279c76fe5,docs,2024-04-16T08:02:55+00:00
nuxt/nuxt,bde696a0db748d6292f7bc01c9b1780563482a11,docs,2024-04-16T18:58:54+00:00
nuxt/nuxt,e105fadd7eb35c2c2e48571d1a4635e592bf6f8b,fix,2024-04-17T13:23:20+00:00
nuxt/nuxt,4fea6da1ae3ddcd623947f5c26011b08907cba9c,feat,2024-04-17T15:58:13+00:00
nuxt/nuxt,ef1889f5e116d1cfde5f75c29e4f8f53800852c9,docs,2024-04-18T20:31:47+00:00
nuxt/nuxt,d25e6eeede99647cd3d85918d94fae52ac65b422,docs,2024-04-19T08:46:56+00:00
nuxt/nuxt,00a47be49a5f863d991c1330f897bafddb69eebd,fix,2024-04-19T08:48:19+00:00
nuxt/nuxt,bfd7148238f047d4b4ef73709c9512326a66e732,docs,2024-04-19T14:27:01+00:00
nuxt/nuxt,344a4e4a2551d347827699891bafbe53fccf4f1f,docs,2024-04-19T15:08:01+00:00
nuxt/nuxt,62296818aa19f00e3136d97a7f84f65bd5cab19b,fix,2024-04-22T21:11:46+00:00
nuxt/nuxt,9f9e3e6917bdb306ac30634d9fa6a84539b81017,fix,2024-04-23T12:19:12+00:00
nuxt/nuxt,af2e2da27ce5c9e9ae5d486c43d7dfcc1ce51a4f,fix,2024-04-24T10:43:06+00:00
nuxt/nuxt,62030cad96e7b3b2992694d83d895d7cd3860c58,fix,2024-04-26T14:44:51+00:00
nuxt/nuxt,933c0aa71f956f35ec01163299f69d436970e29b,fix,2024-05-01T05:43:35+00:00
nuxt/nuxt,cd59dc1b8f373fc588dd6bb0a5e510756c1d3733,fix,2024-05-01T17:04:19+00:00
nuxt/nuxt,f597ca59af2ee24a219b0c68c22e409954567656,feat,2024-05-01T20:00:36+00:00
nuxt/nuxt,e7789a2571af501f2be6bcc782765df9a46ee5ee,docs,2024-05-01T20:29:34+00:00
nuxt/nuxt,7ea05acbc9907b4961c4f13566cab06f61c90e56,feat,2024-05-03T09:13:54+00:00
nuxt/nuxt,ea21feaaf437f689fc98d05382bffedc1d03afa2,fix,2024-05-03T10:27:38+00:00
nuxt/nuxt,76eb4eaf62ac44c09ebcb05c9ca36258f14376da,docs,2024-05-07T11:45:41+00:00
nuxt/nuxt,1c56008cfa130da53fe071dad5f74792fcf70eea,docs,2024-05-07T11:54:41+00:00
nuxt/nuxt,5f0693a69af167e96b85916969a2dd8aeac23b36,fix,2024-05-07T13:14:02+00:00
nuxt/nuxt,3169c5cec718c8c8306c463d0fde297bff11ac21,feat,2024-05-07T14:04:21+00:00
nuxt/nuxt,c065505e1b82e6085ae142b6a8e2aacef11b403b,fix,2024-05-07T14:20:24+00:00
nuxt/nuxt,177517951c9c034758f4600d70856fc4649f37f6,feat,2024-05-08T12:32:45+00:00
nuxt/nuxt,f687e211a8faf62979a21d395c4b922babc4965d,feat,2024-05-08T12:33:54+00:00
nuxt/nuxt,0e12b6eb8b6149d9d1922981ac38698dbd9d6ba4,fix,2024-05-08T15:00:33+00:00
nuxt/nuxt,cebc89186e30a5e5faea2e1823cd07d5bfcf1488,feat,2024-05-09T17:49:35+00:00
nuxt/nuxt,f465e4d7ebb997f2def8b40f37d8513fde5aebb0,docs,2024-05-11T09:00:32+00:00
nuxt/nuxt,b5e35e3bd79388b73154e3502544f11c6ece9173,docs,2024-05-12T08:47:15+00:00
nuxt/nuxt,69860d952a72a95238b5dad8e82ecc3191d19122,docs,2024-05-13T14:39:52+00:00
nuxt/nuxt,5c34676159b4ffdc4cb0d3012890f7b0cbfdc44c,feat,2024-05-13T17:45:21+00:00
nuxt/nuxt,89baee0493249719c3ae1552f83f4c3ceffacddb,fix,2024-05-13T20:23:15+00:00
nuxt/nuxt,3fbd301e44a60d2ede8602c9975f0982f29a73ab,docs,2024-05-14T15:29:41+00:00
nuxt/nuxt,b90936b4f13ec71c6f2cfc33f63b7bce83d83b5d,docs,2024-05-14T15:55:35+00:00
nuxt/nuxt,06e1676ed187788b40c9029dfbdc23c0618564c5,docs,2024-05-16T11:43:11+00:00
nuxt/nuxt,008a2641785c0e15e4b037f0311620dee491eeb4,fix,2024-05-16T16:16:37+00:00
nuxt/nuxt,dad89c2b16b1e35c7951dc330b5b62c0e6983df4,fix,2024-05-17T02:37:59+00:00
nuxt/nuxt,a618a5c1d1cf5fec0d89dda8d9877e70cccd278f,fix,2024-05-20T20:02:46+00:00
nuxt/nuxt,d35e9cd3f5249ceef595ea57934f06161b13c6f7,docs,2024-05-21T13:58:33+00:00
nuxt/nuxt,a531e6f466371c5326a5f2d97434f682cef05d5f,fix,2024-05-21T15:55:22+00:00
nuxt/nuxt,8a759bc6fe402bb6fc8dc0ae25401992a16d5880,fix,2024-05-21T22:58:38+00:00
nuxt/nuxt,305c7348bd1567e2a55f993a21e469f5f6c3dc0b,fix,2024-05-22T14:40:29+00:00
nuxt/nuxt,026cf15613ff5eec61c3a5a936ebc066d253735e,docs,2024-05-22T22:21:12+00:00
nuxt/nuxt,6a271e8a564098b6e58df4bf8abb3f64e030dd9c,feat,2024-05-23T11:35:21+00:00
nuxt/nuxt,c054ca084c14ca8a11dd8f60c2a15cce291faefa,fix,2024-05-23T14:34:06+00:00
nuxt/nuxt,47c47c9b422ab83a0b7a200a49319316cded55f4,fix,2024-05-23T15:25:06+00:00
nuxt/nuxt,0e90e87ef78abb3023d3f96b8fbc6c66ffda7938,fix,2024-05-23T16:40:23+00:00
nuxt/nuxt,2440007906b0690db56d13f0a347e3fb645180dc,fix,2024-05-24T10:17:35+00:00
nuxt/nuxt,b8fdbedfe178bf427fc51c9bb4e42e5d17c299bf,fix,2024-05-24T14:28:51+00:00
nuxt/nuxt,40c81a722ac415d1461fe5c5220e8a29c113ac9e,fix,2024-05-24T19:44:50+00:00
nuxt/nuxt,b8bb1aacd50a2254544b0453ba5734ee777b5477,fix,2024-05-28T12:48:33+00:00
nuxt/nuxt,51740fa1d798f2f2c20522db261d543cfcc31920,fix,2024-05-31T11:59:37+00:00
nuxt/nuxt,3af52b0375d72531f81e84e0754970d1543937a0,docs,2024-06-06T12:47:31+00:00
nuxt/nuxt,3383a2df2a9c4a77265c12713ad8b8f3fc6eed9b,docs,2024-06-10T10:10:42+00:00
nuxt/nuxt,b3f519aa6ebc13d33a73686307cf3c9a278a1181,docs,2024-06-10T18:45:10+00:00
nuxt/nuxt,91685a5b2bef68d1b160b4dd002d8194c8d402d3,fix,2024-06-10T19:49:43+00:00
nuxt/nuxt,dccf2e5f35d68b1b9d1daf3d1c39a6ffe112332c,fix,2024-06-10T19:55:04+00:00
nuxt/nuxt,13fec55c1030b8a95106773a6a6463107fbf24f4,fix,2024-06-10T22:43:01+00:00
nuxt/nuxt,a8746af43ff6b55fe43fb43bdb586f38be754c9f,refactor,2024-06-11T10:05:26+00:00
nuxt/nuxt,14fecc9f73cf6491aef4e715a37b5dfe6d894467,fix,2024-06-11T13:33:22+00:00
nuxt/nuxt,b17aa3f08e314b18e45cd742c8f2fb0455ae84bb,fix,2024-06-11T18:59:48+00:00
nuxt/nuxt,c2f2627b990a5c4a99c6e96059c5b13fbd4a678e,docs,2024-06-13T08:44:30+00:00
nuxt/nuxt,95458af9a195dd663e299c4fdb2516e0e5c25e9e,fix,2024-06-13T15:39:37+00:00
nuxt/nuxt,220cc502a14f191445d62c4719120c7844c4c3f9,fix,2024-06-13T16:59:24+00:00
nuxt/nuxt,8af56b176182a63b93256dfbe66ac367af677334,fix,2024-06-13T22:35:57+00:00
nuxt/nuxt,4b28d2628c5feff41898c7796e686aab3a91d8cf,docs,2024-06-14T13:15:41+00:00
nuxt/nuxt,6a19aa79f71a3c5445100266be7ba6bb014ebc30,fix,2024-06-14T22:11:25+00:00
nuxt/nuxt,345a8799f7f58def4723e4c9156e268f70e5c1af,docs,2024-06-15T19:14:27+00:00
nuxt/nuxt,fda6cf7838b6027a294b0c9cb1a15d3e9a21d46e,fix,2024-06-15T21:52:04+00:00
nuxt/nuxt,a05b5343a41029090d4efb09b4e0a1b59f80eace,fix,2024-06-15T22:14:59+00:00
nuxt/nuxt,523a1fad8f97db29a938c6720e8ff724ef3c447a,fix,2024-06-18T14:05:32+00:00
nuxt/nuxt,77685e43e4b4602151f0d2e7fbfa8bc372308907,docs,2024-06-18T16:49:03+00:00
nuxt/nuxt,f5ab7eb4946b52c13109fa504c2f9b86b42c5fb9,refactor,2024-06-19T12:56:54+00:00
nuxt/nuxt,bbad9bf534ca08f3d06d5a499cbae456e2421f4e,fix,2024-06-19T16:06:46+00:00
nuxt/nuxt,57e84086cc22c8a1686e180b8e1895445613f809,fix,2024-06-19T17:04:40+00:00
nuxt/nuxt,b279849631e6de73119d0682383befb8fa5d01f9,fix,2024-06-20T22:16:05+00:00
nuxt/nuxt,b026797d7b0958c164d0b939808cb28ba8f9d7d4,feat,2024-06-20T22:18:25+00:00
nuxt/nuxt,a4fc866d1c315985afe5b1935185e636beebb2d7,fix,2024-06-20T22:19:13+00:00
nuxt/nuxt,2475ee81cce7584b64530e70817f4d565a4337da,feat,2024-06-20T22:20:49+00:00
nuxt/nuxt,209e81b60d22cecce671eb4e7bd3bcdbf5017886,refactor,2024-06-21T09:28:23+00:00
nuxt/nuxt,dc9d0fb71b6a84ed7a7ba6baefca6bcca02bc45c,docs,2024-06-24T09:41:02+00:00
nuxt/nuxt,57b7cf5123e59b193a8a3b6583d13e13bae280a2,docs,2024-06-24T10:03:47+00:00
nuxt/nuxt,d23c79f395a1e0c026f9127ff346f75716699fe1,fix,2024-06-25T16:53:30+00:00
nuxt/nuxt,07ad89cd7f6fb5ed07f9d8a9f0da734c13e24824,fix,2024-06-26T09:31:45+00:00
nuxt/nuxt,07e1818f308a49f6851e6da7b8dfa65475730c5c,fix,2024-06-26T09:51:42+00:00
nuxt/nuxt,8f95cac34c8cee1ae6cd073ae1fa3d6d2ff987fa,feat,2024-06-26T13:18:05+00:00
nuxt/nuxt,3415241a6da0e88cebdfdfd02dcbc2aeddd6a5e5,fix,2024-06-27T16:18:22+00:00
nuxt/nuxt,ffb0f4e66c01e8aae5fbfb79c3cbf72c03ffcd43,docs,2024-06-28T11:50:42+00:00
nuxt/nuxt,b4a2b8f480eacb59184020ce6668283622b87879,fix,2024-06-28T11:53:25+00:00
nuxt/nuxt,c763fae5077abbc2a4eebcf91705f21d2d701549,fix,2024-06-28T14:09:11+00:00
nuxt/nuxt,9447d4eab4efbf1c8d3285380b13df3b7c00ada4,docs,2024-06-29T20:43:39+00:00
nuxt/nuxt,b2c53535255fa980eddb838f2881f33ba7556f7c,fix,2024-06-30T00:45:59+00:00
nuxt/nuxt,ed7a14aecc7e876c5078698a50d78531eb9dc0b5,fix,2024-07-01T08:07:25+00:00
nuxt/nuxt,4ff29bb1656d3be014aa52007376cd8c47b6ebaa,fix,2024-07-01T08:34:41+00:00
nuxt/nuxt,e8faa84d83d0b00d7f5a2f2d1467b1829ec47021,fix,2024-07-01T09:06:48+00:00
nuxt/nuxt,0f684970e99358369e3fa59a13dd1635ff00cd77,fix,2024-07-01T09:30:09+00:00
nuxt/nuxt,6bb24c14cc57fd9422ecdf54d9e86da0d7a3272c,fix,2024-07-01T20:06:40+00:00
nuxt/nuxt,7aae4033b8e73e6d123dfdc66500d9bb92337167,fix,2024-07-01T20:06:40+00:00
nuxt/nuxt,9f4f4d562ed297bcc4afe25d8cbe8afe0b762419,fix,2024-07-01T21:57:43+00:00
nuxt/nuxt,35f73eba5ac27fd0863f1b99f5464562653740e6,docs,2024-07-01T22:15:16+00:00
nuxt/nuxt,e80dc5ac0922b798ad749ba7cfbea4dd63fd29a5,fix,2024-07-02T19:47:18+00:00
nuxt/nuxt,0be6929523ddde35893a616d849e38305e40540c,refactor,2024-07-03T20:13:23+00:00
nuxt/nuxt,fe3dbfd655045a93af14ad4b271cd0769a6fabcf,docs,2024-07-03T22:05:15+00:00
nuxt/nuxt,2d136e04c6c64ad3e93d86fbecee02b78c827aac,fix,2024-07-03T22:19:54+00:00
nuxt/nuxt,b865cc511fafc6aa4f406cd246bc80839cd41f60,docs,2024-07-05T17:20:33+00:00
nuxt/nuxt,559b81719e6f284cc7a008c29ee04d6299c3480c,docs,2024-07-11T06:05:19+00:00
nuxt/nuxt,0d39bbf65ce54ebe8a8d5f1f1c7839edea6ca44d,docs,2024-07-11T06:06:14+00:00
nuxt/nuxt,200fe4882914381ac2ffcc396eb41fb6c7aab258,docs,2024-07-11T06:16:19+00:00
nuxt/nuxt,4ea89318df090ca440d2d8eb890bc4fc3559627a,fix,2024-07-11T08:06:25+00:00
nuxt/nuxt,8f7815e96e116ec19b96cfe0ea0bda6fee308d97,docs,2024-07-11T08:07:30+00:00
nuxt/nuxt,f8963f1dfed13a3cda8eebb5206dca572703b8bd,docs,2024-07-11T11:56:46+00:00
nuxt/nuxt,082a6f78ba053447f6c15acfcde16fa50d7d4e2b,fix,2024-07-12T12:22:17+00:00
nuxt/nuxt,494871062ce959c84072f8cec4f0c471c46881ef,fix,2024-07-15T15:26:30+00:00
nuxt/nuxt,c260eaac57916e0eb2e584437c4ab42f20386a9f,refactor,2024-07-15T15:49:53+00:00
nuxt/nuxt,0c3cc4cf30b0049fd10a9610461eb5e5ab985498,fix,2024-07-18T11:47:34+00:00
nuxt/nuxt,242b4710ce4c568fe1ea374453e5f613a06ba2ac,fix,2024-07-18T14:55:39+00:00
nuxt/nuxt,228b9f6820ee63a13e95c8c7d3c1a66d2408de7f,docs,2024-07-19T13:12:34+00:00
nuxt/nuxt,be37ffcede76c5fd4210868e96b2595bdcce7dc3,docs,2024-07-21T19:28:20+00:00
nuxt/nuxt,d5023955d3011d761de07b73605818aaa9efab99,docs,2024-07-23T20:43:24+00:00
nuxt/nuxt,4e54af4fada32659db924b767c2f58e502946059,docs,2024-07-25T16:18:59+00:00
nuxt/nuxt,547d6084583e0f6c702ca860971ce219ad8a4905,docs,2024-07-31T11:18:59+00:00
nuxt/nuxt,44a49f0bc1157cc27a521792e61c72136c03893a,docs,2024-08-01T13:58:33+00:00
nuxt/nuxt,ede1f923fc9499ac245f55c4fd32603e34bbea6e,docs,2024-08-05T14:15:05+00:00
nuxt/nuxt,576c34efe9a3dc48b6c965dc96b1cf26a2eea627,docs,2024-08-05T15:33:39+00:00
nuxt/nuxt,9ae094cafb7b4f463456ebc4a69c5acb2f38293d,fix,2024-08-05T17:08:58+00:00
nuxt/nuxt,efae7e2b210afb311831165caaf664602160289a,feat,2024-08-06T15:41:51+00:00
nuxt/nuxt,f40e36a3fca078c397720aab0add8c9ebcbacd54,fix,2024-08-07T12:51:13+00:00
nuxt/nuxt,68e153c71a943c376a30ea7fafcddf1550676233,fix,2024-08-09T11:31:04+00:00
nuxt/nuxt,4d36810334a1c3e55a7e982a35b49a03a59676f6,fix,2024-08-09T12:46:38+00:00
nuxt/nuxt,4eef63469b86937ed860d828b69a99134e77005e,fix,2024-08-09T16:43:42+00:00
nuxt/nuxt,48377fa18c708fe9a4a3599b0684ba2f5241ce87,docs,2024-08-09T16:55:10+00:00
nuxt/nuxt,3a42a7bc2518d7645f684b729f92ae8fb6beb6d5,docs,2024-08-13T13:15:46+00:00
nuxt/nuxt,e52dff05962b3e434fb53d0174809f9cd33d2270,docs,2024-08-13T15:39:40+00:00
nuxt/nuxt,17bae9b327ccd85af9b0ba1f3e98150bcd08a8f9,fix,2024-08-19T19:37:10+00:00
nuxt/nuxt,85719f00aaa0143cacdfcb40903edb2c00710bc8,fix,2024-08-21T11:51:22+00:00
nuxt/nuxt,3e713d31dc028596c8000f654a1fd9f3f135866b,docs,2024-08-21T15:19:19+00:00
nuxt/nuxt,8730dde90b39b43cf12fc670110df1c255fc2b9b,feat,2024-08-22T12:05:39+00:00
nuxt/nuxt,0b3e2b18c18f719c99f1a959d77231daa9466d6b,fix,2024-08-22T13:57:10+00:00
nuxt/nuxt,d2ef3145f64bece25f5719cc26664fc6055677e7,fix,2024-08-28T21:19:20+00:00
nuxt/nuxt,77e36ee27497cb5b9765a0cdc61e11f810272e1a,fix,2024-08-29T19:50:01+00:00
nuxt/nuxt,4e74246bccfded61745191a1e4e2007c84e6d2d6,fix,2024-09-02T11:12:58+00:00
nuxt/nuxt,be2d3d5ad8c0122cb352439a7abcd8afb628c56c,docs,2024-09-03T08:42:26+00:00
nuxt/nuxt,0c9aa08858647b445d85f7caca84acbbaa8df8ac,fix,2024-09-03T21:43:49+00:00
nuxt/nuxt,4340cd569837c080b3e17bef512139bb5815d67f,fix,2024-09-04T15:55:38+00:00
nuxt/nuxt,181d043eafc0900523a761c1b2156fc2a2f22dfb,fix,2024-09-05T07:56:25+00:00
nuxt/nuxt,d7586adfc0ff34f495bbcd8bc67ea282f41a1cab,fix,2024-09-05T15:38:43+00:00
nuxt/nuxt,cdc4a231073d120c2fc119970ad61fe81225df29,fix,2024-09-10T20:16:35+00:00
nuxt/nuxt,275481c456e5b1ac9660f92c6daa931f35ffec86,fix,2024-09-11T10:49:35+00:00
nuxt/nuxt,646c1f8b951504f9c36fd542fcddc4fd707d2e3b,fix,2024-09-11T13:12:16+00:00
nuxt/nuxt,a341e680fb3208f6bd5d6f9af986fb7bb8e655be,docs,2024-09-13T11:43:07+00:00
nuxt/nuxt,be622645e09dfabe48c6c0a2d42303c329c7abd6,fix,2024-09-13T11:44:43+00:00
nuxt/nuxt,b267962a94d4620ac0f8d237573a833403296718,docs,2024-09-14T12:24:33+00:00
nuxt/nuxt,68451570df030099ea2ec4f3751cf66c114dd249,fix,2024-09-16T13:38:04+00:00
nuxt/nuxt,215ae691929520bde1f38bd0382811ab5425c4ca,fix,2024-09-17T14:57:02+00:00
nuxt/nuxt,5faf720b42b5ad3e616050ab8b822ff5227e6a21,fix,2024-09-17T14:57:23+00:00
nuxt/nuxt,f6ecf9a202ee0a59ea99c8c5c1798766b17d4ced,fix,2024-09-19T12:18:28+00:00
nuxt/nuxt,effb57d3a3ca83b31861fabe8aef0f5ea224097f,docs,2024-09-19T12:20:16+00:00
nuxt/nuxt,00ad2b8233c309a8f08810efb413eb1a7ccd105d,docs,2024-09-21T08:32:00+00:00
nuxt/nuxt,73accb5ac1b1972a1dfbd7d58befa0ed0c6c09be,fix,2024-09-21T12:37:49+00:00
nuxt/nuxt,d3fdbcaac6cf66d21e25d259390d7824696f1a87,fix,2024-09-21T22:12:38+00:00
nuxt/nuxt,6bc6582930a8c3170be6ba30652ec7d34cbe628d,docs,2024-09-27T08:35:05+00:00
nuxt/nuxt,243a481d8a019f65bb318771de3f8e03bc7cc7f1,docs,2024-10-08T13:27:24+00:00
nuxt/nuxt,e7509bdf48e53cdb6fc8254aa90c7374aa959e19,docs,2024-10-08T13:49:02+00:00
nuxt/nuxt,e553032df692826d6ac034abdfa4dfed95b5a920,feat,2024-10-08T14:58:21+00:00
nuxt/nuxt,3f3d4167692243e49b01a3f3c212881b150df8e8,feat,2024-10-08T16:16:31+00:00
nuxt/nuxt,01bee2f0ead9efd88773e5de4ebad5eda4433e67,feat,2024-10-09T13:57:54+00:00
nuxt/nuxt,79f55e348e7394045ed0b6a5f38d705fed9ef454,fix,2024-10-11T19:15:24+00:00
nuxt/nuxt,63ea27c0049d6976b1d0e7ac054f7ace8c123ba2,fix,2024-10-16T10:35:26+00:00
nuxt/nuxt,a88dcff2aa5c7207a1c802a6f6b1f9e23da65b27,docs,2024-10-25T08:55:05+00:00
nuxt/nuxt,5f330ad0255ec170200ab95134edc114965567f7,docs,2024-11-02T09:41:15+00:00
nuxt/nuxt,a19391df4313488f8b484023d8909ac3241eddb8,docs,2024-11-02T21:11:47+00:00
nuxt/nuxt,be892629ebf2661851e508e4b7c76db85fef5e74,feat,2024-11-02T21:13:41+00:00
nuxt/nuxt,1ed96746800fb2ed601d8c39c026ae02fcf2c77f,docs,2024-11-02T21:41:09+00:00
nuxt/nuxt,edef8327002fc55c976b494249c452d13a008914,docs,2024-11-02T21:58:20+00:00
nuxt/nuxt,2aa4daab92aa592fff71bad52f0393b6759bb7a1,feat,2024-11-02T22:25:05+00:00
nuxt/nuxt,c2fe249b1fda2604efecb12b83b44d3d4c2c0fb8,fix,2024-11-06T06:37:41+00:00
nuxt/nuxt,e1065c0a2a82d49655f493becd487767cb9c571a,docs,2024-11-06T09:36:28+00:00
nuxt/nuxt,5fa566c09a370e82b55dfbec8797f064db051026,fix,2024-11-06T11:16:45+00:00
nuxt/nuxt,311cfc7ab2950297cc541fdb56198932c2ec62d1,fix,2024-11-12T16:39:29+00:00
nuxt/nuxt,3409073b0bcfb03669a11100596b0f022b1df7d0,docs,2024-11-14T10:47:50+00:00
nuxt/nuxt,51c9d347494d4523f95e428591ca88bdb7ed4ae5,docs,2024-11-15T21:40:53+00:00
nuxt/nuxt,82dc24ec0b13c90f098081ab3cf32bf03d09067f,docs,2024-11-17T11:07:40+00:00
nuxt/nuxt,45824edeeeb1fd25ad8102622f0b01a0143d455d,fix,2024-11-17T19:38:31+00:00
nuxt/nuxt,68b93222a2a70698b2abd1c66e037e9cc825dda8,fix,2024-11-17T20:05:13+00:00
nuxt/nuxt,4924e26329fa3f8ad4c0652970f2e40a59b83beb,fix,2024-11-17T21:22:59+00:00
nuxt/nuxt,67456810beb93a008bbc8e48ceb9f7f30ab6db79,fix,2024-11-17T21:48:26+00:00
nuxt/nuxt,02b57d49db45f80a9a5a821e79f2f7aa23d3c38e,refactor,2024-11-17T22:06:03+00:00
nuxt/nuxt,e87f6d30577cbfb4369775330d9cc2db563e502f,fix,2024-11-19T12:00:57+00:00
nuxt/nuxt,9bf846580630a0f79050cb9d193288bd5917cf57,docs,2024-11-19T20:39:14+00:00
nuxt/nuxt,f8eb2b78d88486190c0508d05d6c65764e3a0b9e,docs,2024-11-25T13:30:53+00:00
nuxt/nuxt,7e72e06603214f66bbc3a151c576d3dd1e18e836,feat,2024-11-26T14:09:04+00:00
nuxt/nuxt,9e03a4120cc010d874b8b5c55360f475177229db,fix,2024-11-28T09:39:46+00:00
nuxt/nuxt,a60d7fd51c2c2bb77b7165eaff573dd6aa4499e7,docs,2024-11-28T10:00:58+00:00
nuxt/nuxt,5d0880e03250a81620624032b41cc2cf591474d1,docs,2024-12-02T11:35:47+00:00
nuxt/nuxt,1bdaefee79364a022fb2e5f3f32a15d18dd51c4e,docs,2024-12-02T12:20:35+00:00
nuxt/nuxt,5f30fe925f6c45af362ed347feb17b322245df3f,fix,2024-12-03T09:31:17+00:00
nuxt/nuxt,474832f653179f922585b3f70cf0f4dec7f1de52,feat,2024-12-03T13:16:44+00:00
nuxt/nuxt,4a3af2dca4a8acbdef27e7af198cdbf1f7f8efe6,fix,2024-12-03T13:19:59+00:00
nuxt/nuxt,4bad11de52775c6e11524354394a05c4995259cf,docs,2024-12-06T20:43:52+00:00
nuxt/nuxt,d874726ffb7911c99dff1253efff72c172dfeb37,fix,2024-12-09T15:19:10+00:00
nuxt/nuxt,18a6ef1cadefa9846580eb8295b15699a27a52fd,fix,2024-12-09T21:44:03+00:00
nuxt/nuxt,8cb9efa980411757ffb2021e7d6aa940ba9f3c13,fix,2024-12-11T17:07:21+00:00
nuxt/nuxt,6fc69b8ef9c8b4277e100f41cb6fdef83ec62b00,docs,2024-12-16T15:09:05+00:00
nuxt/nuxt,cb169b52d5fcd2324a8de4a67d7a383252bd44cb,fix,2024-12-16T16:49:10+00:00
nuxt/nuxt,d61d239b4329f1ad054b275453fbc87ee572afcb,docs,2024-12-18T09:37:34+00:00
nuxt/nuxt,b4c0f17776edf9d2c45c14459278b44cd2a5d980,fix,2024-12-18T10:26:32+00:00
nuxt/nuxt,c83507e315de426f02c84c2861e341dfbd4327d5,docs,2024-12-18T10:29:56+00:00
nuxt/nuxt,f877823a43b3e32f2cc7f3300333ead6e61114c7,feat,2024-12-18T11:41:15+00:00
nuxt/nuxt,f86d749077f438f5aafd7cbaab2e96d1e326d7ba,fix,2024-12-19T12:51:31+00:00
nuxt/nuxt,59f609565c2cce8dd259e9aa757763c27bd75f0d,docs,2024-12-20T11:41:46+00:00
nuxt/nuxt,0f8740636d4141d08e0a884f9e3926f6d1b3c48e,fix,2024-12-24T14:25:09+00:00
nuxt/nuxt,ba764b212ff40d811caae9ab9eee0c4e1f896571,fix,2024-12-26T22:14:17+00:00
nuxt/nuxt,e70ef00e558520e5d21c1bf7afe89d8370e48335,docs,2024-12-29T23:09:42+00:00
nuxt/nuxt,ca6e31c5d67025d4c0f30db6ef01ad99ec47983f,refactor,2024-12-29T23:25:29+00:00
nuxt/nuxt,a929bf24322ec10b24f374d86099fe9e1c4f858f,docs,2024-12-30T19:35:49+00:00
nuxt/nuxt,64287dbd5c150775c1fe94a6d6dcd8ec7e805e40,fix,2025-01-02T12:17:19+00:00
nuxt/nuxt,aef96ae88d66dec7e4af88d7b803da48324bca2d,fix,2025-01-04T22:35:36+00:00
nuxt/nuxt,7a5fd9b5f2fe6ca2b1b4166f2e832fb5dc50003f,docs,2025-01-04T22:40:34+00:00
nuxt/nuxt,65380c6bc9f422b8e98fac34742a2819f044eddb,fix,2025-01-07T04:49:59+00:00
nuxt/nuxt,04e02986cd24281d662ebe43e2cd2be0af3f7e40,fix,2025-01-09T15:11:44+00:00
nuxt/nuxt,7dba33500bd7c8b578a9918d5d2b4cdf4df9de4e,docs,2025-01-10T17:47:12+00:00
nuxt/nuxt,f357622fec8cb465d22231dfe7d37b15e9f6b344,docs,2025-01-11T19:54:43+00:00
nuxt/nuxt,da9a0b1da7c4cd814ee47b0166c42e14d393cbc4,fix,2025-01-11T21:12:31+00:00
nuxt/nuxt,50edb86e3a905d8da83155d2f88e182325b7d600,docs,2025-01-13T20:48:20+00:00
nuxt/nuxt,a6ee58911b8bf8bb1931a294f435934113ad7152,fix,2025-01-14T10:47:36+00:00
nuxt/nuxt,06d5840d26d73a2d7d5db9b25f8027cb4ef4be2b,fix,2025-01-14T13:10:25+00:00
nuxt/nuxt,4187f681394fdfb710f6213496b03f0956f0d9a3,fix,2025-01-14T17:36:00+00:00
nuxt/nuxt,68ea5c7d85e71b9acc35181666cfcb84d3397e07,fix,2025-01-14T23:36:52+00:00
nuxt/nuxt,f277030e713b483750ffa7661f78334dee9dc969,fix,2025-01-16T10:36:22+00:00
nuxt/nuxt,3bab4d117028ed637572b6e2b28f7d014e6c5348,docs,2025-01-16T13:28:15+00:00
nuxt/nuxt,6d7524ee37a0a8e4d2f21968ae76b151887147c3,docs,2025-01-16T23:58:26+00:00
nuxt/nuxt,6bf0691df3b75a1ed8339331471341baf45c07bc,refactor,2025-01-18T10:18:06+00:00
nuxt/nuxt,c5a78ea1542ffe8b202b807f3d0516cfc4eb2960,fix,2025-01-20T06:47:51+00:00
nuxt/nuxt,8c900bc9d06ec1c84d2bcd6f0d8ff458f3af34e4,fix,2025-01-20T13:42:31+00:00
nuxt/nuxt,a33bb946881a6d46cf6f093b06a258a356b75914,docs,2025-01-20T13:50:42+00:00
nuxt/nuxt,b765251ce866a82ab8bf217416b249c724e20609,fix,2025-01-21T11:34:54+00:00
nuxt/nuxt,d947f511d9b8112187f9ca3a37117288d93aa02f,docs,2025-01-21T12:01:27+00:00
nuxt/nuxt,f94cda4c80c4b2369d3d60c6f5a056302fcc7f59,fix,2025-01-22T14:01:25+00:00
nuxt/nuxt,cf6dcc1355ea7016ea72415c9175191766f6e659,fix,2025-01-28T22:47:20+00:00
nuxt/nuxt,d7b5d25575ef1c61a88ca27c4ada15b5a281c384,fix,2025-02-06T13:29:05+00:00
nuxt/nuxt,22872f0e8ded37f3cd6e9c2c74004acd0442cecd,feat,2025-02-06T13:41:55+00:00
nuxt/nuxt,3db7e2e13d29557fe0ef8f407cba2320921d0991,feat,2025-02-06T16:36:59+00:00
nuxt/nuxt,090bc6d7da84f4331ea2085b60106f67c8ba70cf,feat,2025-02-06T21:56:58+00:00
nuxt/nuxt,7edf7e41ebfbf199a8e8d73001ae869e3dbe357c,docs,2025-02-07T21:57:27+00:00
nuxt/nuxt,2d88d868350b3cd5cdcd8c21a3fd4933bc0f0f79,docs,2025-02-08T09:08:38+00:00
nuxt/nuxt,5752b1519ebd41edee52d72737a9e78cd05a4c2c,feat,2025-02-09T06:48:37+00:00
nuxt/nuxt,72d524b25e6f0e806d41198855e0d1286f53dd2e,fix,2025-02-10T16:40:15+00:00
nuxt/nuxt,763450c93d5ff3f526b9353d344b1b515f08332c,docs,2025-02-10T16:50:24+00:00
nuxt/nuxt,fc52ff8c08f891238009027a8a567eac02fb458b,fix,2025-02-10T17:10:10+00:00
nuxt/nuxt,d526fb183925a458bdf3f57041f33c3cb2c31c81,feat,2025-02-11T15:38:55+00:00
nuxt/nuxt,ae679d4faad8571d9500e08d32de96b7b22b6a84,fix,2025-02-12T08:49:36+00:00
nuxt/nuxt,f56e29fb1caed4b502ec82baf6c3844767667767,fix,2025-02-12T10:26:21+00:00
nuxt/nuxt,b0729241bcc219b8ec84b2ba4f0d8eefa88849d9,fix,2025-02-17T18:14:12+00:00
nuxt/nuxt,6d9ddff209c57bb7716b7711fb5cee3c9eece8a8,fix,2025-02-20T15:16:27+00:00
nuxt/nuxt,234fb5d995e6aa1c9221708718d92597d3c85141,docs,2025-02-20T16:16:39+00:00
nuxt/nuxt,bfe7d3f82e2c9e13e45ea3eb5c0ea3e887e02ff6,fix,2025-02-21T20:07:55+00:00
nuxt/nuxt,d1733365f8b20e2b677ce727c787c18e44a88ff8,fix,2025-02-23T09:31:39+00:00
nuxt/nuxt,68348cde1dde802d76a9666616f6697a2356664a,fix,2025-02-23T16:48:52+00:00
nuxt/nuxt,4f122ea2512f6bbb2bb3644be83e70c003ceb8cc,docs,2025-02-24T10:54:38+00:00
nuxt/nuxt,cb80715c1a3ccc718aac6a6c66bd94d80cb324b4,fix,2025-02-24T21:17:19+00:00
nuxt/nuxt,88e624561d8e1aba9a0f1bedc0aecb0788c87628,refactor,2025-02-25T09:35:46+00:00
nuxt/nuxt,4ed14d13b0c12565d8879024e52b4da6a6a20c47,refactor,2025-02-26T09:35:37+00:00
nuxt/nuxt,d337a787551d076b12e6e350de6b7e33611e0ce4,fix,2025-02-27T22:19:04+00:00
nuxt/nuxt,281a931a0afdf7edd98f14bfd42208f184a0a4cb,feat,2025-02-28T23:19:17+00:00
nuxt/nuxt,c398ce28173c673a2dac844900940c5ba49374d9,feat,2025-03-01T06:40:10+00:00
nuxt/nuxt,b0db03a406109a0efe7e0a0fb45cda4102a9a9d2,feat,2025-03-01T08:11:23+00:00
nuxt/nuxt,594286f258507f2fed988349fb422b103d4ccd44,feat,2025-03-01T12:37:06+00:00
nuxt/nuxt,76e51626b4451d2b3e49288b3f07cf7ba2db8b14,fix,2025-03-02T08:32:36+00:00
nuxt/nuxt,2c5e6d5aa57fec9a5b428176838a57ee7bb87b51,refactor,2025-03-04T13:10:09+00:00
nuxt/nuxt,4edd782011658c700dbbee69c9e7d980126b395b,feat,2025-03-04T20:42:32+00:00
nuxt/nuxt,36bb785612f46bf5b29acbc1322dde658b619ff9,fix,2025-03-04T21:32:12+00:00
nuxt/nuxt,eb3574217a87978af94a06fe54fb5bc26b55e80b,docs,2025-03-05T08:20:11+00:00
nuxt/nuxt,ce49734aaa71b77ac06a73357be0efdb5ecaa2de,fix,2025-03-06T14:25:08+00:00
nuxt/nuxt,2735fc3add1706da48f4b28d30d8a59fe3c48bab,fix,2025-03-06T14:36:36+00:00
nuxt/nuxt,b6b54d8c8655efd047bf6c6c0d45520a834e3d95,fix,2025-03-07T11:47:49+00:00
nuxt/nuxt,fb1739feb4f4f444a85198fd5e2f5bf0e85dd4a8,docs,2025-03-07T13:19:22+00:00
nuxt/nuxt,ce800422dd47b1f2ff27cd6f1550bc33d8f2f9a6,fix,2025-03-08T07:37:30+00:00
nuxt/nuxt,3e26b29b9fcab2e31df2e69cc1cbc3281ea630c5,fix,2025-03-09T10:48:50+00:00
nuxt/nuxt,e43aa58f129fbc620ffca68c618e5d5c36e042ef,docs,2025-03-13T07:06:30+00:00
nuxt/nuxt,c4cdc0537dbec3bab910b89f067e7a6076d110e1,docs,2025-03-13T07:07:29+00:00
nuxt/nuxt,2e2f6475b4f534d37310375b28c0057ced8a7320,docs,2025-03-14T11:30:54+00:00
nuxt/nuxt,6b35a08c3218534fa0c4fe7e7189b991c592622a,fix,2025-03-17T17:53:51+00:00
nuxt/nuxt,4885e249ece966c2144c2128044b419a3f002f1a,docs,2025-03-18T10:51:01+00:00
nuxt/nuxt,26d0e1806183dbfb1a8d23c6d7dcf336fb74f51f,fix,2025-03-18T22:44:23+00:00
nuxt/nuxt,fc03d2a92bba21d9cb9e5f6fd75d45dd750cb057,docs,2025-03-18T23:23:12+00:00
nuxt/nuxt,b656c58b39d501a17fbd2ae867b904204502a354,docs,2025-03-18T23:23:40+00:00
nuxt/nuxt,7a4cdbc67ae722e07fa0da902acb7d604fddd558,fix,2025-03-19T11:26:07+00:00
nuxt/nuxt,726c029b33962a4660676a0d6dbfa90023d00edb,fix,2025-03-19T15:05:03+00:00
nuxt/nuxt,f4182359f90042454aa1d7422d08482ce60bbcd0,fix,2025-03-19T15:53:49+00:00
nuxt/nuxt,0c5f40b57c3c578f31d8144346506dea484516bb,fix,2025-03-19T16:07:02+00:00
nuxt/nuxt,cec806ff0d5e1db311e4ca60d6319ce94ed56c00,fix,2025-03-19T16:30:51+00:00
nuxt/nuxt,00c228eb4b467c23a2a2c6b9100fda4afdac9674,docs,2025-03-19T20:14:34+00:00
nuxt/nuxt,36e5cfdd056a20065cee618f019f63ca5cf57a33,docs,2025-03-22T14:21:51+00:00
nuxt/nuxt,f8cebb9c9db08cc5b55806b2337870dd1e41a89e,docs,2025-03-25T10:00:54+00:00
nuxt/nuxt,841fec726b1cd92f55f243357709ea1c08abfe4e,fix,2025-03-26T13:40:59+00:00
nuxt/nuxt,e536e2996a11acfcc5652785976fe61c34dd7583,fix,2025-03-27T10:54:24+00:00
nuxt/nuxt,f1867e34f1ca927f75d2968b966c9969f0bd531d,docs,2025-03-27T20:43:46+00:00
nuxt/nuxt,1fb032e51e677bfd3d11ac7b43202027a4e4bfbe,fix,2025-03-28T15:05:21+00:00
nuxt/nuxt,c58d9ab26ad951522a4897aa7c8665ac58644e43,fix,2025-03-31T08:14:52+00:00
nuxt/nuxt,47f4c30e298cff849ce6080fce00774808a4cec2,fix,2025-04-01T09:11:13+00:00
nuxt/nuxt,55b2c8551905723b96cede6edfae270ff0d154d9,docs,2025-04-02T08:51:49+00:00
nuxt/nuxt,9b9b7dc8d7a55460e2df95f1ff445ee308f74a15,docs,2025-04-02T10:35:08+00:00
nuxt/nuxt,6abda6ebec864b6153bec55d338248bebb54fbf5,feat,2025-04-03T15:51:35+00:00
nuxt/nuxt,5372132d022cbad730c566bea52ddc63b526d063,docs,2025-04-06T14:13:03+00:00
nuxt/nuxt,42eb1a1fb407255cec20773a1585f3c4a0acc863,docs,2025-04-07T00:45:04+00:00
nuxt/nuxt,57be49a84f9be67f87e482c0610ed122dd3e6f15,fix,2025-04-08T01:30:28+00:00
nuxt/nuxt,8f28f9c3697b1d1cb091157d2849a32c6afab661,fix,2025-04-08T01:30:30+00:00
nuxt/nuxt,2227354c83a3d26a25013c76c734c97057adc04c,feat,2025-04-08T01:31:05+00:00
nuxt/nuxt,a69751b96d35b0b2a4d7674652c604e45370f60c,docs,2025-04-08T01:45:11+00:00
nuxt/nuxt,b0b1bb6fc18237c9ac2cdcd72a1261643584fbc1,docs,2025-04-09T12:56:33+00:00
nuxt/nuxt,7bbeedf40f1b2fa988ebb724d074e3fa68a32166,feat,2025-04-11T20:34:06+00:00
nuxt/nuxt,1f47a118865b414649a7a03d8cebe7abf5b52a02,fix,2025-04-14T09:53:54+00:00
nuxt/nuxt,90f7000a0e7a394873f557be4033e12fc76d13c8,docs,2025-04-14T10:06:48+00:00
nuxt/nuxt,c378bebb22b2e5795292d391fd63d6456c585014,docs,2025-04-14T10:07:09+00:00
nuxt/nuxt,c3dea6ad27f927b93ea0f71fada391b6b7f4d24e,fix,2025-04-14T10:12:08+00:00
nuxt/nuxt,cb21be6a1f6e86cc8dc5fea2fff652c89c7ddc54,docs,2025-04-14T11:17:25+00:00
nuxt/nuxt,31b46e30f4abc8402ef670c78b98d4dde9206c0e,feat,2025-04-14T14:03:25+00:00
nuxt/nuxt,a6a0203ac89b223b00ea614aa39152e31949a099,feat,2025-04-19T21:17:50+00:00
nuxt/nuxt,b833b82d855219bcc016adcf0548a745e502daf7,feat,2025-04-22T16:45:44+00:00
nuxt/nuxt,c66a54d375a7feb8d3e8592a5d9d0752aea01a96,feat,2025-04-23T08:49:25+00:00
nuxt/nuxt,ef5404f71b8a7c03bf7c4da27ba58604528bbc2f,docs,2025-04-24T13:05:42+00:00
nuxt/nuxt,08d653433dce6f1090f392fe9ad44a4001cbc7b8,fix,2025-04-24T21:48:19+00:00
nuxt/nuxt,bb56d3d1e54cd63511a85b83bb481358559ddfeb,fix,2025-04-26T13:11:39+00:00
nuxt/nuxt,57b95cda7fd006be28b80b3a2f17b47b64de2660,fix,2025-04-26T19:35:40+00:00
nuxt/nuxt,7ec8d341c50656419fd9ad0caef073f9b9a11385,docs,2025-04-27T21:23:16+00:00
nuxt/nuxt,aa5e1ee33a2b5070022179b49be8566b6eb34122,fix,2025-04-28T10:01:50+00:00
nuxt/nuxt,34955f9544ff8928bb9d4542f44812db2de1a21e,docs,2025-04-30T13:14:29+00:00
nuxt/nuxt,8185c8f8eb2cdcdd84f735aff4830a07c7fc5690,fix,2025-05-01T12:47:12+00:00
nuxt/nuxt,59e7879f9cf7554ebbccb474fa0429e142db43d2,fix,2025-05-01T16:01:12+00:00
nuxt/nuxt,7e267eccd587a2ea85054346a0dfc9dcb9f50396,fix,2025-05-04T21:12:47+00:00
nuxt/nuxt,98b21d4d43a252dcd677baa6fb34ed465a91efb0,fix,2025-05-05T14:32:37+00:00
nuxt/nuxt,c8a8169ee16085baaf1fadeed14c597c904b9dcc,fix,2025-05-07T09:00:53+00:00
nuxt/nuxt,f8a8437d92628782cc8bdb794a35b3b67cd6d549,docs,2025-05-07T18:13:18+00:00
nuxt/nuxt,28661df04130f9f42e0a9ffabff0550e868c5b7e,fix,2025-05-08T09:42:51+00:00
nuxt/nuxt,dc7ef1549d42c9ba13769bf98cf9909a69638421,fix,2025-05-08T11:59:35+00:00
nuxt/nuxt,e191c5a3402450a9fc61805c2f5d1456b88b9a73,fix,2025-05-12T13:38:32+00:00
nuxt/nuxt,5c6bbb49a9f966747143f2951b2b7d47712ad8a5,fix,2025-05-13T20:22:59+00:00
nuxt/nuxt,55dd60100707098cc0a1ab5b98038184ad2ee689,fix,2025-05-15T21:06:07+00:00
nuxt/nuxt,7bc70bf86212d498f448cf3f6803ca08e800973e,fix,2025-05-16T17:09:01+00:00
nuxt/nuxt,847d93641293a12f9adf58ff30d069371b5f19df,fix,2025-05-17T19:05:49+00:00
nuxt/nuxt,259cbe7f5e2e5d2f12041382f8da5b7f9ec084dd,fix,2025-05-20T03:03:25+00:00
nuxt/nuxt,ea5831679abad504bbfd66f2eed041a69411547c,docs,2025-05-26T11:30:55+00:00
nuxt/nuxt,bd2dffea09ec7888feaaf2b6d47d26311cec1bb5,refactor,2025-05-26T11:31:37+00:00
nuxt/nuxt,dd59fd694f5db7940f3c93269c915e8094dff226,docs,2025-05-27T13:27:44+00:00
nuxt/nuxt,86f4123e94e6ff9c544b2d8336224911c1f72cda,docs,2025-05-29T12:54:09+00:00
nuxt/nuxt,bec85dfcd099e553b066976573ca59c2d9b67e78,docs,2025-05-31T19:40:42+00:00
nuxt/nuxt,8ec609caa8dc7b1b4a467c4da51e1cdb95e5808d,refactor,2025-06-01T21:46:27+00:00
nuxt/nuxt,17ce1c299b4f940b473f6f914b701c628855b33f,fix,2025-06-01T23:54:36+00:00
nuxt/nuxt,b4269eb0d8eafa7f9aa89dff151f0d552a5331a2,fix,2025-06-02T06:07:48+00:00
nuxt/nuxt,f7aadd578440532924e44b0aa96b26685bf9e4c1,fix,2025-06-02T10:33:55+00:00
nuxt/nuxt,a3698c08b77a14166063690083797794ad05bbf7,fix,2025-06-02T12:52:55+00:00
nuxt/nuxt,f966a950e99488e1839bb607d8a3b1e802470a2f,fix,2025-06-02T17:08:35+00:00
nuxt/nuxt,57addf4428a665b24ff1d2d982c657a0b6dad733,fix,2025-06-02T17:32:01+00:00
nuxt/nuxt,b40a7d5ed9a24719ada837e87e0bc6102a93dafe,fix,2025-06-03T16:20:23+00:00
nuxt/nuxt,d0a61fc69061690ffda41d9dfe321e400da9da80,fix,2025-06-06T04:42:40+00:00
nuxt/nuxt,156a80baf92733b028399edfa8aafbe295504e18,fix,2025-06-06T16:19:47+00:00
nuxt/nuxt,0f7d87781199457b73c5f16a147cb7f553679770,fix,2025-06-10T12:45:46+00:00
nuxt/nuxt,51ecdb06c5a7792fbc40c9ddfbe8f4b639e7e508,fix,2025-06-10T17:12:10+00:00
nuxt/nuxt,5b7cbcb66346697d2b59be242ce36edb919ff45a,fix,2025-06-14T13:06:21+00:00
nuxt/nuxt,cd0028c93f59846a1257d617ad81230da2b8ab3f,feat,2025-06-14T19:14:54+00:00
nuxt/nuxt,7aeb416e147ed8eacb184928406dc20e383accc7,docs,2025-06-18T14:07:08+00:00
nuxt/nuxt,77d6edc73a92f120194e24d15df2719bd08ec17c,docs,2025-06-18T14:21:34+00:00
nuxt/nuxt,104ef7fb225eac83e80cf88003278b7d46fd85dd,docs,2025-06-23T10:48:08+00:00
nuxt/nuxt,20bc17ffdf93b779e050f53ed86aabb159edb17e,docs,2025-06-24T08:34:32+00:00
nuxt/nuxt,1cf46736053835f1100efee23d0e980a747065b6,docs,2025-06-24T08:35:06+00:00
nuxt/nuxt,6ff78503e434ea510e4818282b79a271145c1041,docs,2025-06-24T09:01:31+00:00
nuxt/nuxt,d9e57c6839beda91d99b78782fb043aef060356e,refactor,2025-06-24T21:06:04+00:00
nuxt/nuxt,b617f15e12669f25b0cef79315186d90f9e7db40,feat,2025-06-27T09:08:09+00:00
nuxt/nuxt,b517c41995a38cb124c0081b661c7abd1ba84f24,fix,2025-06-27T09:17:49+00:00
nuxt/nuxt,6f32916db97841b42adb30ab10310a2a5e9ada21,docs,2025-06-27T13:12:04+00:00
nuxt/nuxt,3e0408bd895ce95409c9f000634fe8a3ccce22cc,fix,2025-07-02T15:25:20+00:00
nuxt/nuxt,69345c32a5b828c0a5ff141770d6d9d51f30d5b2,fix,2025-07-02T21:51:53+00:00
nuxt/nuxt,5abd6bc1adaecf2dcd0a2e10cdaaaafa729cd154,fix,2025-07-10T13:50:24+00:00
nuxt/nuxt,9a96f1d4b1efd05c457b8d06d075fbe4abfdd8ba,docs,2025-07-11T14:39:34+00:00
nuxt/nuxt,3e7608920b0f3c50b638f48a233375f2e18bd73d,docs,2025-07-13T15:03:47+00:00
nuxt/nuxt,36a6df781381910e6c70b41902743b11021659aa,fix,2025-07-13T20:43:30+00:00
nuxt/nuxt,850a879d3607dbde7fc321ca067db55a536d7ae1,docs,2025-07-14T09:39:36+00:00
nuxt/nuxt,97832ab24e707b052f9502dc369c00a1be2266bc,fix,2025-07-15T15:19:43+00:00
nuxt/nuxt,7e5869f4ef87c5fef6df5673e06dfd6e2e951745,docs,2025-07-15T17:19:58+00:00
nuxt/nuxt,a450079375e92ef8e8e031494ebacae60b9b6824,feat,2025-07-15T18:58:33+00:00
nuxt/nuxt,232b14e2f9708463148b08d9124e98303c12e9f3,docs,2025-07-16T05:20:20+00:00
nuxt/nuxt,343f59235c899f581a2d6f293d2947be77f9bdcf,docs,2025-07-16T07:50:32+00:00
nuxt/nuxt,d112f3b30526005f6e01a233827904c97639045a,docs,2025-07-16T17:20:58+00:00
nuxt/nuxt,ef9b937142644945862905f2aee1e69a6fe39d09,docs,2025-07-17T03:39:57+00:00
nuxt/nuxt,9193b324701106fec71878f4a267f03bb7e5b1eb,fix,2025-07-18T16:45:46+00:00
nuxt/nuxt,f8384909438e8ab9206d8fa4bfc5cc2b7cd998ea,docs,2025-07-20T17:07:58+00:00
nuxt/nuxt,d8d2f3e17b42f8ccf218754a9d912ef41d128df3,fix,2025-07-25T09:59:58+00:00
nuxt/nuxt,2f7d45be64e7f2319b111aa0b761620afc2481b5,docs,2025-07-25T22:13:07+00:00
nuxt/nuxt,10301b3c804ebc3a45062116cb185df082aca8c3,fix,2025-07-28T13:31:45+00:00
nuxt/nuxt,190227dbacb1f71df2abf29adf86ee790e0db375,docs,2025-07-28T13:33:39+00:00
nuxt/nuxt,46fb8d82dbcf4b0167c8d9466c554d9fb4a89622,docs,2025-08-02T11:42:33+00:00
nuxt/nuxt,1cb8a6451c49b02eb1419916677628be6cac38ba,fix,2025-08-04T13:57:57+00:00
nuxt/nuxt,b4c5b4f156a0a4ea3c884c5117cbcba67cf40cad,docs,2025-08-05T07:20:13+00:00
nuxt/nuxt,b8edf7e676443adfa0130ecd79a75a54a7155f48,docs,2025-08-05T11:07:27+00:00
nuxt/nuxt,6fc25ff7961b1cf37191596ff7fc6cc191e77c7d,docs,2025-08-06T09:22:34+00:00
nuxt/nuxt,eee55ea410a5545c1dd69f44fe32e6eec1a044d5,docs,2025-08-06T09:24:08+00:00
nuxt/nuxt,ce9a6a44b7f1d914822c21e0ac3353cdc7c92027,fix,2025-08-09T09:57:06+00:00
nuxt/nuxt,c2333825988c26ff3591f5ff0965b4a36701ac63,fix,2025-08-10T19:35:17+00:00
nuxt/nuxt,6ffb52e18fe53fe5e1e476fe26b7250738a1f3a8,docs,2025-08-10T20:08:54+00:00
nuxt/nuxt,273043bc501a0066fb202be5b45c06240ee56849,docs,2025-08-10T20:44:04+00:00
nuxt/nuxt,b79a5991f3fe823b461e11c9067a9dd5935cd36e,feat,2025-08-11T20:49:45+00:00
nuxt/nuxt,5b11d48fbe3c472cb01d2a0d0801b298f5a6a491,fix,2025-08-11T21:53:53+00:00
nuxt/nuxt,95d574a5753dc52b4734f2db009968bbfa9df623,fix,2025-08-18T13:14:22+00:00
nuxt/nuxt,1c0251b69834eedfff4b2331a2e3a39c2dea9d24,fix,2025-08-18T17:28:20+00:00
nuxt/nuxt,c0e5065b1430530254605910036d36d84f5b715c,fix,2025-08-19T09:41:54+00:00
nuxt/nuxt,d92816c7fd1e5c8bda916bc19f256f4702618a58,docs,2025-08-19T14:52:03+00:00
nuxt/nuxt,b86a1c0e6c8282687375e439c0a2e42cb0860336,refactor,2025-08-19T21:12:08+00:00
nuxt/nuxt,4d121bab88c337dfb95cdacd12bd0dd6e3f55ab1,fix,2025-08-21T08:20:03+00:00
nuxt/nuxt,27a80da5bbfeb8531cd373fb37d0e003d6eb9f9e,fix,2025-08-21T17:45:50+00:00
nuxt/nuxt,6501f6244b95732178b49715610d8f8eb6b52c66,fix,2025-08-25T08:39:16+00:00
nuxt/nuxt,1111111f1ef0403d122da6a0c4ea35ef574e9b19,feat,2025-08-26T16:34:48+00:00
nuxt/nuxt,404424c5027ce5abd4a52c19896dd6dcfaf42751,feat,2025-08-31T20:29:30+00:00
nuxt/nuxt,b58c139d2c54b9853547cdb98e6b1f1a561b2151,fix,2025-08-31T20:41:20+00:00
nuxt/nuxt,c373d10783a39cdcc2d98f38f658706bc93f22b1,docs,2025-09-02T20:57:55+00:00
nuxt/nuxt,418bafeb830dfd2c1ea473320889890a12f050cd,fix,2025-09-03T10:18:26+00:00
nuxt/nuxt,5e661f0cac1d021f4f7f96a0a6dbb3d835577908,docs,2025-09-03T11:52:35+00:00
nuxt/nuxt,c73957ae9cf1575e475a70da5b4964bc220d2da2,fix,2025-09-03T11:54:05+00:00
nuxt/nuxt,32d565538941608a13e09262b7995566e75e5f95,fix,2025-09-04T10:37:41+00:00
nuxt/nuxt,9fe2541ca9d8b2363e1fcf0d72e2d1dee1a4e38e,fix,2025-09-06T21:31:42+00:00
nuxt/nuxt,4df5aed2f451d23cbbac1bc5a99040e29d573269,docs,2025-09-11T08:10:19+00:00
nuxt/nuxt,be49123feeab768c987708c829c94b8e043301a7,fix,2025-09-11T20:53:07+00:00
nuxt/nuxt,0dcc386e0688ae74b42576a29fb076efe84c7f62,fix,2025-09-11T21:37:18+00:00
nuxt/nuxt,43f07f8100649c7cd3b4698504471df5ebc47510,docs,2025-09-22T16:37:43+00:00
nuxt/nuxt,ce727bc6fa40af199b7ebb53b5fc2e813e3d7c0a,docs,2025-09-22T19:32:05+00:00
nuxt/nuxt,73627c96b3c82bcead6ab2fdedda977690906f2e,fix,2025-09-23T09:52:01+00:00
nuxt/nuxt,c791676bbe7723ec8fa5d68b424d8e95006af488,refactor,2025-09-23T09:52:50+00:00
nuxt/nuxt,a57f7fb7604918c33f219abc5b7eb9f48fdcdd72,refactor,2025-09-23T11:30:58+00:00
nuxt/nuxt,47ea684c7e87ef5add22f59b09cca966f0505d8e,docs,2025-09-26T07:32:49+00:00
nuxt/nuxt,3e4a999e6ba81fda6f60e6609fa5690888477dde,docs,2025-09-26T14:06:24+00:00
nuxt/nuxt,a52ce9a5ae32972131444d8fa1ebfa1b55592d93,fix,2025-09-27T11:52:19+00:00
nuxt/nuxt,339d0b589eb96a095df318adc3d9cf029bcec3f2,fix,2025-09-29T08:49:21+00:00
nuxt/nuxt,9bebe27bc84d69b8537ac77d09f5047a0a6d1a93,fix,2025-10-01T08:53:58+00:00
nuxt/nuxt,bed410d60818562082b300c3e053b2d3bb8f2131,fix,2025-10-02T11:28:28+00:00
nuxt/nuxt,d6df732eec1a3bd442bdb325b0335beb7e10cd64,fix,2025-10-02T20:38:59+00:00
nuxt/nuxt,5589a44a2fb6df0bdcb23216c0ac2023225153bc,fix,2025-10-07T13:20:20+00:00
nuxt/nuxt,94e6fbb7181addb943b91e3fc805b51559768a62,fix,2025-10-07T18:49:10+00:00
nuxt/nuxt,23aa59d60236d0c3fbb4013f65791fd707f4a009,feat,2025-10-07T18:56:02+00:00
nuxt/nuxt,c69e4c30d2b021dc8ebd14685cc2fb4c51c5f1c5,fix,2025-10-07T19:07:55+00:00
nuxt/nuxt,9ad35781c95a27fdb1e13b23df79bd66d6094cc4,fix,2025-10-07T19:53:57+00:00
nuxt/nuxt,df559ad9cdbbd5c376609af87f4386773ac57b29,refactor,2025-10-07T19:56:41+00:00
nuxt/nuxt,9687505ac74429e6e8d0f8ded717dfea8ec5a726,refactor,2025-10-08T06:08:29+00:00
nuxt/nuxt,e317fd54547b086e125acafa8fad15c0b9faeafa,feat,2025-10-09T13:57:55+00:00
nuxt/nuxt,22f4693a10d5eeb42180b981d8202d99ca2eb2c0,feat,2025-10-10T11:51:40+00:00
nuxt/nuxt,31c5f26a2f34960f8d1a27b3c97cad8fd5162d05,docs,2025-10-10T12:07:04+00:00
nuxt/nuxt,8789514b0015074f9873aacc0c5b3df9e06dfbcc,docs,2025-10-11T09:05:25+00:00
nuxt/nuxt,f836eca00ae3c8a378546a78d87eb238bbb12c5c,fix,2025-10-13T21:43:16+00:00
nuxt/nuxt,4ddf29129fbd3784c27ffb402ac45ae2c4c6875f,docs,2025-10-15T14:40:08+00:00
nuxt/nuxt,5c0bb928507664d743699ac090794bca77d02d79,docs,2025-10-16T21:14:19+00:00
nuxt/nuxt,dd522394a9b4506024924418f9c5cb662b3953f0,fix,2025-10-17T19:32:06+00:00
nuxt/nuxt,185025b3258fa052b1003bde105d7af2e0151ed6,fix,2025-10-17T20:25:45+00:00
nuxt/nuxt,934dc00299011843d571f70ed1930a63b1b74b15,fix,2025-10-17T20:33:31+00:00
nuxt/nuxt,2cf7709012bd4992a93b48c54143f035c6e90769,fix,2025-10-20T10:43:56+00:00
nuxt/nuxt,60d984b9eac4da7022bb18394110dcc8e83f664b,docs,2025-10-21T09:56:06+00:00
nuxt/nuxt,c88e8bc6272b43154dcf55eca7b94318a9bff848,feat,2025-10-24T11:59:14+00:00
nuxt/nuxt,986ec1a02ba55206e945c394ef84450699375db6,fix,2025-10-28T10:04:47+00:00
nuxt/nuxt,99be353eda5d441b974fd9b91f2cdf184fba7f6a,docs,2025-10-28T15:06:31+00:00
nuxt/nuxt,96c66052117bc4ad549ba514f602bf9c51e64fea,docs,2025-10-29T12:26:01+00:00
nuxt/nuxt,456cc36c6794c0aa7b737580aafe1b8c637f908c,fix,2025-10-31T09:36:31+00:00
nuxt/nuxt,f809e80adb481088483909059383a2cc6a09e955,fix,2025-11-05T09:36:34+00:00
nuxt/nuxt,00148264ff01f07e096054516959c0f2db6d9248,fix,2025-11-06T07:52:55+00:00
nuxt/nuxt,07eccf3cb8ab7885a03e2197fd449acff4910bf0,docs,2025-11-12T19:39:43+00:00
nuxt/nuxt,fe3f39f93efaa5e2527d076a165e36a12cff9a76,docs,2025-11-13T14:52:36+00:00
nuxt/nuxt,ab3dd9a82a2d16d01fdafafd04ef6a0ea1da4e51,fix,2025-11-14T16:47:24+00:00
nuxt/nuxt,a202338581b2ff5791039a507422b2bd2d9d0d10,docs,2025-11-14T17:02:15+00:00
nuxt/nuxt,f70b70c97d8224a9dedd2a4f8c7545b81d05b5c1,fix,2025-11-25T12:15:24+00:00
nuxt/nuxt,ece38229143255d833dcc920b11837f8056d0014,fix,2025-11-25T14:36:05+00:00
nuxt/nuxt,2a9122195823403381294ff49019e53fb4d47662,fix,2025-12-03T22:42:31+00:00
nuxt/nuxt,ac906ced6594256f24427ac917f02e7a3a7aac22,docs,2025-12-09T23:21:44+00:00
nuxt/nuxt,1d2c0c25ff982564b970ed00d2d3820579f3def6,refactor,2025-12-11T13:03:51+00:00
nuxt/nuxt,672880bc06e24718a352e9e31d0d9b11d31867c7,docs,2025-12-11T23:10:20+00:00
nuxt/nuxt,7fd6b72961fc1a2119bbd7ba8716c160cdc709dc,fix,2025-12-12T12:55:21+00:00
nuxt/nuxt,322dae3e0f5881ebcae81e4f3416b6d79029c424,refactor,2025-12-15T22:38:17+00:00
nuxt/nuxt,80778c0cdcfc9b36f1d8696869624e1d639b1459,refactor,2025-12-16T10:52:53+00:00
nuxt/nuxt,80a2c2f77bb36b56e4dd1ce120374ccb8b7f1332,refactor,2025-12-17T10:05:17+00:00
nuxt/nuxt,68badc0b0ea947e024114e365f1c4e1b3aa9a1e1,feat,2025-12-17T10:21:35+00:00
nuxt/nuxt,a4fda917e72ea7ecfad4bf04a22a41a27bdc9bff,refactor,2025-12-18T09:27:29+00:00
nuxt/nuxt,41a564d23b4e4ab71e2f948ac99b74984a4df91b,fix,2025-12-19T13:49:33+00:00
nuxt/nuxt,323f27bc854fcd1eb1ba19cdfac4df522b523aef,fix,2025-12-19T14:26:30+00:00
nuxt/nuxt,e1f7bb36f28f8c9a4a32b6b6bc84f9d42a066d9b,docs,2025-12-19T15:30:06+00:00
nuxt/nuxt,ecea7a86f4152db459403e33cd05c02cd0fccba8,feat,2025-12-19T20:04:48+00:00
nuxt/nuxt,c02e32a07981c4509420de9a43e4733a1aeb54b8,feat,2025-12-19T22:06:27+00:00
nuxt/nuxt,ec1da219f15a2d5774248158368ec6ecc2ce7eaa,fix,2025-12-21T20:42:26+00:00
nuxt/nuxt,1363c12dac07e7a926db66082e1b6b46f8fb2b32,refactor,2025-12-21T23:26:13+00:00
nuxt/nuxt,5d9749893c509dc4291b0b134a64784459a0b9cf,feat,2025-12-23T19:59:56+00:00
nuxt/nuxt,b56ec45aef5b322b1753437817b0fc3c4623ca65,feat,2025-12-23T22:16:49+00:00
nuxt/nuxt,25549617c093f89a7bf7809003f9feeafa97a827,docs,2025-12-24T21:26:36+00:00
nuxt/nuxt,c54d82929f5733cd43ea94763e4c65cb0e628979,fix,2025-12-24T21:52:38+00:00
nuxt/nuxt,3293dde6bac9e93e4609336abd8220fd97441986,fix,2025-12-27T23:52:05+00:00
nuxt/nuxt,3822f69b19d2c05bb80d6bc665595100c37bc40a,fix,2026-01-01T16:50:17+00:00
nuxt/nuxt,bc4a7000aca484dee17ab88838fde08ce50fb0bc,fix,2026-01-04T22:55:56+00:00
nuxt/nuxt,4a3c0887452cf2a88e5b43ea35f38eac26603dda,docs,2026-01-06T10:40:05+00:00
nuxt/nuxt,3e1a6d1d2dc1e08a32f80e6fbcfccad50cf4b928,docs,2026-01-08T21:35:20+00:00
nuxt/nuxt,f2df379ea5eb84f74dfff84a8392d20e5e53b0d6,docs,2026-01-09T17:19:57+00:00
nuxt/nuxt,139ef2bd9a5a7d92e9c49c06c25bfddd1f77e587,refactor,2026-01-09T19:42:47+00:00
nuxt/nuxt,b5613d25a5747ca27433b78f10d853c4831c1cdc,fix,2026-01-09T21:40:26+00:00
nuxt/nuxt,0598aa0b89c19c7e1a1d623cb2cc6ac25af02ca2,fix,2026-01-09T23:18:00+00:00
nuxt/nuxt,d98234546d41f509c434f4793c308440ec5cd8c5,docs,2026-01-14T10:17:08+00:00
nuxt/nuxt,8e12791b28a57b9a893a5a2a0dd3435b5c0996b9,fix,2026-01-14T23:00:01+00:00
nuxt/nuxt,f16e84d154fd5a8b6f47780f7431c87f22694c61,docs,2026-01-15T09:10:15+00:00
nuxt/nuxt,ebc2a66ab86106e0ee968d491ec05664d7483e74,fix,2026-01-19T10:53:37+00:00
nuxt/nuxt,f7cf3747e6fd91c489ea54138133b346e0b14b63,docs,2026-01-19T22:46:17+00:00
nuxt/nuxt,427e48795ed4cb88f626d127d33fbc627204adfc,docs,2026-01-20T00:11:48+00:00
nuxt/nuxt,7ecd434315f488fa0f8079f08a717e96addf6869,docs,2026-01-20T00:16:31+00:00
nuxt/nuxt,0645678f3536bf716455d05a4cfe4743a920cb0a,fix,2026-01-20T00:18:01+00:00
nuxt/nuxt,2064c64573283116bc5f6784f1f8667fc24b01e0,docs,2026-01-20T00:19:23+00:00
nuxt/nuxt,cc05719bca5cb447efd60c3b2217819aece8175d,docs,2026-01-20T00:39:12+00:00
nuxt/nuxt,d19f1a83eb21994e4401287c83678075208b9297,fix,2026-01-20T08:34:18+00:00
nuxt/nuxt,888f0f44f7502d6b5f7546eb12929975e2aab093,fix,2026-01-20T12:30:08+00:00
nuxt/nuxt,cdad9310c52672002b5b96b71f07ced981d4129d,docs,2026-01-20T16:33:26+00:00
nuxt/nuxt,1098254f733aa5717a4bf0d8deea28c28898f56f,docs,2026-01-20T16:34:17+00:00
nuxt/nuxt,567a1c6fb9ddb0208c4db9d5b13db88e196a9a90,fix,2026-01-21T23:08:20+00:00
nuxt/nuxt,fd7a4b04993a699f1db7215b8dc459899d45ddfc,fix,2026-01-22T21:44:51+00:00
nuxt/nuxt,14ddd9132b6b95088a205a5608a70b76fcb078f8,fix,2026-01-26T14:18:22+00:00
nuxt/nuxt,6dc4672eab83f45a197422b6c72174e2d60964ef,fix,2026-02-02T13:19:03+00:00
nuxt/nuxt,8dd24f4d2440ffbd6f0a6861a24f552694ec5a8c,docs,2026-02-03T17:20:29+00:00
nuxt/nuxt,0cd0521cadc7c6b11a7299c2c01460421d94817a,fix,2026-02-03T19:17:39+00:00
nuxt/nuxt,80b05fcd59842937be4069ee9ca662ca7c28bbe2,fix,2026-02-05T12:28:13+00:00
nuxt/nuxt,13bff0f39e62dd13ea8f5f336368cd7b84d0c90e,refactor,2026-02-05T15:27:05+00:00
nuxt/nuxt,1193b0cd055dc2203b613a0b27964ce3b97a82a6,fix,2026-02-05T15:55:15+00:00
nuxt/nuxt,258e940f217f5c1b227fa8a3a0db15c0108a0e28,fix,2026-02-05T16:42:29+00:00
nuxt/nuxt,e02fa127e9e6bc353d0a83c0006e249bbb985fb0,fix,2026-02-05T17:06:38+00:00
nuxt/nuxt,c83ae4ee5c208e217c9697ee933f336a7a28d58f,fix,2026-02-05T19:23:22+00:00
nuxt/nuxt,8347f85ea672794f904518ed1f2caaccb2407178,fix,2026-02-05T20:36:18+00:00
nuxt/nuxt,0a87b3b908d12ec97c69525a4dd685d18d919272,docs,2026-02-06T16:01:52+00:00
nuxt/nuxt,cda2d0b4eb0c3ed9f5746ce9871b7a24633785cc,fix,2026-02-06T16:12:11+00:00
nuxt/nuxt,041c0588d42b488aca354e7c2923a15c4fb0fe72,fix,2026-02-09T19:45:36+00:00
nuxt/nuxt,7606938c76fcc807fbc19f5eba7093cdcc4f2ba6,fix,2026-02-11T13:21:19+00:00
nuxt/nuxt,eed426ce726259e35953049e58838898e65ee34e,docs,2026-02-11T13:28:58+00:00
nuxt/nuxt,92ca3eccc8f1d608259dfaad45f9351529bed65a,fix,2026-02-15T16:24:15+00:00
nuxt/nuxt,0cbc4ad6ff45047d2219d2d11e45e8877c50f0ec,feat,2026-02-24T14:42:34+00:00
nuxt/nuxt,c965e7288a6e315f32d83b83313df44d6027cd49,docs,2026-02-25T09:29:16+00:00
nuxt/nuxt,c5133a487640d4679761bf9d9e6fb12b06d1b2a5,feat,2026-02-25T16:44:40+00:00
nuxt/nuxt,9efac4dcb13ac678cdacd0601b6f7e8d25a9182c,feat,2026-02-25T19:16:46+00:00
nuxt/nuxt,873c77bb47e1c544c5c9b7c7e2d9f23bb8d7eb9b,feat,2026-02-25T20:03:36+00:00
nuxt/nuxt,d52a4fdd7ad5feb035dcf3f56c3b2d0ab059b1d4,fix,2026-02-26T12:27:35+00:00
nuxt/nuxt,0cef681f4530dee228d8899ce7da5256cc754e05,docs,2026-02-28T07:25:24+00:00
nuxt/nuxt,6361902032d0654e201ef06d70564ad48ebd9ba2,fix,2026-03-05T08:27:08+00:00
nuxt/nuxt,2561135be1485db94479c828edee72877b28f8e5,fix,2026-03-06T09:28:09+00:00
nuxt/nuxt,717c5fbf034d16b49b490d1b0127cd7f68ad260f,fix,2026-03-06T10:04:58+00:00
nuxt/nuxt,1dd52ba5fcc7fcf6a460ba286d7973d4600e4163,feat,2026-03-10T04:24:53+00:00
nuxt/nuxt,6378dd1542fb1040dd186a9e946782ada4b6a2a6,fix,2026-03-11T10:51:12+00:00
nuxt/nuxt,cf84c6e7d984eb0830673bcc3d5c31c4d4c89890,fix,2026-03-11T16:24:02+00:00
nuxt/nuxt,cf0350676456731ab399939d6b09a6b1093c7980,fix,2026-03-11T16:36:43+00:00
nuxt/nuxt,10ac23752cf1ac671b2b0a1c06898ba090a8e0ec,fix,2026-03-11T20:38:44+00:00
nuxt/nuxt,0e08003be51c96ff5eaf01810b5a3cf71d13c1b6,feat,2026-03-12T00:47:00+00:00
nuxt/nuxt,b030db42be73cdcd6bc3aa26caa51b9dae8caa7c,refactor,2026-03-12T14:25:11+00:00
nuxt/nuxt,cefc0232f52408cf4be3f657a2ab22285a64cba1,fix,2026-03-12T14:40:01+00:00
nuxt/nuxt,eddd036468cfe3eafb424fc3be858e1aca582486,refactor,2026-03-13T09:10:15+00:00
nuxt/nuxt,877eb7809113bec88d6d90d2965fe8336bd2d9f6,fix,2026-03-13T11:30:45+00:00
nuxt/nuxt,efe4498a610ae72d28fdb718e327eaaf289e6e29,fix,2026-03-13T14:24:01+00:00
nuxt/nuxt,0f80ac9c3ad3404122b3208c0ad12524aad2327e,fix,2026-03-14T20:37:07+00:00
nuxt/nuxt,f465ca09ae2b856dc3c96b6ee78448e9f6e9011c,fix,2026-03-14T22:21:23+00:00
nuxt/nuxt,7cf191c1d668914904ab1126857b745754be343e,fix,2026-03-14T22:23:21+00:00
nuxt/nuxt,f4dd7cb9a14731b4689470d8e0a52f71b2b13219,fix,2026-03-14T22:30:57+00:00
nuxt/nuxt,5284bce69b83c5b6768e2574fd4da7ac2e03153a,fix,2026-03-14T22:37:29+00:00
nuxt/nuxt,a24fa40afb50a23c6436b406a8a29d15d5a15869,fix,2026-03-15T10:41:55+00:00
nuxt/nuxt,65dfbd8afbe7002e511a92812d44845f4104fc61,docs,2026-03-15T12:38:47+00:00
nuxt/nuxt,d2268f9bc1b4793ee8c05789295667d351271d6a,fix,2026-03-15T12:40:12+00:00
nuxt/nuxt,97814ebf06349bd424fd19095ff44b5201bd81d2,fix,2026-03-16T16:55:01+00:00
nuxt/nuxt,ffb104bc41bbe298d8d2937f9015fb06ac7967f0,fix,2026-03-17T08:23:08+00:00
nuxt/nuxt,579db312d568fe139daa5f64e3c2467d486ea7e2,fix,2026-03-18T10:04:12+00:00
nuxt/nuxt,79d08580b5df81c55d81b7f2904d293081326bea,docs,2026-03-23T16:42:35+00:00
nuxt/nuxt,d3e5d1ba4326c329018cdead5f0ca75587f118b4,fix,2026-03-26T17:01:31+00:00
nuxt/nuxt,e798cbf673c8e7464d8ccb16cc0a2bfa0f0aafaf,fix,2026-04-19T16:55:54+00:00
nuxt/nuxt,589ff69887af6968fe06a5dc356a7f38f81d27d2,fix,2026-04-23T16:39:14+00:00
nuxt/nuxt,aaf195c92336c1403879c7353208cbb4a60c3132,fix,2026-04-23T17:56:07+00:00
nuxt/nuxt,dee59f1b76ede189463b19471c1628eea855203d,docs,2026-04-25T15:31:55+00:00
nuxt/nuxt,56690dc25b951996577822ea7afeaccd05eded6c,fix,2026-04-25T15:43:34+00:00
nuxt/nuxt,d7a9d39ee94a17dcbc369f06397c4b76fd1e4c3e,fix,2026-04-27T13:03:54+00:00
nuxt/nuxt,ea2055120e0b7d34946204c466eb77b20e840735,fix,2026-04-29T13:25:51+00:00
nuxt/nuxt,8da842da445b54153e55f06a18303db9442e7e86,feat,2026-05-05T06:47:27+00:00
nuxt/nuxt,ffb87ff1c74f34a8374533e4b513817a3d3758d2,docs,2026-05-07T19:17:02+00:00
nuxt/nuxt,123322a98689ff7dd2f0fce720ae6f90d5a338e6,fix,2026-05-08T13:48:56+00:00
nuxt/nuxt,d4eaa4215ac2d499c14edb7f487bb78d948fa225,fix,2026-05-08T23:41:56+00:00
nuxt/nuxt,76693a268fd00b15f8b61056ff3682106ed1f8b5,fix,2026-05-10T10:47:25+00:00
nuxt/nuxt,9c1039b6c91ff73f343a9c11781ea4d495079288,refactor,2026-05-11T08:33:37+00:00
nuxt/nuxt,4c81e81fb35eda5376f9dfde58504a27c0c4bc47,fix,2026-05-11T09:46:34+00:00
nuxt/nuxt,c32b704f3e079c32add0ebd508b9022d5cd63bf1,refactor,2026-05-11T11:13:15+00:00
nuxt/nuxt,a61989ba97921f1eae40441576cb69e53d570507,feat,2026-05-11T14:53:57+00:00
nuxt/nuxt,a7e603d1bc9d5008f5aa9719479a846c46e6cda9,fix,2026-05-11T15:39:57+00:00
nuxt/nuxt,c58bb749a477d9e1556711228b9665956e23b54d,fix,2026-05-11T16:06:56+00:00
nuxt/nuxt,ad97329a3ef12ef3b521bf5f2342fe9b28881a85,fix,2026-05-17T15:29:39+00:00
nuxt/nuxt,0fa4813e090de1c02e24f4ae31edaf4810749142,fix,2026-05-17T15:54:33+00:00
nuxt/nuxt,5d19aa05003b8733cfa4d686c024f124c58cc125,fix,2026-05-18T15:24:29+00:00
nuxt/nuxt,ec3888f73629a3d801c9215ba1ff22da6adae4bd,fix,2026-05-18T22:02:22+00:00
nuxt/nuxt,48b15c25310987d2246d941d395ada111330b544,refactor,2026-05-21T17:11:08+00:00
nuxt/nuxt,20c5662946654f39d73b898f87738a27f13c20e8,feat,2026-05-21T17:31:38+00:00
nuxt/nuxt,bb4e7ef7e9d043c1187148e4ba9d7a3d6dcc1746,feat,2026-05-21T21:33:05+00:00
nuxt/nuxt,73bd7c81e6ee735583afe5629f20a7fa4116bcd0,fix,2026-05-23T10:27:29+00:00
nuxt/nuxt,95bb4fdd1c32d48aab9b86cdf77de9d38340c297,fix,2026-05-24T17:45:06+00:00
nuxt/nuxt,0fc06dfb900da03e425a3a918c51af8a47f2c458,fix,2026-05-25T20:02:52+00:00
nuxt/nuxt,5668d45c2eb7dc7c3b93ef8beee264e681ff1cf6,fix,2026-05-27T06:30:06+00:00
nuxt/nuxt,e1aa468fd835e5581c837cb5b98d3bce3d2e5536,fix,2026-05-28T23:08:29+00:00
nuxt/nuxt,02893819e4effbc010764bd362e05314d0555202,fix,2026-05-28T23:12:29+00:00
nuxt/nuxt,a2138f19c5f7c4227a01f7682e1cccee1857478a,docs,2026-05-31T09:51:00+00:00
nuxt/nuxt,144c0d1be09c73e11ffdf79b6652b4e9e333fafd,fix,2026-05-31T22:17:06+00:00
nuxt/nuxt,07036a978bd7e7f4e8fd03247a6ea1189485acd0,fix,2026-06-02T15:20:33+00:00
nuxt/nuxt,37c4b13d0bdf6db779ab0c0560d495a98b212f2b,fix,2026-06-02T15:20:33+00:00
nuxt/nuxt,dd12b243ffaf65efa807066d582ffd0af21f46c4,refactor,2026-06-02T15:20:33+00:00
nuxt/nuxt,6b3450ac72d2c871c7ac2f8586d1410545ba0517,refactor,2026-06-04T09:18:25+00:00
nuxt/nuxt,a0871083adb3d5a29822676f42bdd4d951513ee9,fix,2026-06-04T09:44:29+00:00
nuxt/nuxt,2ad16e092e14a76414914af5536de49d52e3fd5c,fix,2026-06-08T10:49:22+00:00
nuxt/nuxt,f9046395c5be5ceb5c25ab8c655fd100f84e8c48,docs,2026-06-08T10:51:55+00:00
nuxt/nuxt,961ec828c3dd2f2c923a36db1d64c7b6128b3e0a,fix,2026-06-09T07:20:06+00:00
nuxt/nuxt,49f9f054536bd5000ce1b13da0481075cc8ee566,fix,2026-06-10T12:23:07+00:00
nuxt/nuxt,3986390b84c5201ba247cd9d22894e393c4c6df7,fix,2026-06-10T12:28:21+00:00
nuxt/nuxt,f7c9c94c716fdc6e843a1b4362a81062751310cd,fix,2026-06-10T12:34:53+00:00
nuxt/nuxt,0c359c6e4d069e3497a4681a59679575571676c7,fix,2026-06-10T14:30:54+00:00
nuxt/nuxt,918af6f1c18b02b17f787d4aed52539c8b399452,refactor,2026-06-10T19:27:11+00:00
nuxt/nuxt,6198010b36503a23752607e1d220b6eda7d2fb10,fix,2026-06-11T09:06:35+00:00
nuxt/nuxt,9fc1d85683c35d8c999418bf68c715ba01cc742c,fix,2026-06-11T18:52:59+00:00
nuxt/nuxt,06cdf6d5fa9e6c949f3b793347e600958bcf59dd,fix,2026-06-11T21:29:49+00:00
nuxt/nuxt,c8d50b807fe38b6e5995c6425b8bb4cbbedf94c0,fix,2026-06-18T13:00:17+00:00
nuxt/nuxt,51a03bedc3aa3e916ffccb8715a4e27621352ecc,fix,2026-06-20T08:39:00+00:00
nuxt/nuxt,9208a469a0f38b3b8d2dded8ac42d3002d05229a,refactor,2026-06-20T10:08:20+00:00
nuxt/nuxt,8cebb6e3c3f59542d6dc02e33ba82a09d49315ed,fix,2026-06-22T18:42:30+00:00
nuxt/nuxt,b2783c4c443fcf49c54717936f07c54279cd710c,fix,2026-06-22T19:29:22+00:00
nuxt/nuxt,b4d504627c64c3c7cad7a8cba9c09958862ccf1d,fix,2026-06-22T20:01:06+00:00
nuxt/nuxt,fb0554f6c00c354fd38aff6ab1bb7d6957344506,fix,2026-06-22T20:47:36+00:00
nuxt/nuxt,d4a156bd6110d49b0ad701836ada3c3adc8d7c09,refactor,2026-06-22T20:58:27+00:00
nuxt/nuxt,2f7fe2b01afc7641cfb4dc15f84b2f10d579ed38,fix,2026-06-22T22:39:07+00:00
nuxt/nuxt,9083718251dee6cdbe192602d17aa5e9c3622d70,fix,2026-06-24T14:13:41+00:00
nuxt/nuxt,3269b86844054f5db122d67f54eb00b9656f786c,refactor,2026-06-25T06:11:15+00:00
nuxt/nuxt,893860e7eb0d524d8d0b898c4df6f9fbc95e7e27,fix,2026-06-25T14:29:15+00:00
nuxt/nuxt,4909725e8af596fe45d2366c824eb085194ad6d6,fix,2026-06-25T14:55:34+00:00
nuxt/nuxt,14495bd6ae738978d5da4732bf58cf5211914157,refactor,2026-07-13T13:16:06+00:00
nuxt/nuxt,215dcea6cb5ef0fff4151e0e72dccfdbf128a815,fix,2026-07-14T10:31:30+00:00
nuxt/nuxt,c437915cd68099368f25944f568f789dee86445a,docs,2026-07-15T06:26:19+00:00
nuxt/nuxt,58223f17d929dc2dacaac01a1c0e75aa6f58bdd9,fix,2026-07-15T10:58:30+00:00
nuxt/nuxt,cc313d1aa647ff0e277cf4dafeb1ea6398ecc87f,feat,2026-07-15T13:23:49+00:00
nuxt/nuxt,8d22653284c91b538236da02ddeec0e6f00fe311,fix,2026-07-15T18:03:39+00:00
nuxt/nuxt,9f4301450bba12839328b204537868bce51d2c15,docs,2026-07-15T22:36:05+00:00
nuxt/nuxt,166dcf8a9b227a5049c7366cc2ff2f057974a22a,docs,2026-07-15T22:59:36+00:00
nuxt/nuxt,d3616e78c5dc8c7f4cdb6999d0562ebfb43b3668,fix,2026-07-17T12:28:02+00:00
nuxt/nuxt,f43632213c9817052e00a55e50c2e21885807e8e,fix,2026-07-17T12:37:26+00:00
nuxt/nuxt,e5577fad45a9ad0a5f3c5c321cdbc6359ca3a389,fix,2026-07-17T13:01:48+00:00
nuxt/nuxt,7874b5229f1b3e1c4c4c8a3f07fd7d7d66eda69e,docs,2026-07-18T07:22:42+00:00
nuxt/nuxt,2a6ab991ad52bca658ad010633dea8231bbb5722,docs,2026-07-18T07:22:56+00:00
nuxt/nuxt,dab92c29417156b8c77bfb8774ad59b69707f0e2,fix,2026-07-18T11:06:38+00:00
nuxt/nuxt,e985b20bcea7be77e96a165493aa914a10cd0573,fix,2026-07-18T16:36:44+00:00
nuxt/nuxt,0fb77d6b176d979b4c052339895f4292247f0bdc,feat,2026-07-18T17:08:03+00:00
nuxt/nuxt,341f5b347f00ce96c31e8c475712e9c988047f90,docs,2026-07-18T18:47:10+00:00
nuxt/nuxt,09237ba021dcec3012258a40a8c44927fdd6e5f1,fix,2026-07-18T22:50:26+00:00
nuxt/nuxt,8d47e722f71636e90249acbba9c4de5812b9af85,fix,2026-07-19T09:40:57+00:00
nuxt/nuxt,61a2183bcae41feb1a921be8acd86893dd35f54b,fix,2026-07-19T10:21:29+00:00
nuxt/nuxt,42ae7b4d6eca25d2a75fd938a67da8397a25d00e,docs,2026-07-19T12:20:55+00:00
nuxt/nuxt,547dcdecc6fa87a7dae112a4096f13992fe2105c,fix,2026-07-19T13:28:39+00:00
nuxt/nuxt,5a4614be479263a3eb95b235a0cddda1ddd622d4,docs,2026-07-19T13:28:54+00:00
nuxt/nuxt,20009ea50e70b45689c4aad7f2242de390cd9a48,docs,2026-07-19T13:37:18+00:00
nuxt/nuxt,da59c63603e715e3b189984933f6b31633be27de,fix,2026-07-19T13:59:13+00:00
nuxt/nuxt,86847305f11cbd72018ae117137345b0bc89bcd3,fix,2026-07-19T14:29:35+00:00
nuxt/nuxt,391c2b1ae1958bffbc90e7afe30452e315db72b8,fix,2026-07-19T14:44:42+00:00
nuxt/nuxt,98b91236a935ac4beeecef199694061e2532a750,docs,2026-07-19T18:26:15+00:00
nuxt/nuxt,0a128b24057cbd8a394b2cb029af0a0f9ce30f62,docs,2026-07-19T20:01:08+00:00
nuxt/nuxt,710d4e85f1433566279ae2b22ea02b8d8dc38a5c,docs,2026-07-19T20:35:06+00:00
nuxt/nuxt,b4bce8bdf4471b059bb9d1276603f31beadbd604,docs,2026-07-19T21:11:31+00:00
nuxt/nuxt,9f8468b9f34790597e9e2889cc823267f9f00e4e,docs,2026-07-19T23:38:16+00:00
nuxt/nuxt,ee03887e2609e650c93037227cd2e7725036c81d,fix,2026-07-20T00:14:42+00:00
nuxt/nuxt,1ac3406c317ae6c377935ffec1c848a20ac487a1,fix,2026-07-20T16:48:20+00:00
nuxt/nuxt,ba42831bdd113f105b1fb3cc28a8a077f32af4df,fix,2026-07-21T17:58:10+00:00
nuxt/nuxt,5598761345c38285d281672755121e221d983e75,fix,2026-07-21T23:19:15+00:00
nuxt/nuxt,1baef5be61cb91f53d69eae188edef305db863bb,fix,2026-07-22T15:06:34+00:00
nuxt/nuxt,30ee274ecbd1a5c449e64d6fa7a8ae79df74452c,fix,2026-07-22T16:37:49+00:00
nuxt/nuxt,482f335744ed046a2682a6e4350ee77772c8e286,fix,2026-07-22T18:32:57+00:00
nuxt/nuxt,c8d21ccee6eb8439b69e50f4b7e188cb5a7e0f83,refactor,2026-07-24T07:46:53+00:00
nuxt/nuxt,99bf45c47952dac66cb97d7ad760a5ca264ee41e,fix,2026-07-25T21:15:26+00:00
nuxt/nuxt,6eeeb74f6c9fe4d1a341d656003da627bcbee7fd,fix,2026-07-27T09:44:08+00:00
nuxt/nuxt,9ee83699b1010c81263d1d4e2d1d293796a99c20,docs,2026-07-27T09:44:08+00:00
nuxt/nuxt,bc45c9eacc1b5128d320dc9d1349f15d858cb4bb,docs,2026-07-27T09:44:08+00:00
nuxt/nuxt,1e3328760d6f6ba97bd74ecceab6fd3beac8fbb2,fix,2026-07-27T18:36:31+00:00
nuxt/nuxt,bc11b4f949e278b39bdb00d9d046b892d35575ea,fix,2026-07-27T19:56:13+00:00
nuxt/nuxt,8b68f17a7114b607fd2f8d9f15d0108b218f01ec,feat,2026-07-27T20:50:30+00:00
nuxt/nuxt,0893ab08512dee859b588bf4f96cdde75805b739,feat,2026-07-27T20:50:57+00:00
nuxt/nuxt,4ed63e643099979be6d62d2e246bbd81516b62ef,feat,2026-07-27T22:01:18+00:00
nuxt/nuxt,b118e43544712bd73d8bdb5744b6bca9336257d5,fix,2026-07-27T22:46:37+00:00
nuxt/nuxt,faa9f8c1752fe95c4cbb748675dc80859d51439a,feat,2026-07-28T08:47:35+00:00
nuxt/nuxt,1085411b7596b7a96702d67c58b42250b9b7cd9e,docs,2026-07-28T13:25:00+00:00
nuxt/nuxt,0a498e6acf77616b841dbd3164f5f24e32c30fb1,feat,2026-07-28T18:23:01+00:00
nuxt/nuxt,92ba6a0ff9e4210c8380e4c4c293d47f49ad1ec3,docs,2026-07-29T00:00:37+00:00
nuxt/nuxt,695b0bb42a78f1c4584a150178bf21a6642b6c42,fix,2026-07-30T08:41:57+00:00
nuxt/nuxt,5ac03b52e668745b690a02085c42dbea5281a020,fix,2026-07-30T10:41:43+00:00
nuxt/nuxt,3d12b78784a110d6ae01a6ca267490bc77824c98,feat,2026-07-30T12:05:41+00:00
nuxt/nuxt,17513f4130c4feed5b0ce535368bbb44d698979c,fix,2026-07-30T13:10:30+00:00
nuxt/nuxt,3ffd52368ca191e2c68c792fee59c55d94866c86,fix,2026-07-30T20:31:59+00:00
nuxt/nuxt,c429b54ca8edd310ec4b787bb90d359e11c470ea,fix,2026-07-31T09:22:02+00:00
nuxt/nuxt,a837859e59e0301fff22b0619bf22bf0d1a2165c,fix,2026-08-01T13:05:49+00:00
nuxt/nuxt,425006fca5e92bf9ebf4a014eb1d135eae40400b,fix,2026-08-02T09:02:11+00:00
nuxt/nuxt,f52ca306b3dccad898ad1486fa7770e34093c664,fix,2026-08-02T09:23:04+00:00
nuxt/nuxt,f42a49850127f171ba31f5c0627a3e383843f942,fix,2026-08-02T12:54:18+00:00
nuxt/nuxt,7e617f3e010caac5b66f8961cf5d8decd5fc9c65,fix,2026-08-02T13:57:12+00:00
nuxt/nuxt,7d873a55abe33aec8b9632ea99888faab2e81dcf,fix,2026-08-02T20:40:09+00:00
nuxt/nuxt,a48dcbf9943953ec775fba3e7e7e901e5ec47f30,feat,2026-08-04T10:07:38+00:00
nuxt/nuxt,dffe5c0ad6d4f080faa519628b4735903e47d008,docs,2026-08-05T15:47:26+00:00
nuxt/nuxt,dc2b13f1ce43ea7ccab96ba08fe77c17185518ae,docs,2026-08-05T17:14:44+00:00
nuxt/nuxt,a0390e2e6d8eb6ed9118819362bf570d322eef9a,refactor,2026-08-08T07:32:40+00:00
nuxt/nuxt,614b3eb4722318ce74ff5a9b773e62e9df4d5cb4,fix,2026-08-08T11:46:30+00:00
nuxt/nuxt,67f87d157edacd21c16726b2faef9d799cd11aeb,fix,2026-08-08T13:38:09+00:00
nuxt/nuxt,d21419494600aa654a5eeb04092e6127959efe5c,fix,2026-08-11T11:18:38+00:00
nuxt/nuxt,b3becb62263a6ef766843b1f878bbfa6a1423f61,fix,2026-08-11T21:24:09+00:00
nuxt/nuxt,e6beffb056e4d49861d7e46b010e98d157f16d81,fix,2026-08-12T15:28:37+00:00
nuxt/nuxt,79ef035fe078f28633157c3746f85f0c8d015ba6,fix,2026-08-12T15:30:00+00:00
nuxt/nuxt,6c0b63221e998a40740b862d0fcd2aa9c90d1888,fix,2026-08-13T06:19:41+00:00
nuxt/nuxt,0dbe77c6cd03a16972ee7f1ae7348c4e1e294638,fix,2026-08-13T20:48:51+00:00
nuxt/nuxt,d62847af004f48832d8913f09b6f3e3f98378124,docs,2026-08-13T20:53:59+00:00
nuxt/nuxt,1397500a4f951d337ac49a3f60ca71fd1bddf91f,feat,2026-08-14T07:19:11+00:00
nuxt/nuxt,684f51fa97e1d44c96db454743f39f5d81ea223b,docs,2026-08-14T11:03:47+00:00
nuxt/nuxt,c339b58daf652c525a3ba44ac758631d6211d2a0,fix,2026-08-14T11:04:13+00:00
nuxt/nuxt,2fb860f99b6e38229acefc2277823580e1114ea6,fix,2026-08-14T20:29:21+00:00
nuxt/nuxt,d8ec47ff939f4bff11277afb8588c4bfc171a086,fix,2026-08-14T20:45:57+00:00
nuxt/nuxt,52bfb5893ee905e463f861457b746e64c69c167d,fix,2026-08-14T20:57:09+00:00
nuxt/nuxt,52c9af0ca33c2d8ded492f480db3805abd68ba27,fix,2026-08-15T08:19:30+00:00
nuxt/nuxt,05d7a7076d480e6610e3a9a6193dbf0d29706c7d,fix,2026-08-19T10:31:36+00:00
nuxt/nuxt,dd6b22841c8f7107ded5c97142bb60a48dfbb8b4,fix,2026-08-19T12:31:24+00:00
nuxt/nuxt,0b89a4b606b049d97bdd439048c50085cbc58869,fix,2026-08-21T22:40:02+00:00
nuxt/nuxt,22dcd09111cc4390ef490daa730eae951b5d9fd2,refactor,2026-08-21T23:24:42+00:00
nuxt/nuxt,4d38f62e4f60917a6e6ecfb6d3ffdc89ea82caed,fix,2026-08-24T09:08:56+00:00
nuxt/nuxt,e0deb2cd13fea2642a4400855fe2607dbc9e48f5,feat,2026-08-26T14:52:22+00:00
nuxt/nuxt,b3e359df3f3e5d1e6b9864f586b7669bfc2a0fe2,fix,2026-08-28T12:05:42+00:00
nuxt/nuxt,cc1c75245d180dcd2ffd6785d7a9d9fa21bdf4b1,fix,2026-08-28T17:48:59+00:00
nuxt/nuxt,2c53c191076974ba23e62030e10e5e88753572e9,fix,2026-08-28T23:07:21+00:00
nuxt/nuxt,ed6b0afcfee4de9b764d05f6fec2e743dde02322,fix,2026-08-28T23:51:13+00:00
nuxt/nuxt,7eacddbc06023ec5ba17b39a447243f0416f57c8,fix,2026-08-29T13:10:35+00:00
nuxt/nuxt,be70a549b098f46795df261054a975ac84896c37,fix,2026-08-29T15:19:41+00:00
nuxt/nuxt,06b691a8fd141e1d4c82792ebb635996af3f3b45,feat,2026-09-02T07:57:35+00:00
nuxt/nuxt,e52272e559e198896c1bbcb14651b4d0327cb294,fix,2026-09-02T08:11:54+00:00
nuxt/nuxt,12a9deb7229f15ccdec5f83a6b113983224691e0,docs,2026-09-02T15:57:41+00:00
nuxt/nuxt,3d3bbba4eeafd40db5de1576149837f28273bb86,feat,2026-09-04T19:18:30+00:00
nuxt/nuxt,134d95c2a803cf820c89b39d00d07f3a57c0e5b5,fix,2026-09-05T07:17:32+00:00
nuxt/nuxt,2fab931dba18a923450358df2e15f5a7ce9ae850,fix,2026-09-05T07:17:32+00:00
nuxt/nuxt,5e9dc0cc75d2a3b817db5c23e282a494a17a7439,fix,2026-09-05T07:17:32+00:00
nuxt/nuxt,e9ec3cc86c40dfbcd8dcd4cf9dc4e9dfb0badd14,fix,2026-09-05T07:17:32+00:00
nuxt/nuxt,0be903bba717466abd7b5b581ba47646f056e675,fix,2026-09-05T13:09:12+00:00
nuxt/nuxt,6fa7520d08f818d91653da8984673ee25377a351,fix,2026-09-05T14:25:37+00:00
nuxt/nuxt,c1cde964a9bf0f925c6452d4f9ede3280e71e19a,refactor,2026-09-06T08:43:51+00:00
nuxt/nuxt,255431a54f6c45bb96c19d56c7ebb9e5467431ce,refactor,2026-09-06T15:27:11+00:00
nuxt/nuxt,8276c7e77db9f731ca71b52b02ecffc52198640e,feat,2026-09-06T17:06:58+00:00
nuxt/nuxt,98bec0f73a1710d48224a4f30e2bfc7ee6375da3,refactor,2026-09-06T22:01:33+00:00
nuxt/nuxt,bf96e325125ee27672a887b1ca4b3f6794eb876a,feat,2026-09-07T08:38:14+00:00
nuxt/nuxt,c7f76f6fb097be92bbae271a03032406868cf385,fix,2026-09-07T11:31:08+00:00
nuxt/nuxt,47c9b8bfc66fd0fd510b0530308f0d70d5686505,fix,2026-09-07T14:45:32+00:00
nuxt/nuxt,3a30df7292600c7778053c9434c7536fd612747d,fix,2026-09-07T18:54:26+00:00
nuxt/nuxt,963c819f74ae41190f9cf31e005918ae8eaf218d,fix,2026-09-07T19:12:29+00:00
nuxt/nuxt,96ce651a9487e70d50232b66d4e18da65bddba55,fix,2026-09-07T19:19:18+00:00
nuxt/nuxt,466982d17a503d2bad724986df5e9cc707c8dafe,feat,2026-09-07T21:05:39+00:00
nuxt/nuxt,8a3205f73d93e018af571f10b6daa42d74d27598,fix,2026-09-08T07:00:47+00:00
nuxt/nuxt,844cbf9081ff213cec680ddf8a052e49eb0a5143,feat,2026-09-08T07:13:05+00:00
nuxt/nuxt,0d9a678a11dd2c6c21081ad6462952521d779be9,fix,2026-09-08T08:19:01+00:00
nuxt/nuxt,c6911b1009dbc44c993d314898a1a4aee9b835d6,fix,2026-09-08T10:35:09+00:00
nuxt/nuxt,2923df843d4350693d2c78a51fc11120095fb7b3,fix,2026-09-08T17:11:48+00:00
nuxt/nuxt,8ca2314f9a5ba430f893f2f4e87899ee9a175d7c,refactor,2026-09-09T08:17:17+00:00
nuxt/nuxt,1c20ad96e5cda30be9931b410ccc9d333920bec9,fix,2026-09-09T08:53:24+00:00
nuxt/nuxt,7ab63d4b24a6a93c6d71e40a7fa6320f57bdb3bd,fix,2026-09-10T19:44:34+00:00
sveltejs/svelte,cb4a46d33ff4d73c80e132b61dee9e8927bfdf48,fix,2018-10-30T17:32:12+00:00
sveltejs/svelte,d236a4ad0b6f87c2e6e61563f800b01c8731700e,fix,2018-12-09T03:04:36+00:00
sveltejs/svelte,a68abb8a9a2cb139e8256fdb8ab646e2826bf301,docs,2019-04-02T18:38:19+00:00
sveltejs/svelte,e93eb6fbb2fee4b4abd5ace75a9d4dd981fbcc99,docs,2019-04-07T06:09:52+00:00
sveltejs/svelte,dba6e5efadb8aaf86ca25022cd3279bb4ea42434,fix,2020-06-02T18:40:45+00:00
sveltejs/svelte,dc73b735ceab2d1ffaac62218b0260bc90f1f370,docs,2020-06-23T14:53:49+00:00
sveltejs/svelte,3dfb17873992c8543e1b04b79533ed4896680bd1,fix,2020-07-07T14:47:40+00:00
sveltejs/svelte,8f17d6c78c7de1af54b8eb5ccffc68c78708d26b,docs,2020-08-12T20:05:59+00:00
sveltejs/svelte,84ac3a53d53a84194cd9f121a27809a60764d6fc,fix,2020-08-31T00:08:24+00:00
sveltejs/svelte,ae971f80ae11659c8885748a5aeaac82eb5ec17b,docs,2020-09-10T19:31:28+00:00
sveltejs/svelte,4b59491ea4db972e45b7eff679e73db5857c0006,fix,2020-09-10T19:49:57+00:00
sveltejs/svelte,3fa15b96887f5fc4e3ee038ed53d235ea7676663,fix,2020-10-01T15:11:38+00:00
sveltejs/svelte,ebbbc0d298a0cdd2d7e9991f3135e03fa1208f16,docs,2020-10-04T11:52:56+00:00
sveltejs/svelte,9e0556cf70f84d2f4089eccc073afd10d2088229,docs,2020-10-28T16:23:47+00:00
sveltejs/svelte,169fd8497c6dc97f989ccf5b564f69769f5bf335,docs,2020-10-29T20:24:39+00:00
sveltejs/svelte,4e114d3b0dc0404ed9a71021113b6bfa174457ff,docs,2020-11-09T14:51:26+00:00
sveltejs/svelte,daec25604f16362315389bc660781fa9a2db00b2,docs,2020-11-18T14:41:47+00:00
sveltejs/svelte,96ac898370971e5f993e6556bd96fc2ac38139e1,docs,2020-11-18T17:24:43+00:00
sveltejs/svelte,945f741298f54540531b1c4370ab786b5a78f107,fix,2020-12-24T22:46:39+00:00
sveltejs/svelte,55b11b0664ba176cc7af3f7fdeb9dac00a2bc6e6,docs,2021-01-26T01:50:53+00:00
sveltejs/svelte,87417e5a7b1bc3c75f50b99550f7cc75a3c93ccc,fix,2021-01-29T18:31:23+00:00
sveltejs/svelte,ce3a5791258ec6ecf8c1ea022cb871afe805a45c,docs,2021-03-05T16:29:03+00:00
sveltejs/svelte,3b4d53e6111e2e77a74452f0bf9a835467f93dc3,fix,2021-04-09T15:32:17+00:00
sveltejs/svelte,a55295de8ceea6cb0506652ae64dd98f912e26ce,docs,2021-04-12T00:01:41+00:00
sveltejs/svelte,842b8412b6759e49ae4dd720789cf0c52c28c233,fix,2021-04-30T15:55:38+00:00
sveltejs/svelte,4acfb053157caa063cb6405673e03e0c513e8eac,docs,2021-05-29T16:44:42+00:00
sveltejs/svelte,8184bd52197602ef9ac51d51c4d49cdef6b65cfb,docs,2021-05-29T17:31:11+00:00
sveltejs/svelte,ad29604d6b46833e724e0d716cbf0158eec65ba7,docs,2021-05-29T17:46:20+00:00
sveltejs/svelte,e27d71f0cf5b46ebb4b93314d4a13b2ce57a3682,docs,2021-05-30T10:33:20+00:00
sveltejs/svelte,228832c9a3a6fdb8c11cdbb942444734686a04f6,fix,2021-06-22T15:03:08+00:00
sveltejs/svelte,2c488f4d61bb6c8d9d6c86f0c735cf81cb05bb3a,docs,2021-06-24T14:03:13+00:00
sveltejs/svelte,f99deeb67b89687b4daf94416ceac7747f3eab7f,docs,2021-06-26T18:18:09+00:00
sveltejs/svelte,7115601cd39f7b1916ef99babad66ee11a6ba4cf,docs,2021-06-26T18:23:30+00:00
sveltejs/svelte,0e18b1311ed1cdfe73eb8091093000988102d203,docs,2021-06-27T16:05:53+00:00
sveltejs/svelte,b06474eb49d828b554443375b63aff1b7889b685,fix,2021-07-03T23:18:01+00:00
sveltejs/svelte,2842227cf0d7eaf43f508dd3eb53bf6fcfed36b3,docs,2021-07-08T13:55:03+00:00
sveltejs/svelte,64c162c6b7586d529fca27209c63762fbcb0e615,docs,2021-07-08T14:48:49+00:00
sveltejs/svelte,5334f4ad1b12bb1c9ca3eee5d8cd063eea9695e7,docs,2021-07-10T04:16:37+00:00
sveltejs/svelte,172f294cb67b98b863c5116669997f336a24b97a,docs,2021-08-03T22:19:56+00:00
sveltejs/svelte,db3101fa244eca34437d9a6751fd29ee88809d33,docs,2021-08-15T16:28:49+00:00
sveltejs/svelte,8868bb2f1e1870d44b22c99fd5c254a784ddd372,docs,2021-08-15T20:24:17+00:00
sveltejs/svelte,a232d68a412ee4415d5c6cff339429f3676283d2,docs,2021-08-15T20:27:43+00:00
sveltejs/svelte,e5c04bfd2fd2e04972f23194982824053ebc6429,docs,2021-08-17T19:58:13+00:00
sveltejs/svelte,791e40d0703ad0e5e71f7df61e03c5aeff63a919,fix,2021-12-03T14:55:15+00:00
sveltejs/svelte,dc06ea916ea73209d827d51c6ced6cc9f8f3dc4a,fix,2022-01-14T17:16:34+00:00
sveltejs/svelte,e2adf6a211ed7993a79c4745bc1724a6e57aac51,fix,2022-03-03T00:55:02+00:00
sveltejs/svelte,82013aa1610e9d8c73064e449d3b2c1304987896,feat,2022-09-13T13:22:10+00:00
sveltejs/svelte,146e7a6310627d4599bb60760d573dffa5d1d2ce,fix,2022-10-20T18:04:35+00:00
sveltejs/svelte,ae2a089221c3c7316db3138394f61dff6aae9c6f,feat,2023-01-25T09:07:21+00:00
sveltejs/svelte,df2bb23af421559dba96cd1f4cc3ae5540988e81,feat,2023-02-16T11:07:44+00:00
sveltejs/svelte,339ea85d558e74df3a8b97966bc224b6be2cb917,fix,2023-03-24T11:58:15+00:00
sveltejs/svelte,35e7a852fce792bc8e9f277d1224d3339446fc9e,feat,2023-03-29T12:07:21+00:00
sveltejs/svelte,9793b418177488807f5fa0480448117388e78856,feat,2023-03-29T12:10:31+00:00
sveltejs/svelte,5976de8f826450b68f2f9b833ca73b21fd1712a5,feat,2023-04-02T14:35:10+00:00
sveltejs/svelte,b569018feffea8cd9e4e785598554a9f3eecef70,feat,2023-04-03T18:18:50+00:00
sveltejs/svelte,beb3f653ee0b51552c3a914e64e693c2806da540,docs,2023-04-03T22:29:39+00:00
sveltejs/svelte,ec733593e6165fa51c4a2d8a4c9cb973549cef0c,fix,2023-04-11T17:48:26+00:00
sveltejs/svelte,45f2890261a8e8e120a9cbf4b10d653aab2347dd,feat,2023-04-17T23:34:46+00:00
sveltejs/svelte,3b4ab35b4e57f5252eeb4d8f6dd9c3b5627e931a,feat,2023-05-09T16:09:07+00:00
sveltejs/svelte,b9ea60cff4c13cb7a254bf8c9166b8ed7f698955,fix,2023-05-10T02:54:10+00:00
sveltejs/svelte,9bee59cc4f0869a16d94adeb8ee6164077c3be4e,feat,2023-05-11T08:48:57+00:00
sveltejs/svelte,52028a09ba2257089efbc664f46ac3f7de5fbb85,fix,2023-05-12T15:39:15+00:00
sveltejs/svelte,5a671cbfc0f7d1a60befb6a4b07af1f16006fe00,feat,2023-05-12T23:53:15+00:00
sveltejs/svelte,1e2ad9233e8c72a3373630f49eb5207483efee6b,fix,2023-05-13T06:35:49+00:00
sveltejs/svelte,21a0141b8cd4bc8c1c4a5847642bfefcf2c30211,feat,2023-05-14T05:43:44+00:00
sveltejs/svelte,bb0d34bbd0fdd651a93989616d7abb135b906335,feat,2023-05-16T15:18:44+00:00
sveltejs/svelte,543e93bcf41e0940fd676248d259a3e37ab861f9,fix,2023-05-16T15:20:05+00:00
sveltejs/svelte,273c7318d2d14066a423190b4bf7da35ed2a87da,feat,2023-05-17T11:44:38+00:00
sveltejs/svelte,3067e7a1aaf2a87dc2c9a50e9c22a507da1cc51d,docs,2023-05-18T15:33:15+00:00
sveltejs/svelte,46f71b3ba37628766a03adb9363bf5096f8a323e,fix,2023-05-25T11:07:34+00:00
sveltejs/svelte,993b40201c0593e4b2233c0cbc14f7a562f7f147,feat,2023-05-25T12:49:38+00:00
sveltejs/svelte,cf0d815b73c81cffebf2e9a5c8eb931258a8c333,fix,2023-05-25T13:07:43+00:00
sveltejs/svelte,4cde4eaada79457c2fe11aed3fe8f1392c14d997,docs,2023-05-27T04:15:44+00:00
sveltejs/svelte,38a70bcce1178bf607332fd0d9f2716f3619cc47,fix,2023-05-30T19:26:56+00:00
sveltejs/svelte,aa5bb4a3db85005b4507927cec7ffc6de944d9c9,feat,2023-06-12T16:29:34+00:00
sveltejs/svelte,9d33d14ed4ea4809afeaacb42d71fd172e6c25ac,fix,2023-06-15T20:26:21+00:00
sveltejs/svelte,4e569d18953458d84a8315c8137bb0105c61a3ed,docs,2023-06-16T13:08:05+00:00
sveltejs/svelte,aa8cc5d26ff569d4d2b7ea552f87ef89a9d29b51,fix,2023-06-16T20:12:35+00:00
sveltejs/svelte,ae38d6425e8c2e7b4c797e61e15efea4cc85c0dc,fix,2023-06-17T07:02:43+00:00
sveltejs/svelte,cc82d5ddcb43f7037efbac98d2eef70a5c0fa22e,fix,2023-06-18T19:12:00+00:00
sveltejs/svelte,75917ee1a5744f116ed0868f32ccf2d22ab0ebc8,docs,2023-06-19T09:55:14+00:00
sveltejs/svelte,54f72f45453b079d9969ce35bd6be097f6087f3a,fix,2023-06-19T15:58:35+00:00
sveltejs/svelte,88504ee90a4354222e6d8b0a3960fe935731c2c8,docs,2023-06-20T07:31:31+00:00
sveltejs/svelte,78749101e765e0325d51fe5ce2d044244c3e9705,fix,2023-06-21T07:49:58+00:00
sveltejs/svelte,fe60894066e45fbf84815a12a21512100d5b969d,fix,2023-06-21T15:14:26+00:00
sveltejs/svelte,be5742aefe35423c6335fa685769fe6a2caf28d0,docs,2023-06-21T22:00:04+00:00
sveltejs/svelte,cf32fa24975bc2d25d740f4f2047b0d65a8b4251,fix,2023-06-21T22:12:58+00:00
sveltejs/svelte,22cc4756e0864d6506ab4399917e17e9e08bd2c0,feat,2023-06-22T01:09:20+00:00
sveltejs/svelte,3c8a07136a1a9faa2ed7a39e16bec3f517d4059d,fix,2023-06-22T03:12:09+00:00
sveltejs/svelte,b582baa5701c5585f227f6c1fe534efea0247cc1,docs,2023-06-22T07:57:15+00:00
sveltejs/svelte,5702142d9e5cd5708d361195dc64bd10744900e0,feat,2023-06-22T08:48:23+00:00
sveltejs/svelte,ef1b98f9d9c11c4eee97bce2441997c117e0c560,fix,2023-06-22T09:59:28+00:00
sveltejs/svelte,3d21b00fa1b77afb4abaf10b44d0b62b59675b8c,fix,2023-06-22T12:14:21+00:00
sveltejs/svelte,23fc113d31d3517516870a0758dbb0647ea03e9e,docs,2023-06-22T12:46:34+00:00
sveltejs/svelte,0b09e1f4d019b136e68240901d2e32a87c331dac,fix,2023-06-22T13:07:06+00:00
sveltejs/svelte,8905877bab4a527bc8e4ae75997c6e361abb18f3,fix,2023-06-22T13:17:29+00:00
sveltejs/svelte,d78dd892304e52b12c2b54fb785d5f6249f10fce,fix,2023-06-22T13:31:08+00:00
sveltejs/svelte,08fe2bc5962fff59ea6042e149e81ded0068be34,fix,2023-06-22T18:12:43+00:00
sveltejs/svelte,ea18bd7e9851e979d11d79a821939137bab26538,docs,2023-06-23T10:22:32+00:00
sveltejs/svelte,5ddf4ca779042be3a11423ad02204e71ede6a0ca,docs,2023-06-23T10:23:18+00:00
sveltejs/svelte,94cfdbcee168f2474a010c849c80f89e465f5080,docs,2023-06-23T12:43:43+00:00
sveltejs/svelte,a29feeca251b4c2b03ddb5f7b6759a79cc84b87c,docs,2023-06-23T12:44:33+00:00
sveltejs/svelte,a83e438b5e43c4012ed7a391968dc196ca88f0a3,docs,2023-06-23T12:49:36+00:00
sveltejs/svelte,037ac2f55a4bd78f8f2865bf5c2e3bf2e22991f3,docs,2023-06-23T15:20:40+00:00
sveltejs/svelte,7bab2d40337d8c7f933ab21226f73ef9c4914b85,docs,2023-06-24T22:59:38+00:00
sveltejs/svelte,223db7f19dd509253a1823fae17400d3e536ee74,docs,2023-06-25T14:06:06+00:00
sveltejs/svelte,d3297e2a2595db08c85356d65fd5f953b04a681f,docs,2023-06-25T14:06:46+00:00
sveltejs/svelte,abe2ee73e1253501819287d638763f0aa65be4fa,docs,2023-06-26T02:58:47+00:00
sveltejs/svelte,bbcb5f58ae99e1851469388dbfb6a1c3c8d91c37,docs,2023-06-26T08:44:29+00:00
sveltejs/svelte,e887c21e514f8065ecf1028ce3bb4af308f38941,docs,2023-06-26T13:51:28+00:00
sveltejs/svelte,c0d92628ddd1f90e69e8e1598a3d04988b26b197,docs,2023-06-26T15:40:28+00:00
sveltejs/svelte,3576c7443e71bbec2a559e588d9125bfb2980c95,fix,2023-06-27T06:22:08+00:00
sveltejs/svelte,e3422e182bab59fcecee435d5b0f160180db6a29,docs,2023-06-27T06:27:59+00:00
sveltejs/svelte,2b9b99bd35d00a57959799036a5b554b19e044df,fix,2023-06-27T15:17:03+00:00
sveltejs/svelte,1c7ed55385146f365396c577fd70fdb680308bf8,docs,2023-06-28T09:23:01+00:00
sveltejs/svelte,876f894c6417e61aacd8d582a7900755570006b1,fix,2023-06-28T10:29:03+00:00
sveltejs/svelte,1cfed0bf2980567787edd1d813f6ce50eaf3f033,fix,2023-06-28T10:29:44+00:00
sveltejs/svelte,b0a3fa176633ffc0c9d8103f5908563dfe92d595,fix,2023-06-28T21:56:40+00:00
sveltejs/svelte,1a3e50b6b7ebb4628446c4f852880e52c14213cd,fix,2023-06-30T08:57:40+00:00
sveltejs/svelte,cfa5447ea5df1702ae058d10f08975a412ea1515,docs,2023-06-30T17:00:39+00:00
sveltejs/svelte,d2ff04f9fe2f781ea3fbd9f5744f76b28419aefd,fix,2023-07-03T12:22:00+00:00
sveltejs/svelte,4b3eb72346090aab957fd8fc246566c85e8ae38e,fix,2023-07-03T12:45:13+00:00
sveltejs/svelte,d4a1b5482f62f21af0e732b8808f240f0592fe5c,docs,2023-07-03T13:36:09+00:00
sveltejs/svelte,d8a381e049af325fd939d9d8f8e11149765cd60e,docs,2023-07-03T15:15:52+00:00
sveltejs/svelte,58e95c6acae9fa333bf480ffbe72748727ba7f75,docs,2023-07-03T20:31:20+00:00
sveltejs/svelte,8de9dc61447fbad9d0984ffaa9434ce3f9655c16,fix,2023-07-03T20:50:23+00:00
sveltejs/svelte,136aebd8eb265780e8ccea637b698257fe4a6a2f,fix,2023-07-04T20:41:51+00:00
sveltejs/svelte,d516bb06e10b27d3de8641ae2f93b01fe21461e0,docs,2023-07-05T09:06:11+00:00
sveltejs/svelte,bb5d3948edead11ec5bd4be25b5108452c087a43,docs,2023-07-05T14:12:59+00:00
sveltejs/svelte,0a2732a2b0be45121b772f8de5e271439e3bd888,fix,2023-07-06T09:38:24+00:00
sveltejs/svelte,76baa078792f52df53ea302042c397cb84403f48,feat,2023-07-06T12:18:10+00:00
sveltejs/svelte,70426be84a0112f0ca106cc6cc75b2ab6c236dcc,feat,2023-07-06T13:52:57+00:00
sveltejs/svelte,d9529a39e381d96c7da0fb4987d66908db4a3a85,fix,2023-07-06T16:12:16+00:00
sveltejs/svelte,a23fcc0f67fcca2d074738f8cb8fd44ced8b51da,docs,2023-07-06T16:12:40+00:00
sveltejs/svelte,daba0fc9d2858e744f428f4acb7575eaa57fe76f,docs,2023-07-06T16:13:33+00:00
sveltejs/svelte,ff76531bd6b9909b84ecdb05df70bd8444d76827,fix,2023-07-09T02:29:09+00:00
sveltejs/svelte,02099d9d75ca561e96f637d04c3619d73139947a,docs,2023-07-09T02:31:41+00:00
sveltejs/svelte,895709c6a2b9e7672d66b0d0cb065bfcaa085e73,docs,2023-07-10T08:25:09+00:00
sveltejs/svelte,8601195a8566032ed638c402c2b3367714485751,docs,2023-07-10T08:29:24+00:00
sveltejs/svelte,398904894e1b84cb31a4fa41a6baedbbc3d1b608,docs,2023-07-10T08:33:03+00:00
sveltejs/svelte,1d05020f101fedb1378c938a554fbd2699a7bdc0,docs,2023-07-10T15:54:59+00:00
sveltejs/svelte,66593c62f479893fb7fb7cfa8facc8d2b1a59735,fix,2023-07-10T15:55:58+00:00
sveltejs/svelte,258ccf204b304671ae382641e8609ea428963c8e,docs,2023-07-10T19:35:14+00:00
sveltejs/svelte,20dac2ae1219b2aca663e0007c94e361a9d358c4,fix,2023-07-11T16:02:46+00:00
sveltejs/svelte,afcf853b65519ccaf0388b86003132bca0d47a6d,docs,2023-07-13T09:26:00+00:00
sveltejs/svelte,f41ff96c3ae6b18471ffde1649ec5013f0595a6c,docs,2023-07-13T09:50:30+00:00
sveltejs/svelte,c1d3d58088e1079bbd785cf1709256dd78b76024,docs,2023-07-16T07:30:01+00:00
sveltejs/svelte,d2d219f8ca0fd19dd7a076fa812d89596c69bae5,docs,2023-07-17T07:30:53+00:00
sveltejs/svelte,f10ec8350d898784ae146fd9900c58a21c507654,fix,2023-07-18T07:44:12+00:00
sveltejs/svelte,13286cfe42c176ce57b9f5774f8f12f1c8bf9189,fix,2023-07-18T10:03:31+00:00
sveltejs/svelte,479e8744c590c60f3bcab095c23de7d5af44aa55,docs,2023-07-18T10:17:41+00:00
sveltejs/svelte,657f11376cf2ef0cc2f855559a02526a2d8412d6,feat,2023-07-18T16:21:19+00:00
sveltejs/svelte,cb1358cc417effeb2e747f811260936c11b8923d,fix,2023-07-19T07:39:45+00:00
sveltejs/svelte,f8283fbc775d94d2ea081d06153cc1f9d89eea72,fix,2023-07-19T11:55:27+00:00
sveltejs/svelte,a2b6401c43c44454bb30bc785a5b358fe2bdb6e0,fix,2023-07-20T13:55:22+00:00
sveltejs/svelte,60cd0ec950c808673d0838c5f9403d5c31ca48b3,fix,2023-07-21T05:03:46+00:00
sveltejs/svelte,5cd4f7750e694b2ce15c477c2994e0fa6a214daa,docs,2023-07-24T05:02:52+00:00
sveltejs/svelte,a71f3595a35352244cd9b6034fec3cdd72c3de7d,fix,2023-07-24T12:26:06+00:00
sveltejs/svelte,d6abd0a6040a5ef2f2291c60498a5c6653476ea1,docs,2023-07-27T18:50:46+00:00
sveltejs/svelte,ce047651e50c9a14a22fe0bcf42f4da52f31f517,docs,2023-07-28T10:11:14+00:00
sveltejs/svelte,99a3cc93b66bf2c6be551e23101bfdbdb2c6bf72,fix,2023-07-28T10:14:34+00:00
sveltejs/svelte,abf257306b7d534b3ea22113397ece7b0066dfb4,docs,2023-07-31T15:29:15+00:00
sveltejs/svelte,ea2b5700caac669747ad0f0cc3e29e95aefe7710,docs,2023-08-04T09:24:54+00:00
sveltejs/svelte,f4c4d99e136831934364d89f032922881feb7bc0,fix,2023-08-07T07:35:16+00:00
sveltejs/svelte,8b1cdde548b5eaee58380773eaae0d07c29251ab,fix,2023-08-11T12:26:31+00:00
sveltejs/svelte,05f99d20f9030f56b4991d0a07c3919be5f529ee,feat,2023-08-11T13:54:20+00:00
sveltejs/svelte,3597cedbd8c57110a085e718ce44428ab2e385eb,docs,2023-08-12T19:04:51+00:00
sveltejs/svelte,037b6ce312bf5608d9dedfb7807a3e53e684e6e8,docs,2023-08-13T07:56:29+00:00
sveltejs/svelte,da3cc6c0a0a09df780e6479389165f1283424be5,fix,2023-08-14T03:35:42+00:00
sveltejs/svelte,d2ed2ca32918eab7da531a42021946f6149afdc4,docs,2023-08-15T14:07:33+00:00
sveltejs/svelte,ba1e67844e268700406f81188c36d673d6339f35,fix,2023-08-20T10:34:32+00:00
sveltejs/svelte,2d0738244e1eff84b62dc774421966a187802172,feat,2023-08-22T19:22:21+00:00
sveltejs/svelte,bd64f07e985d827b8d475f54e1377a77c2f17677,fix,2023-08-24T14:17:39+00:00
sveltejs/svelte,213db5d20ad1c3e7065171a3f146c1df873dccd9,docs,2023-08-25T16:04:08+00:00
sveltejs/svelte,2691e19b6ba8be75049eb97a40ec2cd93afbb5f2,docs,2023-08-28T14:33:12+00:00
sveltejs/svelte,effeb7abbac6d46455167b93c3b3767163d98753,docs,2023-09-04T06:47:43+00:00
sveltejs/svelte,9073241daa0836fc608ebdcfba8ceeb89a92b3f8,docs,2023-09-15T23:26:19+00:00
sveltejs/svelte,16504d1f5203b6bada19d22175335791e880de16,docs,2023-09-15T23:34:49+00:00
sveltejs/svelte,1a28d58b5d2bda54cae70718f7ac36e45e25b9f7,feat,2023-09-16T14:30:16+00:00
sveltejs/svelte,408ab77420db3ccfc0d3309ec4247cfad2302539,feat,2023-09-18T06:48:35+00:00
sveltejs/svelte,6fe17eabf2acd9316037e95c568da494fd34748f,fix,2023-09-20T07:50:10+00:00
sveltejs/svelte,228dd4d9d74f99d820366d0e3f009ba2946e3d05,fix,2023-09-20T08:02:18+00:00
sveltejs/svelte,93b17c85f71b763e001ce9c665a1343c654aa38a,fix,2023-09-20T08:02:38+00:00
sveltejs/svelte,fa89421301f949c83d9e5e34a1f6e215137cdf4c,fix,2023-09-21T09:05:41+00:00
sveltejs/svelte,050592d2e1862bbb2e2eba11eee2d6e7544ccf43,docs,2023-10-01T05:30:24+00:00
sveltejs/svelte,9ffe07da2fb86c23097986faafd1376315a7ff30,fix,2023-10-04T04:58:16+00:00
sveltejs/svelte,6f508a011bc8051ab9f82cafa97c5292a4453b92,fix,2023-10-06T10:59:22+00:00
sveltejs/svelte,9900c85acf764e43dd686d7522d8e0878235f098,fix,2023-10-18T13:46:22+00:00
sveltejs/svelte,1ed918202533df9891e8ab22b3bc1041a66bae60,docs,2023-10-19T07:27:47+00:00
sveltejs/svelte,16c42cb0850656650653fb71d44c03cfa9e398e7,fix,2023-10-19T07:50:51+00:00
sveltejs/svelte,ab80d9d2143b77935ae2544ddee83cf67ec900b7,fix,2023-10-19T08:03:00+00:00
sveltejs/svelte,c1b72622488abb4f8c658ab1473a064273167239,fix,2023-10-19T08:28:07+00:00
sveltejs/svelte,6b9b8af050eb0eacb9f7891816dff429d6d7238d,fix,2023-10-19T08:28:33+00:00
sveltejs/svelte,4b911045b0805357497e5d65156b3a10c16eb73f,docs,2023-10-19T13:46:51+00:00
sveltejs/svelte,54233adb633e55e11cb3150431027e110af0b367,docs,2023-10-31T02:42:25+00:00
sveltejs/svelte,3a842e3da422de49bafbd10a1f160c33bde82430,docs,2023-10-31T19:27:22+00:00
sveltejs/svelte,2a6f9e3bb71369cc2da335e8b32cec073438d758,docs,2023-11-06T00:40:38+00:00
sveltejs/svelte,ac7505d81bd564f6b1fafc3ad734fb36b9a9773f,docs,2023-11-07T20:54:34+00:00
sveltejs/svelte,00700621bbdfa19f3b5da04d4f733096f320f884,fix,2023-11-10T11:44:57+00:00
sveltejs/svelte,2aacfad9ae620a61547605af6716ffca79e01858,fix,2023-11-10T22:50:44+00:00
sveltejs/svelte,7a84e78b4df1d8a064d40f1467aa5b2af430d7c8,fix,2023-11-12T20:32:57+00:00
sveltejs/svelte,5a6afe546303f569fcaea2deefe1732a2b60d2f7,fix,2023-11-13T17:53:55+00:00
sveltejs/svelte,9aa06bdf9e03dbb024c529825105c54df836b673,fix,2023-11-13T20:03:10+00:00
sveltejs/svelte,7ab03ae36c5b9f46972285033b304ba653ea93ed,fix,2023-11-13T20:14:23+00:00
sveltejs/svelte,da37c928efb5c261af3014c6aae34b5ad28c99b6,fix,2023-11-14T12:36:18+00:00
sveltejs/svelte,73ae5ef5bcec0ef416537267910877617fb77659,fix,2023-11-14T21:27:27+00:00
sveltejs/svelte,e90ded677e64f342067efe18aae38000e8ce0849,fix,2023-11-14T21:55:33+00:00
sveltejs/svelte,f18adc8b439fdec9ce8cc933d04faac072babd92,docs,2023-11-14T23:22:04+00:00
sveltejs/svelte,6f6c3a0787c561f38a89235d2e4a3f282da770ea,fix,2023-11-15T01:05:08+00:00
sveltejs/svelte,9eb969ddd4b41275a8f3bbb9a4662482d2d9bcd6,fix,2023-11-15T10:33:16+00:00
sveltejs/svelte,6f3dc04c824e7ae6e5a2b0524a743d25a8baa496,fix,2023-11-15T11:53:23+00:00
sveltejs/svelte,9ef34247320b99bf0126d34116223077adb4da51,fix,2023-11-15T13:42:06+00:00
sveltejs/svelte,d749685b0fac9e7e934218e5b8766fdf48f22e1e,fix,2023-11-15T17:52:21+00:00
sveltejs/svelte,19f84ca73045ffdc44cc3174b7042d471235395c,fix,2023-11-15T21:21:36+00:00
sveltejs/svelte,c1f6ee096d73c504a9d81fbc3bbf88c202788c28,fix,2023-11-15T21:21:58+00:00
sveltejs/svelte,ede1edd314452a1bfd729503e990cf06e04da641,fix,2023-11-16T22:18:04+00:00
sveltejs/svelte,c827b0c772f2259d85f9e3a2ecfffb90f5974868,fix,2023-11-16T22:22:38+00:00
sveltejs/svelte,687b8f58e35f8fd98974b654289cfac257096b94,docs,2023-11-17T11:14:53+00:00
sveltejs/svelte,1beb5e8dc9e62e7957381e65bf8917f5fde58a91,fix,2023-11-17T11:32:02+00:00
sveltejs/svelte,4418ba6535064c4f04540670ddc50858a2075621,fix,2023-11-17T11:33:11+00:00
sveltejs/svelte,378093941d45259931d0c232a6029f3090184b5a,fix,2023-11-17T13:03:51+00:00
sveltejs/svelte,3b2e6eac9a52a89e9981608dc1c8ba4b20419e0d,fix,2023-11-17T13:04:12+00:00
sveltejs/svelte,9926347ad9dbdd0f3324d5538e25dcb7f5e442f8,fix,2023-11-20T09:54:44+00:00
sveltejs/svelte,95c6b65f6f587809a0563efbc5e7a2a5003888f0,docs,2023-11-20T22:17:53+00:00
sveltejs/svelte,945a90b56cbe6961b73e736ee4bf5b4401037ff3,fix,2023-11-21T08:39:44+00:00
sveltejs/svelte,1bc89b5eb6e745f05fd534b45dc62b2d269f05f2,fix,2023-11-21T08:49:36+00:00
sveltejs/svelte,c011db178bdda07bc089b85fa3efb9ebd4880639,fix,2023-11-21T09:03:14+00:00
sveltejs/svelte,da15806136f6124745ebcb8bba119948e5cfa278,fix,2023-11-21T11:25:49+00:00
sveltejs/svelte,1003acccc4a7446dc84d287038fe9c8d0bc12f40,feat,2023-11-21T15:52:54+00:00
sveltejs/svelte,8118efd115d7ca19b5cae17970cc4db16b844701,fix,2023-11-23T10:00:39+00:00
sveltejs/svelte,509f92d29ed4d273a79daf613c93c8b5e85e9408,fix,2023-11-23T13:42:22+00:00
sveltejs/svelte,c7121aa38c26f5808a61767e4358ca87cfced2c4,feat,2023-11-23T15:03:32+00:00
sveltejs/svelte,ef68b66dee1ebc126118e5b837c091e110999c81,fix,2023-11-23T16:19:24+00:00
sveltejs/svelte,72d3a2a8ce5dcfea1685aa650079b1cd15dcebf2,fix,2023-11-23T16:26:19+00:00
sveltejs/svelte,78a69acfa1ad1555a490b5a3b8cf799ff46f30a8,fix,2023-11-23T16:29:06+00:00
sveltejs/svelte,a3bc7d5698425ec9dde86eb302f2fd56d9da8f96,fix,2023-11-24T15:34:34+00:00
sveltejs/svelte,63e58318460dbb3485df93d15beb2779a86d2c9a,fix,2023-11-24T15:36:04+00:00
sveltejs/svelte,02f3f42981e4f7e6960c1ce1f84b01e044be97df,fix,2023-11-24T21:48:18+00:00
sveltejs/svelte,7f237c2e41115b420f0d6432c51c85ec3b5ecaf5,fix,2023-11-24T23:54:52+00:00
sveltejs/svelte,83fd00115757d9d06c78a1d65bc77378a552ae2e,fix,2023-11-27T13:36:13+00:00
sveltejs/svelte,617d63dd90737dbe4d622c24a5ae08d229c535f3,fix,2023-11-27T13:36:47+00:00
sveltejs/svelte,da1aa7c4a83089fc90c1dd646fb869777e62d76c,feat,2023-11-27T13:39:29+00:00
sveltejs/svelte,9c44fd7854630a115ab75251af5940955bdd487e,feat,2023-11-27T13:49:47+00:00
sveltejs/svelte,6e863e617c993dd6d742447391c60e61a50ee562,feat,2023-11-27T16:25:08+00:00
sveltejs/svelte,81d3e47d1c9646a5676f79170fbffd97695c1a06,feat,2023-11-27T18:34:22+00:00
sveltejs/svelte,aabab263ee5d2e788dbd5ee25f304daea12ec27e,fix,2023-11-28T21:59:20+00:00
sveltejs/svelte,f9ba528265e8bf756732107d3c7957a6a78d1850,fix,2023-11-28T22:00:40+00:00
sveltejs/svelte,75295ac79f4d94d872ecc09e3dd77799174e3fbe,docs,2023-11-28T22:31:22+00:00
sveltejs/svelte,24165872155a0ed1d52d0a43982a9912f864e55c,fix,2023-11-30T08:24:15+00:00
sveltejs/svelte,1fe0152dd435ef7a0bda819b13c7bfa970819495,fix,2023-11-30T08:29:04+00:00
sveltejs/svelte,e3dc185a4c3420788ea50863dda50c7820bf6ae4,fix,2023-11-30T09:10:59+00:00
sveltejs/svelte,65fa717ccdcbf1e3020023cd00d47000c08042b3,fix,2023-11-30T10:15:04+00:00
sveltejs/svelte,4a8f0bc7e78db937c6ec20ae1cd904344f77a772,fix,2023-11-30T10:15:21+00:00
sveltejs/svelte,cb1ea1f2dbfedde5db4468e6f79abcde2dc83438,fix,2023-11-30T10:15:38+00:00
sveltejs/svelte,7eba35b9d17ad6822e0d5e4aa9de582d1b08abdd,fix,2023-11-30T13:43:56+00:00
sveltejs/svelte,2fa06447cf51893715bfe776f753d1b1f0587d83,fix,2023-11-30T13:44:24+00:00
sveltejs/svelte,d19e622e907ae49d97bcfc13646a9b6ed215e191,docs,2023-12-04T09:41:19+00:00
sveltejs/svelte,aaa1797ed8633a0b26e4273055ea6cf67167aea6,fix,2023-12-04T11:14:08+00:00
sveltejs/svelte,2017af407d73c5e90f17c0cc2677893d8e90648e,fix,2023-12-04T16:24:06+00:00
sveltejs/svelte,ef5bcfe542752b10d84f8ff8fd1553ebc7aa9043,fix,2023-12-04T17:45:13+00:00
sveltejs/svelte,f0c47c31bcb08007cce3a825b07de2873ef26970,fix,2023-12-04T19:31:09+00:00
sveltejs/svelte,ef158ff729e137c3f91493eb8b628b3b1ef768fe,fix,2023-12-05T10:52:08+00:00
sveltejs/svelte,25abca78b27e111bd415d84c2c9c9e6346a6184e,fix,2023-12-05T12:39:45+00:00
sveltejs/svelte,c7e626ebbbe04416f8a3ec7dca0f920c7e1497c0,feat,2023-12-05T19:40:52+00:00
sveltejs/svelte,24777c335a85209e344fb2b61a60c7768165c747,feat,2023-12-05T19:51:11+00:00
sveltejs/svelte,9c3516dd3d7502e855fdac7aaf6495aab6002c67,feat,2023-12-05T20:41:44+00:00
sveltejs/svelte,3b15e32a918f4737ec9ced021200fd6874b06d12,fix,2023-12-05T20:46:03+00:00
sveltejs/svelte,e6b5ccd29a883272b9521c4352bdf37dd4436f4f,fix,2023-12-05T21:16:13+00:00
sveltejs/svelte,fc8349817ff8c482e815b6c15b6fd7b3b4e27d39,docs,2023-12-06T09:53:59+00:00
sveltejs/svelte,3c2e656187f3f47f5c365fb376255083b53fce13,fix,2023-12-06T13:57:01+00:00
sveltejs/svelte,d793d570e25c5fe6dde0980b96925b6fa274aa12,fix,2023-12-06T15:48:33+00:00
sveltejs/svelte,56677859032d7950630f816fdcf6647f18b0e5af,fix,2023-12-06T16:08:41+00:00
sveltejs/svelte,074615d7fd200eb3625cc6c1a9cb86a713e293de,fix,2023-12-06T17:43:47+00:00
sveltejs/svelte,481df0e64a8703d60b2e5b3c3d2b4de900c75390,fix,2023-12-07T00:18:16+00:00
sveltejs/svelte,d9c250a4bff455726041e642da9114c61b1cb189,fix,2023-12-07T10:38:32+00:00
sveltejs/svelte,e2dcdc2887f02e4a969d6c576e0344410b4059a5,fix,2023-12-07T12:30:02+00:00
sveltejs/svelte,388e3e68fc46fd018e58a82572d45f704e6e9c8f,fix,2023-12-07T12:40:44+00:00
sveltejs/svelte,fd78acfec94c33d35958656804feeb0498acaec4,fix,2023-12-07T17:00:49+00:00
sveltejs/svelte,4717d2ad23487dc2e27693979919205c35d7d9a4,fix,2023-12-07T17:07:26+00:00
sveltejs/svelte,56d8c0fd3a5005bdcc5263af027380aa5aeee954,fix,2023-12-07T17:22:28+00:00
sveltejs/svelte,3a9b1436e8cf9e3b6126df428d8eef1076791b88,docs,2023-12-07T19:20:44+00:00
sveltejs/svelte,acf73104b5aad66821fcdf1441a0a82b76b13395,feat,2023-12-08T15:34:36+00:00
sveltejs/svelte,646c0c432b0e22d229e97311099713941926b39b,docs,2023-12-10T23:50:22+00:00
sveltejs/svelte,bdd63c81872ec10d2c9a1e9aac06a74c6dfe1353,fix,2023-12-11T12:42:23+00:00
sveltejs/svelte,7238e1d3ceaaef7b44cc328cebeeb6da5cc671a2,fix,2023-12-11T15:18:16+00:00
sveltejs/svelte,daa19173b12af537dc581758a00eda8dcee57199,fix,2023-12-12T12:46:32+00:00
sveltejs/svelte,56de55bb77cb2ad7b3575f9f68ac7e11b2fe48e4,fix,2023-12-12T17:25:47+00:00
sveltejs/svelte,0236cf87e7fa8a4cb9c88dbf4ca0493a2d29bacb,fix,2023-12-12T21:32:01+00:00
sveltejs/svelte,a9a5b11c78bdf77fe956244f547e4760cee40e16,fix,2023-12-12T21:54:49+00:00
sveltejs/svelte,436a6c3dc48d0336b91da33728b0858c320a86cb,fix,2023-12-13T02:06:38+00:00
sveltejs/svelte,b0511a59660c9ec4c717a5e823186c9b292bfb44,fix,2023-12-13T14:15:26+00:00
sveltejs/svelte,55656f520dca427de2fd0bfbeb2fa7f168239cbd,feat,2023-12-13T14:18:25+00:00
sveltejs/svelte,3a4a09102c059b98c8fa26d7601c27d0612f7eeb,fix,2023-12-14T11:23:48+00:00
sveltejs/svelte,b1efd8c4cd8224d6d59cd9f30f9c1491d731abee,fix,2023-12-14T12:35:23+00:00
sveltejs/svelte,59c7487f3699b768d25b897e0030b096c7369223,fix,2023-12-14T17:11:57+00:00
sveltejs/svelte,b8f3c49e5ff7378df2196d0c9ae24a58e282bb0a,fix,2023-12-15T17:10:31+00:00
sveltejs/svelte,75cd1e825c2614829f74c8ec239648e7d1e76ce4,feat,2023-12-27T10:32:59+00:00
sveltejs/svelte,547ab932a85cf14d7fca69142fb2536d54084737,fix,2023-12-27T10:37:17+00:00
sveltejs/svelte,b31946eb08269bb40472db6794e3c1a8fcdf3a8d,fix,2023-12-27T10:44:47+00:00
sveltejs/svelte,bd34367660b279b29fe7a92ec5cc26fbe12ee7b2,fix,2023-12-27T10:51:37+00:00
sveltejs/svelte,c0a357c2629e519d283529ba9a094088554f6403,fix,2023-12-27T12:52:58+00:00
sveltejs/svelte,180b3322b2fb24f21682783c453d1987ffb51ef9,feat,2023-12-27T12:53:43+00:00
sveltejs/svelte,8a013c4cc637f672aa841bd60bc5a571c56cf989,fix,2023-12-27T16:31:28+00:00
sveltejs/svelte,60575ad494e165ed3c26c679fc087e43b859e340,docs,2024-01-01T20:11:28+00:00
sveltejs/svelte,d56223b1629e353af864e1c40aed4eef0d5646fc,fix,2024-01-02T11:30:22+00:00
sveltejs/svelte,abc126630ac1e3ab482a732cd956045da58dd6e6,fix,2024-01-02T12:54:30+00:00
sveltejs/svelte,1e33ed5bb9b1c4d565198411cdce88a6e5be6bde,fix,2024-01-02T13:38:28+00:00
sveltejs/svelte,6d65b2f8ad68365ae3f24be36f718c09eeb591da,fix,2024-01-02T13:48:35+00:00
sveltejs/svelte,e46a71e8a326ae0b3045cf6cde8be5fc7e988e4e,fix,2024-01-02T15:25:58+00:00
sveltejs/svelte,8a8505928ef93579177c15825156f71d07d032fc,fix,2024-01-02T16:46:34+00:00
sveltejs/svelte,15d6308d60f5fdc5fabf23568d629418c652ee93,fix,2024-01-02T22:00:49+00:00
sveltejs/svelte,5f3fcaf88a7068e9427ce96bf2a4bc7ff4209d62,fix,2024-01-02T23:56:30+00:00
sveltejs/svelte,2133d7d67afc9908b9b7803bf76a0e2755ff913a,fix,2024-01-03T14:31:06+00:00
sveltejs/svelte,2a0097e4eef8ba09f72f1eef5c5e2420b466f8bc,docs,2024-01-03T15:31:22+00:00
sveltejs/svelte,877ff1ee7d637e2248145d975748e1012a977396,fix,2024-01-03T15:34:42+00:00
sveltejs/svelte,570884eabda10a28e640ae3fdeae64c2f1a587b8,fix,2024-01-03T16:42:56+00:00
sveltejs/svelte,3c6977add3fa41dae22022961bbce1a9ba5a08da,fix,2024-01-04T12:38:05+00:00
sveltejs/svelte,e9b0908ed8e0ec806ab1bca2b85d0022d2a32645,docs,2024-01-04T12:42:09+00:00
sveltejs/svelte,94aab90bd1e7b60e4b4a6044cc5cd7e10e958ee7,fix,2024-01-04T15:04:06+00:00
sveltejs/svelte,86eae7e77da3a11d6e627a70944483eb095830e6,fix,2024-01-05T08:34:25+00:00
sveltejs/svelte,6acf7f3fc3609c28395c77d7953a66509c857db5,fix,2024-01-08T13:18:53+00:00
sveltejs/svelte,92408e1506ba4e629282a533974cf545dd75bd49,fix,2024-01-08T13:24:55+00:00
sveltejs/svelte,b3d185da298c83c4799d92d3e4f372e4a776bd34,fix,2024-01-08T13:55:27+00:00
sveltejs/svelte,05789daff97329ef941a4a1a20561ffd3e8172c4,fix,2024-01-08T16:37:01+00:00
sveltejs/svelte,527d099a0973e6d542a820fc17b9f9104c26f946,fix,2024-01-08T19:09:59+00:00
sveltejs/svelte,d16f17c306e5434d9c850749c3f2965f3d71808d,fix,2024-01-08T21:30:55+00:00
sveltejs/svelte,f5dc562ee76fdd1c4dcd7ae7683cc0f4b44c7fa5,fix,2024-01-09T10:11:49+00:00
sveltejs/svelte,cd2263fdabd97dcb5e7d99b891580a0757359e3b,fix,2024-01-09T10:50:12+00:00
sveltejs/svelte,901cfc9f15561500c6d78b5060266d648f118270,fix,2024-01-09T10:54:29+00:00
sveltejs/svelte,aa5a62396a6dfda896051535dfd5d2a2c55d8fd2,fix,2024-01-09T14:25:29+00:00
sveltejs/svelte,14dbc1be1720ff69e6f3c407e43c9c0765b0c140,fix,2024-01-09T14:33:25+00:00
sveltejs/svelte,d171a39b0ad97e2a05de1f38bc76a3d345e2b3d5,fix,2024-01-09T15:15:16+00:00
sveltejs/svelte,dda4ad510f1907a114a16227c3412eb00bd21738,fix,2024-01-09T15:54:45+00:00
sveltejs/svelte,08579461b19095d5cc5d06496313b2cb4c43eebb,fix,2024-01-09T21:50:07+00:00
sveltejs/svelte,4ad5b73341b7bdd775865dd1ecf0c010860f3859,fix,2024-01-09T23:58:10+00:00
sveltejs/svelte,0e9b83c20d533f50e1188f6b361c9cc897efb7c3,fix,2024-01-10T02:46:00+00:00
sveltejs/svelte,e2fc04d0d55e347e31ebc1c1b98104cba3a4f041,fix,2024-01-10T16:10:04+00:00
sveltejs/svelte,ff8dff993d31cf5990697d6bb3dba9c27265b47d,fix,2024-01-10T17:18:38+00:00
sveltejs/svelte,8c957776448f7c14945fb121ffbf6cdacca5266d,fix,2024-01-11T12:17:57+00:00
sveltejs/svelte,ab13356008a609158da7493da4758d8d11645ac4,fix,2024-01-11T12:18:41+00:00
sveltejs/svelte,ba13c3d20622b7efdda2f36c212e684b6d154ea2,fix,2024-01-11T12:56:10+00:00
sveltejs/svelte,a271878abe7018923839401129b18082eb2c811a,fix,2024-01-11T13:32:13+00:00
sveltejs/svelte,da9a5bf1cfc8d467a04c37d49c7e339320ec17fa,fix,2024-01-11T13:42:44+00:00
sveltejs/svelte,ef3e0721fc9f9baf6f6cf637dfe6234254d03044,fix,2024-01-11T16:53:12+00:00
sveltejs/svelte,a26012fc624e72d4a150206a1265858c1afd00de,fix,2024-01-11T21:26:39+00:00
sveltejs/svelte,0eca0ace9457d226409e582f9e275cb8a4ddb0a1,fix,2024-01-12T13:59:55+00:00
sveltejs/svelte,05bd922f7f8028255910d158376c67b257bce0a7,fix,2024-01-12T19:57:06+00:00
sveltejs/svelte,c62890486140a351afd62a74f10e15bf262314a3,fix,2024-01-13T14:40:10+00:00
sveltejs/svelte,b3ba25da944fd70cd2492647897bc83524d6a06b,fix,2024-01-13T14:40:31+00:00
sveltejs/svelte,1b675c0264f260b217bf159befb7065f16b62f52,fix,2024-01-15T14:20:17+00:00
sveltejs/svelte,5dce70e6cf4cefaa0744ae828e6fc988229d5957,fix,2024-01-15T14:20:31+00:00
sveltejs/svelte,86bbc835442a0986133926087fdf446cec7619e6,fix,2024-01-15T22:22:56+00:00
sveltejs/svelte,b94d72bbfb40162a6ad9279539c3c444b518d18d,fix,2024-01-16T10:58:45+00:00
sveltejs/svelte,db8cba3216e791f760886605e307a9ad790a1724,fix,2024-01-16T11:34:37+00:00
sveltejs/svelte,b04c5bb398e53cf075f1f91e224ef837850a5a0e,fix,2024-01-16T13:46:09+00:00
sveltejs/svelte,2b2bd06d6f60b9bb9747c5bd002c49b888e378a0,fix,2024-01-17T23:32:30+00:00
sveltejs/svelte,9f87f059d227f86369e8aef835ba3d77d2028e40,fix,2024-01-17T23:48:16+00:00
sveltejs/svelte,0fd1c92822246ca2a98f8de7c87ac2e5ff743534,docs,2024-01-18T22:35:27+00:00
sveltejs/svelte,2861ad66e054d2b14f382aaada4512e3e5d56db8,fix,2024-01-19T10:10:58+00:00
sveltejs/svelte,0071e0252ae84fddfad9ca18a7bf08b8e203e9c3,fix,2024-01-19T11:26:55+00:00
sveltejs/svelte,a6797614ef8cbaa0d36bc36a9c7f44dff40af7b3,fix,2024-01-19T12:59:21+00:00
sveltejs/svelte,35b500c399e892a7b5da0c396436c52fae0750f6,docs,2024-01-19T13:10:31+00:00
sveltejs/svelte,776ac3c1762da5f8147c457a997a417cfae67e4c,fix,2024-01-19T16:54:40+00:00
sveltejs/svelte,434a58711f7ebb2c3849545542b4394d295ccea9,fix,2024-01-22T10:18:46+00:00
sveltejs/svelte,6b0bd8b23a0c6e81446d0700031621c9dc448bb3,fix,2024-01-22T17:06:59+00:00
sveltejs/svelte,14bf4b4b2cf9a13eb72da26458b35c69553baaa9,fix,2024-01-23T10:29:09+00:00
sveltejs/svelte,03c067f598bf03e4995498b9804c81ed482298cd,fix,2024-01-23T19:22:47+00:00
sveltejs/svelte,14d7b26897cbfa129847c446b0ecf9557d77ef7c,fix,2024-01-24T10:55:42+00:00
sveltejs/svelte,1538264bd5ed431d3048d54efe9c83c4db7fb42a,fix,2024-01-24T11:30:30+00:00
sveltejs/svelte,c8da99646a5223fd981d724ba845977738f7cb63,fix,2024-01-25T10:05:19+00:00
sveltejs/svelte,107ec1c848e0d3494a2d798c8c088a93752a392a,fix,2024-01-25T10:18:43+00:00
sveltejs/svelte,005ff894ff7a04b5dfb2feee24f2b5bf4a3b8533,fix,2024-01-25T10:26:23+00:00
sveltejs/svelte,821a21363617ec25bf70e3482c04116ac179581c,docs,2024-01-25T23:10:13+00:00
sveltejs/svelte,f7cc8cb26362e34c30802006e9c9de066978e968,fix,2024-01-26T01:22:48+00:00
sveltejs/svelte,a58d93f8bf61b56cdc7c11c2d730d0cb1c5be529,fix,2024-01-26T01:26:39+00:00
sveltejs/svelte,76a4bbd5ec08ae2906c024a98aa982301608954d,fix,2024-01-29T10:56:22+00:00
sveltejs/svelte,5ebd9e0b45afe070199900a6a98b03681a7cd038,fix,2024-01-29T19:36:57+00:00
sveltejs/svelte,77b4c4be6ca512c93c565cac0755f84d87f8ba16,fix,2024-01-29T19:56:04+00:00
sveltejs/svelte,4d0d0a3a9ddc38c36e59410ac8a70b0f29c859e0,fix,2024-01-30T14:51:40+00:00
sveltejs/svelte,145b233041673ae021ff9e212446efc264ed1b23,fix,2024-01-30T16:42:43+00:00
sveltejs/svelte,23b38a34710677b7d3e819ac4ec605d2025d200b,fix,2024-01-30T16:51:10+00:00
sveltejs/svelte,d309a9d47a60493a57d422191e1bb189c119152d,feat,2024-01-31T02:22:47+00:00
sveltejs/svelte,0279546e02f5735fd6d47428a3d93a8384254c3a,fix,2024-01-31T11:27:04+00:00
sveltejs/svelte,f9ed9cfc4b55e1ed8ff909c05d4d1d8c0574cfb9,fix,2024-01-31T11:35:41+00:00
sveltejs/svelte,dcfae026da09fff4b85266777c6971fefa7cb8a9,fix,2024-01-31T11:42:53+00:00
sveltejs/svelte,ccc7266fd91cf980d2c6f6029968e5a57f36da11,docs,2024-01-31T21:07:20+00:00
sveltejs/svelte,36fc203eec600691c375e32a15b44a8f6d7b4fdd,fix,2024-01-31T21:58:06+00:00
sveltejs/svelte,bce4f3f01c044ce3a193c0d2947fd15d2cf46d52,fix,2024-01-31T23:02:31+00:00
sveltejs/svelte,e75c9acd187428ea97a82789e7a5b6b14faead96,fix,2024-01-31T23:06:37+00:00
sveltejs/svelte,3b78c14be88ef33bf0ea2922c50e331fdf217d56,fix,2024-02-01T16:48:07+00:00
sveltejs/svelte,bd0ebf3b8110a133cab4ecf3447b58054a3ccd4f,fix,2024-02-01T17:00:57+00:00
sveltejs/svelte,d23805a6f047c6e99b9bc6fbb5b6c6673093afe4,feat,2024-02-04T15:33:15+00:00
sveltejs/svelte,b6fcc149b87720a431eb636ce291a0c0125b0bae,fix,2024-02-05T13:04:38+00:00
sveltejs/svelte,97d3ec2f89897f2f17126734016a6adb56c95e49,fix,2024-02-05T13:47:10+00:00
sveltejs/svelte,268ac95fde573dc26e96dbd3e581c01611a55de7,fix,2024-02-06T11:23:36+00:00
sveltejs/svelte,90f8b63bee739e7b719511494d837cc3d46e52cf,fix,2024-02-06T15:09:51+00:00
sveltejs/svelte,9aa0ed3eb62d5fd3621ea6b371ea5f79821238ce,fix,2024-02-06T16:30:48+00:00
sveltejs/svelte,f9f5d3a1be8a77832c07c8d06002ee971791371e,fix,2024-02-06T16:33:55+00:00
sveltejs/svelte,623340a1de45a44b4d9ffe002f71586ca50f109c,fix,2024-02-07T09:36:36+00:00
sveltejs/svelte,dab0a43693db9877e044b01356db53dab506da0d,fix,2024-02-08T14:17:46+00:00
sveltejs/svelte,976e807a3fd9d1264481b1507d1938872753039c,docs,2024-02-08T17:18:27+00:00
sveltejs/svelte,4fcd1cb1edab45b5240e5881335bf39976242ce9,fix,2024-02-08T17:22:16+00:00
sveltejs/svelte,49bfb6b1d641897631ca58d478104e6b4fb50874,fix,2024-02-08T18:30:41+00:00
sveltejs/svelte,456cf843d22ccabe8977c040da390ad535db4521,fix,2024-02-09T12:07:06+00:00
sveltejs/svelte,999fca97cf72bcbbb4caceb69c649fa172dceb2c,fix,2024-02-09T19:46:58+00:00
sveltejs/svelte,9161448ee5edf92e4bdf1efedd54c07787d46a40,fix,2024-02-12T13:52:21+00:00
sveltejs/svelte,9129d2f138f5cecefce8514cc697039f23f99dc5,fix,2024-02-13T07:54:06+00:00
sveltejs/svelte,1b56a3219c12d1fc15a6bbb74746f6ee9727057f,fix,2024-02-13T11:24:36+00:00
sveltejs/svelte,667ffb7a3987c6a7897bad5334c75f788ca962e9,fix,2024-02-13T14:52:11+00:00
sveltejs/svelte,4942d6b9ccd236296b6f43c6adaf5181586ede2d,docs,2024-02-13T18:30:41+00:00
sveltejs/svelte,74742d923359929ccbdc0e21a97a76b149bb7125,fix,2024-02-14T09:44:32+00:00
sveltejs/svelte,cc273f7d53e6247b7197c683336ef45df1b0ce32,fix,2024-02-14T16:08:27+00:00
sveltejs/svelte,4b274dd00d6173963a65ebe0122593d1012a5a63,feat,2024-02-15T14:28:37+00:00
sveltejs/svelte,2c93c255f0c1a2076326407f2bf976bf3f8da944,fix,2024-02-16T16:51:20+00:00
sveltejs/svelte,72ff5366defba7194532c7e7e45bd251abb902f5,feat,2024-02-17T16:25:18+00:00
sveltejs/svelte,71601ba2e5310ed27a41a4060fc1bb3617c3c91c,fix,2024-02-17T19:38:17+00:00
sveltejs/svelte,df10204fcc8b6ebb19f3589590d257d4352fe0b2,fix,2024-02-17T20:26:54+00:00
sveltejs/svelte,5605e8cf4904017c3d537024b7151fb36adab7f4,feat,2024-02-17T21:56:03+00:00
sveltejs/svelte,06e1d8609123f22a9e988fbf9ca24f4c9bf1a9d8,fix,2024-02-18T22:45:57+00:00
sveltejs/svelte,8feb86583a9c3c27e07c154653f496c940134115,fix,2024-02-19T08:44:37+00:00
sveltejs/svelte,7032837ef0213de9d911c93b20a4c9eaf56c8a8f,fix,2024-02-19T17:14:13+00:00
sveltejs/svelte,f5102013af6ba14774c0fe2d575ea8e06b92697a,fix,2024-02-20T09:50:22+00:00
sveltejs/svelte,08978bfae87066a33cfb4612fa1bff8d55473a24,fix,2024-02-20T12:32:51+00:00
sveltejs/svelte,aef245364cb86c9d84f987bf9ae2c57150ab45bf,fix,2024-02-20T12:33:14+00:00
sveltejs/svelte,0afb8d489e9902cf28ba07026fb5a4bba44ddacf,fix,2024-02-20T14:12:59+00:00
sveltejs/svelte,bcb1b8eb98b0150c4b2d392b3b89ee3587fc1019,fix,2024-02-20T15:49:30+00:00
sveltejs/svelte,02c617662282c03fe7627e49b003aa6da2283d18,feat,2024-02-20T16:26:59+00:00
sveltejs/svelte,8613a6f28a5ba1046e7dab597cb97e845d8e1459,fix,2024-02-20T16:59:14+00:00
sveltejs/svelte,96eae28ed2a98a09815badf488906cfdf0b59ef4,fix,2024-02-20T18:07:27+00:00
sveltejs/svelte,d6e0fbd8ba33810115ed6a65142adeef03c6d7a9,fix,2024-02-20T20:59:07+00:00
sveltejs/svelte,58008479fc8478edebdc6e343738b856bb50d8a9,fix,2024-02-21T13:03:18+00:00
sveltejs/svelte,a2fbef20500de2b0bd0027da6b510e6fdfc6b8a3,fix,2024-02-21T15:13:45+00:00
sveltejs/svelte,ec52c75cc4e4d256ea1cab1d6204cdeb3e10d23c,fix,2024-02-21T15:24:36+00:00
sveltejs/svelte,a2164ff9f4be50c2d63744661c100945473bc0fe,fix,2024-02-22T12:47:21+00:00
sveltejs/svelte,6afaf75a378d8514c3d5c60716c600bb402d3de5,fix,2024-02-22T12:58:33+00:00
sveltejs/svelte,c10337cfb24e6cc4a2395bffc7d19c9de570335b,fix,2024-02-22T16:09:40+00:00
sveltejs/svelte,db0b802fc2a8d0cd75f3dc209f19e06712be5a92,fix,2024-02-22T16:48:13+00:00
sveltejs/svelte,506196b72b459b3219b8c3e8db6fcc67fc101974,feat,2024-02-22T17:07:49+00:00
sveltejs/svelte,2de741219f03020e8030a8d5bd76951602f22b66,fix,2024-02-22T19:59:52+00:00
sveltejs/svelte,533bd9dcdaf1625bbb6522f751d69020eaf49f92,fix,2024-02-22T23:16:23+00:00
sveltejs/svelte,45e385721cc3493029ad6e0a7dc65f0c6594959a,fix,2024-02-23T08:50:03+00:00
sveltejs/svelte,fc6666bc569455e9a491c9bd7af6d3c1ea6d292e,fix,2024-02-23T09:17:28+00:00
sveltejs/svelte,b4a70ea38a180e435aed9f5797d38e4b1e39a077,fix,2024-02-23T12:49:40+00:00
sveltejs/svelte,f658ca0d548cc0e4eb0e33f1c4a7586f3dd8ccec,feat,2024-02-23T18:28:56+00:00
sveltejs/svelte,aa28ac3c7a9d97154e9dab0a2958c49e3aad8258,fix,2024-02-23T21:52:23+00:00
sveltejs/svelte,83b92372c22da2f8a0f8350fa856087a7170275b,fix,2024-02-23T23:18:37+00:00
sveltejs/svelte,a4a789db4dbd43c6fc39de93b4d610ae85a63423,fix,2024-02-26T15:27:25+00:00
sveltejs/svelte,749d3aa4133f79306e8663010e570a0f6d542149,fix,2024-02-26T16:51:56+00:00
sveltejs/svelte,99e1665ce18410c4a3266ca6cd489a53b1d7fcf3,feat,2024-02-28T09:16:31+00:00
sveltejs/svelte,b2e9be2148a8087256716770ec5866d6abf11c28,fix,2024-02-28T13:58:11+00:00
sveltejs/svelte,56315df67961fd4caa26116940415cc2f34fe3ee,feat,2024-02-28T14:05:45+00:00
sveltejs/svelte,61e7442ccfa109e91f113ba79bc2a074c04bfc0f,fix,2024-02-28T16:42:14+00:00
sveltejs/svelte,74f8e261c6da4f2c882ecf76bd34c8e7cce2656b,fix,2024-02-29T16:50:46+00:00
sveltejs/svelte,5768ac3027f2d6a75890c0dbd43c55de03e7caea,fix,2024-03-01T15:43:49+00:00
sveltejs/svelte,ee04f973b29367769b702e3b60b34191a1f24ac5,docs,2024-03-04T13:59:40+00:00
sveltejs/svelte,5d3385c56f9c95ad45dce1fbb4ed4e1a77ae5411,fix,2024-03-05T00:05:18+00:00
sveltejs/svelte,6fb64c99147d69dde4908d6e58f6e3d98108ffc8,fix,2024-03-05T00:28:25+00:00
sveltejs/svelte,eedb59355f7c0051223272e9c3b2249433e0f473,fix,2024-03-05T12:51:02+00:00
sveltejs/svelte,4285e6d8143c27eaa3fb3d4d27abf44eb1d30d2e,fix,2024-03-05T12:51:46+00:00
sveltejs/svelte,d9d10228951816bf52cf249d39bc076f65d46090,fix,2024-03-05T13:52:25+00:00
sveltejs/svelte,f8eb0d16d66ba29187412031b85cb82b56d7a0bf,fix,2024-03-05T14:10:50+00:00
sveltejs/svelte,26c9068eab8dd4d4e5f0e3fdbedd8a58409947b7,fix,2024-03-05T16:16:52+00:00
sveltejs/svelte,622195cc21889f6090d0db0d13eb5e4c0ca84f5b,fix,2024-03-06T15:45:48+00:00
sveltejs/svelte,cc22492e7a3ce1aeb4c54fd7feeaab05c1f72050,fix,2024-03-07T09:46:00+00:00
sveltejs/svelte,ae4af6841aaeb7b580ca5be2454318a3bfdaa05b,fix,2024-03-08T10:02:54+00:00
sveltejs/svelte,b1267b03b68cebbcd7ae5d03fe7526a49030e8ed,fix,2024-03-08T10:18:57+00:00
sveltejs/svelte,304db0d5b27b35c82223ffa9b5c60c79528b1dee,fix,2024-03-08T14:44:53+00:00
sveltejs/svelte,7c00f1dacb3101d9a9bae0b87ab0cc925bc55a51,fix,2024-03-08T16:28:59+00:00
sveltejs/svelte,74474fe0850344166329d69d7c0b994a49658f0b,fix,2024-03-10T18:55:16+00:00
sveltejs/svelte,e16591abe8deb6037e626b9ee240653aef4d18ee,docs,2024-03-10T21:11:21+00:00
sveltejs/svelte,ef206fe1b5807ef7617c1fa34a33dd75ec7c8665,fix,2024-03-11T17:57:02+00:00
sveltejs/svelte,5086ef4b07ce676c16557053bc37b5323639fdc3,docs,2024-03-11T18:25:06+00:00
sveltejs/svelte,14492ad639303864c0e916cffc9ba5ac3751807c,docs,2024-03-11T18:43:47+00:00
sveltejs/svelte,3f7fcf9aec1feb7b35ee75e70ec607c2545eb02e,feat,2024-03-13T02:11:25+00:00
sveltejs/svelte,2cb78ac253a8f3bdfd9f980c0439633dc8f5058c,fix,2024-03-13T10:41:41+00:00
sveltejs/svelte,339782f3e09652dac23da16a5685e9a36421ce02,fix,2024-03-13T14:20:35+00:00
sveltejs/svelte,fbbd89a917856e14bad2f8f2dcfb5977f33a4756,fix,2024-03-13T15:20:20+00:00
sveltejs/svelte,1e653ef4d8cccf57dff1e43cbfacce0415cafe57,fix,2024-03-13T15:36:45+00:00
sveltejs/svelte,c35f0c16af0426b829882be8efe6ac9f7684aa5f,fix,2024-03-14T12:49:42+00:00
sveltejs/svelte,fe3b3b463c2f9e290fc9d35b3b5983211f843546,feat,2024-03-14T19:22:16+00:00
sveltejs/svelte,474fc7ebe0cfc475444c84a77f580a47afecb459,fix,2024-03-15T17:17:14+00:00
sveltejs/svelte,d921fb97bd199eed8370f44eff7e3e8756fb3419,fix,2024-03-15T20:42:24+00:00
sveltejs/svelte,9ff8029fb22275da74fe55a43f617b6e37a9371a,docs,2024-03-16T18:47:43+00:00
sveltejs/svelte,f8c85d525d313e7de074fd272b80e67b3894ba75,fix,2024-03-18T10:19:53+00:00
sveltejs/svelte,1fc41730a1417aef3ef70bdfaaa851c7fa75dfa5,fix,2024-03-18T11:19:49+00:00
sveltejs/svelte,682f4a651351d4c0c492be1806bfb119b6bb76a7,fix,2024-03-19T18:25:40+00:00
sveltejs/svelte,c564c771992708060b0b03715e42246407f916b7,fix,2024-03-19T21:33:32+00:00
sveltejs/svelte,f5f9465edccb6c498964eb9f9b29f2914ef6713d,feat,2024-03-19T22:23:09+00:00
sveltejs/svelte,efe85fcce0c1066a03f69e64799ce514cd638839,fix,2024-03-20T16:15:19+00:00
sveltejs/svelte,8c2f6039c6ca8203bc0ee2420e9c992404b33eea,fix,2024-03-21T13:39:29+00:00
sveltejs/svelte,f6eca83b7c7de2f68752917b7562e2d71fbb5cb0,fix,2024-03-21T22:12:39+00:00
sveltejs/svelte,3eef1cb8cf5673b4326d53961050a6c8e59bf81c,feat,2024-03-22T17:40:04+00:00
sveltejs/svelte,83f30bf0e8eeb46252cd326fa0fadbe6e926dbf8,fix,2024-03-22T18:36:24+00:00
sveltejs/svelte,82140752856f7da5497fb43fbaa314bdbcc5e54f,fix,2024-03-23T19:11:14+00:00
sveltejs/svelte,7e5e4621948a2d930c855196f53fd56ab4b7cf79,feat,2024-03-24T15:25:18+00:00
sveltejs/svelte,bbd44e9e4769a82258861ec6aae2d203d773fc8a,fix,2024-03-25T20:53:56+00:00
sveltejs/svelte,808cc6fca6d44502930c0c5263a7cc3ecaed5f8c,feat,2024-03-26T02:01:22+00:00
sveltejs/svelte,f2cca537a35a8066a619b6c094e2c15adb9e9e43,feat,2024-03-26T10:04:49+00:00
sveltejs/svelte,d50b7661e593c0dd9f3c9fa84b25f6b6d0ef1ab8,fix,2024-03-28T16:13:58+00:00
sveltejs/svelte,f118f8ea27daa8c4f8d38b8dcc6820b5be62dcdb,fix,2024-03-28T17:01:36+00:00
sveltejs/svelte,ea6fd72e794a851200e1122fb2c3b9003994f145,fix,2024-03-28T17:24:33+00:00
sveltejs/svelte,8971910940ad654ca431d3b362a8579ad4628b68,fix,2024-03-29T01:24:13+00:00
sveltejs/svelte,227945d242064db880569cc74c1444a3a27e7cd4,feat,2024-03-29T01:24:40+00:00
sveltejs/svelte,696b6922e85672932aeb199a9b644d51bab29ed1,fix,2024-03-29T14:03:52+00:00
sveltejs/svelte,5b2d5212d28e73d682b07e0ab9d4dd97a9507892,feat,2024-03-29T19:05:31+00:00
sveltejs/svelte,b1196009664b98c59851660d85a957d3fd531da0,fix,2024-03-29T19:05:49+00:00
sveltejs/svelte,7bd853b1a8a952d44368b68bb7f40f25f5e56376,fix,2024-03-30T15:34:06+00:00
sveltejs/svelte,0fa9d16e5366c440df0394b1c60130f8f703f213,docs,2024-04-01T16:47:35+00:00
sveltejs/svelte,1c75b9ac4d2f0db5ff23a8df8f5dc44ba0e797ea,fix,2024-04-01T16:48:09+00:00
sveltejs/svelte,0a162924fbef05a5a62cccaefb6929eb37a470c3,feat,2024-04-01T22:03:40+00:00
sveltejs/svelte,ad11c5087fa34310111f512726a1bf17fbd6f808,fix,2024-04-02T09:16:43+00:00
sveltejs/svelte,3c155e3f3e930408b7c8fdd3d8423b3d6efdb3d6,fix,2024-04-02T09:16:54+00:00
sveltejs/svelte,ade3d1afb93e09e5983ec0311377b6794d6c7dd1,fix,2024-04-02T12:06:37+00:00
sveltejs/svelte,2a784fce16f17831a05bc9ee17f7fb1c329afc90,fix,2024-04-02T13:38:36+00:00
sveltejs/svelte,1d52c1323beed3881851e80b9f95f48d552ab15b,fix,2024-04-02T13:53:48+00:00
sveltejs/svelte,3254d2e22fda248d607a2c879e2de07706a8b958,fix,2024-04-02T18:26:53+00:00
sveltejs/svelte,c50883e496cfa8c4239354a93b2091f5e6494505,fix,2024-04-02T22:38:57+00:00
sveltejs/svelte,b87d57dc6e1ed7aee96053286d4fdca608d03ecd,fix,2024-04-03T21:01:43+00:00
sveltejs/svelte,8cbe8c1197011d69198a0e4816f2198e60b83147,fix,2024-04-05T16:15:55+00:00
sveltejs/svelte,b1a8038f8bd6d1ac4daac622cd48e1678a79830e,fix,2024-04-08T07:43:27+00:00
sveltejs/svelte,8578857332c27005866661a22734b1bf2d83b69f,fix,2024-04-08T11:57:04+00:00
sveltejs/svelte,ed9bab9200acb3801694f4a1d6fdf30829fdc32d,fix,2024-04-09T09:56:54+00:00
sveltejs/svelte,48549f7d005f388e1e26368daa65d058ed90dc61,fix,2024-04-09T12:14:09+00:00
sveltejs/svelte,3c2f4d2d55e35c780a875dca1594052968d188d7,fix,2024-04-09T13:09:45+00:00
sveltejs/svelte,5a1c756a4e7fa1d66f1b197906f8b80295d48b11,fix,2024-04-09T13:19:02+00:00
sveltejs/svelte,27891cb2ddc5689548fec73d5faf7d6fcc52565c,fix,2024-04-10T17:52:58+00:00
sveltejs/svelte,3bb231197e7787b785cb463560f1b176323c119a,fix,2024-04-10T17:53:59+00:00
sveltejs/svelte,afe1d11a5b822b04453c05bc9702f99f588e903a,feat,2024-04-10T20:00:37+00:00
sveltejs/svelte,1183984f689753ea8f67ac646fd797cf7ff407aa,fix,2024-04-11T08:37:15+00:00
sveltejs/svelte,53e6a99458365e4937c7f6292529a51733c57d05,fix,2024-04-11T10:09:08+00:00
sveltejs/svelte,0896543e6705ea2c757c69d6b4edf579c219a589,fix,2024-04-11T12:19:27+00:00
sveltejs/svelte,d5776c3ec38b98659081d21f3cd93960ebfddb91,feat,2024-04-11T15:20:36+00:00
sveltejs/svelte,15eb5b5864829d85963a95ddf765f30ba4da49ed,fix,2024-04-12T14:35:28+00:00
sveltejs/svelte,19144b000f5aa8a215fb2694dfdc54f7ceae35ea,fix,2024-04-12T16:43:45+00:00
sveltejs/svelte,4b52884b8aab2a5df85d1b58bc6278d37773e100,fix,2024-04-12T16:49:08+00:00
sveltejs/svelte,9b67ee18ebfcef5716f7a26c1de528f0173140a3,fix,2024-04-14T16:24:01+00:00
sveltejs/svelte,dd9a8a25781262bd4bff86e6168c09fb3296b205,feat,2024-04-14T16:47:09+00:00
sveltejs/svelte,d1976c07ff630878f1b59d7e0eceb4174362e4ed,fix,2024-04-14T16:50:11+00:00
sveltejs/svelte,a092899843e073417f7640c89877e426a07807f5,feat,2024-04-14T16:52:38+00:00
sveltejs/svelte,2cefd785a43f3791b5c33c8b33cc5c120e69d971,fix,2024-04-14T19:14:46+00:00
sveltejs/svelte,8caaa375cf6f16e480833f6e270a664e4f5e73ab,feat,2024-04-14T19:35:21+00:00
sveltejs/svelte,d061f2f1376d9b491498cebd2f7f52f873cdf9dc,fix,2024-04-15T11:09:22+00:00
sveltejs/svelte,2fa095b61eeacfddcfd2da973958930ea1e2b4b7,fix,2024-04-15T13:30:54+00:00
sveltejs/svelte,cd7c3fea16afa895b7f94ca9b83341ee88aa0d56,fix,2024-04-16T02:29:59+00:00
sveltejs/svelte,1a341a25f0d2dfd7961a677dce873090b057eeec,docs,2024-04-16T11:02:39+00:00
sveltejs/svelte,e7869faf4db236835e6967faa55f343cfee0e604,fix,2024-04-16T11:46:57+00:00
sveltejs/svelte,77ed790fb3a6d0af3e6470ba660fc0e91a836f2e,fix,2024-04-16T13:08:54+00:00
sveltejs/svelte,8fef412dbb3bbc91d6bd4d69eb583e27c5fbb493,feat,2024-04-16T13:27:52+00:00
sveltejs/svelte,1c33ff0107f67b329551082359ef41f59163dd50,fix,2024-04-16T15:42:42+00:00
sveltejs/svelte,1cc6a32069a4f00af0a15b60efd8158dcffa9b6a,fix,2024-04-16T15:47:25+00:00
sveltejs/svelte,63456f1df922c70718102df0349b152b8e45251c,fix,2024-04-17T08:23:48+00:00
sveltejs/svelte,777527b5a3358fe0a9e05fa68fef7363150d57e8,fix,2024-04-17T09:02:18+00:00
sveltejs/svelte,1510c1311341dc35beb57bf3299218cc2bd5cb73,feat,2024-04-17T09:07:53+00:00
sveltejs/svelte,e7301af1e51cb20f64c7aaebbf3d0e16b39bba0d,fix,2024-04-17T09:08:20+00:00
sveltejs/svelte,3d49731b1b92bfc5b059353f56a0cc0fc0abd62c,fix,2024-04-17T09:09:53+00:00
sveltejs/svelte,27d48c601ffbc9778135765a41929d3a18352871,fix,2024-04-17T18:29:42+00:00
sveltejs/svelte,c44234dc2ff9bbd9fb4d3a6e1f1352a48ae6b9dc,fix,2024-04-17T20:54:32+00:00
sveltejs/svelte,4b59ef3c41cb5fd6ed4036265db239ecdc4cf569,fix,2024-04-18T08:00:39+00:00
sveltejs/svelte,43d13e92a026b33a4e2470c637b6cf12ce785dab,feat,2024-04-18T10:12:05+00:00
sveltejs/svelte,27eb91bbce50c0825dc73329bf6666272e10a27a,fix,2024-04-18T11:30:50+00:00
sveltejs/svelte,56654986a659e4ee9f2f9006efcc8e9e10b924cc,fix,2024-04-18T13:12:47+00:00
sveltejs/svelte,cca67bba51a5ba13fd00c46a12c50e5e4c15cef8,fix,2024-04-19T09:06:22+00:00
sveltejs/svelte,eac421840223674a703f6f638973c02faed7bda2,fix,2024-04-19T09:23:27+00:00
sveltejs/svelte,516cd226860515493703a6079b937a150ae5c9d2,fix,2024-04-19T09:26:39+00:00
sveltejs/svelte,669d2d7a1ea8d5eebc61782497e12a0d8a77fd49,fix,2024-04-19T12:03:09+00:00
sveltejs/svelte,f632b2a944f34a05182aebb39a877ff712089ea3,feat,2024-04-19T17:01:07+00:00
sveltejs/svelte,7edba25581aa1209cb71b4c6e0d8df604a8adf8f,fix,2024-04-19T22:29:06+00:00
sveltejs/svelte,b91a67ba6845c5d37dbb6f2fda8a0d057f828dab,feat,2024-04-20T13:37:32+00:00
sveltejs/svelte,11c7cd5495903c42398b2a0e87520a6fbf55a638,feat,2024-04-22T11:46:42+00:00
sveltejs/svelte,521d124267080a1e70ba40f5e36aec648c52d99d,fix,2024-04-22T11:51:55+00:00
sveltejs/svelte,5ef1fdf7cc2575efb07b2d1504d1c8e247942476,fix,2024-04-22T11:52:40+00:00
sveltejs/svelte,47ba488cf22a6d3353fe1b550cbfbf96755bbeb6,fix,2024-04-22T11:53:38+00:00
sveltejs/svelte,dcfa5036173316a48a67c4e90d2688c0aa60dbbb,fix,2024-04-22T12:11:47+00:00
sveltejs/svelte,0bb49b12d2a3eebaf1ab850295d8ddaa802d9f10,fix,2024-04-22T12:22:17+00:00
sveltejs/svelte,fe6e4e2b05b8099d27483b7b5f14c1d757c934d3,fix,2024-04-22T18:16:02+00:00
sveltejs/svelte,476f2172b6bc204f73fbbf886fbc7098d2ac93f3,fix,2024-04-24T14:55:39+00:00
sveltejs/svelte,6eb70f88bbaee99b6b5949fc7ab914f6aeaaaec4,fix,2024-04-24T18:46:49+00:00
sveltejs/svelte,8e43e9aae0adb7158847ab3837a6beb991f16d9a,fix,2024-04-25T17:34:51+00:00
sveltejs/svelte,f1986da75536ad749ad4f57c5d4239b643125016,feat,2024-04-25T17:35:09+00:00
sveltejs/svelte,cd798077b464ab3a28227f1e4a9aace20ba29b28,feat,2024-04-26T18:56:40+00:00
sveltejs/svelte,d3949a6e71a2526aa2893814b479b51f3d79c74c,fix,2024-04-27T10:37:12+00:00
sveltejs/svelte,7d19e5b1a4ecf631490d6a96be724f7c8c68c3e9,fix,2024-04-27T10:37:30+00:00
sveltejs/svelte,bda32edb1a4f2d383d96071750d6bfa9421b2175,docs,2024-04-27T12:27:55+00:00
sveltejs/svelte,68071f7c0658e72c2dc0b8cd0bb81a4bd39127f0,fix,2024-04-28T20:43:07+00:00
sveltejs/svelte,c7bdef595b7673c952ec4c6d3b7bee0916eb477c,fix,2024-04-29T07:31:17+00:00
sveltejs/svelte,500b2065e01cfaf0f8caaf8561cdf8bc177451b4,fix,2024-04-29T16:16:20+00:00
sveltejs/svelte,4479b8c6f316edc29881e97f6160b347fc35217e,fix,2024-04-29T16:16:52+00:00
sveltejs/svelte,de315d84eb4048bd9948a41c82614043a7cdf7a4,fix,2024-04-29T19:26:56+00:00
sveltejs/svelte,eb7e32c1689e48b68b5c7ce1d194299a2aa377b9,fix,2024-04-29T20:07:42+00:00
sveltejs/svelte,0cf10a361e2a22a4564696c56056f9881d1c4bdf,docs,2024-04-29T20:46:37+00:00
sveltejs/svelte,5e0845fe3ef5c2fade444a17828ef977fee3e78d,fix,2024-04-29T20:48:40+00:00
sveltejs/svelte,2754e4eb398b4bcc132bf55587d6fc892a0bec28,fix,2024-04-29T20:50:30+00:00
sveltejs/svelte,e01776401d7cf6518f4822beb3e7ba12a90c96d3,fix,2024-04-29T21:50:59+00:00
sveltejs/svelte,7a66927ca86f6e5f7ffdf6007d1e8064889af519,fix,2024-04-30T14:29:08+00:00
sveltejs/svelte,8be6fdde54bb36d514c4295f5c9260ca45320d33,feat,2024-04-30T19:40:37+00:00
sveltejs/svelte,0f4f3d7df04cf749e3fe35fc9b625fdc7b61dc9c,fix,2024-05-01T14:07:04+00:00
sveltejs/svelte,edefc846c39359556fc93d2a4fd81fb850e14b3f,fix,2024-05-02T09:12:10+00:00
sveltejs/svelte,17b2f6215deee4153d029573e4c3dc9f95ce2e4c,fix,2024-05-02T09:14:07+00:00
sveltejs/svelte,a038d49f78b32ddbfe230f5f3b4b65c77ebd2c6b,fix,2024-05-02T15:37:02+00:00
sveltejs/svelte,b4968584df6be22222f58c273bdd8e04307ad36b,fix,2024-05-02T15:40:22+00:00
sveltejs/svelte,1f9ad03287a01e46fbbca5423195e1b7ad6bc28c,fix,2024-05-02T20:04:43+00:00
sveltejs/svelte,dfb30aaddd7c46b943dac4ee324f818de1918713,fix,2024-05-03T05:40:43+00:00
sveltejs/svelte,6e5ab2e67874fd04038ea2686617312bcbd68fc8,fix,2024-05-03T07:58:17+00:00
sveltejs/svelte,9c5a9d8e20dd0bddf8e0cad1749b56ab5efe4c64,fix,2024-05-03T08:08:59+00:00
sveltejs/svelte,9c1a5063b9e465b76e9c4339b4fda1a608dbf87b,fix,2024-05-03T08:16:39+00:00
sveltejs/svelte,34079a0ec57693cb419cf8ebffdb64f3ce69f24e,fix,2024-05-05T07:53:59+00:00
sveltejs/svelte,fa3e98e8c6c5b0ca9aa470a4ede82f9c087ab395,fix,2024-05-06T13:59:04+00:00
sveltejs/svelte,3e1f82b8c4b2df3597f98e24e3d4e20bb1f35e7f,fix,2024-05-06T14:00:09+00:00
sveltejs/svelte,d86b05279f3070fcf76f7b1987cd53767346fe35,fix,2024-05-06T18:49:10+00:00
sveltejs/svelte,6bd6f0971b6be9fa33d399e182144e8771507542,fix,2024-05-07T12:43:16+00:00
sveltejs/svelte,85d680582b5435c4dbe93db7c6c28d98685f2b47,fix,2024-05-07T12:44:49+00:00
sveltejs/svelte,dca8861c5a199bfab027f03ffa219463a80e14cc,feat,2024-05-07T14:03:28+00:00
sveltejs/svelte,0cf6d56ffe8b68591805defecc75f3451a295a0c,fix,2024-05-07T21:20:44+00:00
sveltejs/svelte,b1b2dddc3b3b73940a3bc1e63e34a5375f0b7930,feat,2024-05-08T17:02:41+00:00
sveltejs/svelte,70419daf5f33adddd1b552df8c202fde93ed992f,fix,2024-05-08T23:30:02+00:00
sveltejs/svelte,30caaef2e57f2b6890adfb8c95ec556500f07161,fix,2024-05-09T13:53:35+00:00
sveltejs/svelte,8742823e39f567ab2952fdabd9fc9148f88a6fc2,fix,2024-05-09T16:20:52+00:00
sveltejs/svelte,4b7e0025a828a6c49d4b2d8ab4e2ef0448362d0c,feat,2024-05-10T09:31:53+00:00
sveltejs/svelte,f219c795f45a50660f7aed795b98bc196cc1c2d8,fix,2024-05-10T13:00:42+00:00
sveltejs/svelte,65223363e970ea7ee81c95d81bc10e1306fdba20,fix,2024-05-10T16:26:09+00:00
sveltejs/svelte,31f8fea22d458d149aedcca5ce6b196fdf4483ed,fix,2024-05-10T19:12:09+00:00
sveltejs/svelte,c450cdb7a7ac817ebda81cf5dab70a3f1fc368af,fix,2024-05-10T20:09:25+00:00
sveltejs/svelte,3103a0d81e492005fa64d66bca93174441cdb2c0,fix,2024-05-10T20:10:58+00:00
sveltejs/svelte,597715ff98480b469cd828c7b2ed8e3a0151d8cb,fix,2024-05-11T11:21:06+00:00
sveltejs/svelte,43ad72b1cebaf1ed115a596cf915e1f034f16c54,fix,2024-05-11T19:05:44+00:00
sveltejs/svelte,a3702e8171cea441dfd1b2613f7aaeabc3fc2b24,fix,2024-05-11T19:21:51+00:00
sveltejs/svelte,e49f1f7f114759c97dae2d266c7a7c999e8941c5,fix,2024-05-11T21:46:14+00:00
sveltejs/svelte,81517a506ce7170064394a8c6b407860e0149102,fix,2024-05-13T09:30:23+00:00
sveltejs/svelte,965afc5cccd6e3e3e284e3df08656fed0493d030,docs,2024-05-13T12:18:27+00:00
sveltejs/svelte,a0bdac8cd71a727bf26cc9376558736530d427b7,fix,2024-05-13T18:38:01+00:00
sveltejs/svelte,d408d20cddfb16899cf9607fcf0577838785c13f,fix,2024-05-13T19:27:03+00:00
sveltejs/svelte,b212b173859aaba68b09d271661b77fc47c4e417,fix,2024-05-13T21:35:04+00:00
sveltejs/svelte,b964a4ce1df41539426b1f7b1912cb06d38c56d8,fix,2024-05-13T22:10:18+00:00
sveltejs/svelte,5cb432b7bdf991883c48828acf6377428261e10a,feat,2024-05-14T08:17:47+00:00
sveltejs/svelte,faced066bdb7ccff7b17b26da2f386e0daa49878,feat,2024-05-14T09:56:14+00:00
sveltejs/svelte,a8a5bb668f4be426d1c717487950fcb864ca4909,fix,2024-05-14T11:47:35+00:00
sveltejs/svelte,f488a6e84ab40777de05dad695ec6f389d95c3d1,feat,2024-05-14T19:40:32+00:00
sveltejs/svelte,7ef686f8ee8e04cbda4f6698bbdc880b877478da,feat,2024-05-14T21:08:21+00:00
sveltejs/svelte,87a420f64d86c4304abd264b2aa37cbd70157236,feat,2024-05-15T09:50:30+00:00
sveltejs/svelte,e5e7ec2404f0cf3c397e752c7b52f30583629d9e,fix,2024-05-15T12:44:39+00:00
sveltejs/svelte,4f8bba2f802dd99888d83909abbc336cd7127f80,fix,2024-05-15T13:08:53+00:00
sveltejs/svelte,13ce43a0a823f34c451aa1a73c5283f88c2ffc1d,docs,2024-05-15T14:16:38+00:00
sveltejs/svelte,4bedd0e4fb561b623e15c4e1a4cdaf7f8a2911d9,feat,2024-05-15T14:45:01+00:00
sveltejs/svelte,4365562228870aaa5c7d85cfd27d03d929a5f295,fix,2024-05-15T16:50:29+00:00
sveltejs/svelte,a7b61c0f30ee6869cf8f956032146a049e250d20,docs,2024-05-15T18:48:08+00:00
sveltejs/svelte,053159bf0b5679e3b9bf2c4c2710fb92d810221f,fix,2024-05-15T21:17:55+00:00
sveltejs/svelte,3bf68b47655cfa6fa3a9da25a26b860817f49eb8,fix,2024-05-16T01:04:44+00:00
sveltejs/svelte,dc9b0d08c1e93b1b0cfb069c36ca180d8be3cef0,feat,2024-05-16T01:39:22+00:00
sveltejs/svelte,2ebb277be70e9333a24f20bae01be2383b434e0e,feat,2024-05-16T13:55:26+00:00
sveltejs/svelte,110a5a852fcf3a9e214387df74e9efadfd488267,fix,2024-05-16T16:21:18+00:00
sveltejs/svelte,c29b74669d226b6d7fe0684122b17868d69e799e,feat,2024-05-16T18:09:50+00:00
sveltejs/svelte,c70533a5a753c9478991812e647e5bcb9dcb19a7,fix,2024-05-16T21:28:21+00:00
sveltejs/svelte,1784026843d2f7de6e449a5587da5dc30d467818,fix,2024-05-17T15:34:26+00:00
sveltejs/svelte,b788b72862a449ac095a87d46c4f46dda8a042b4,fix,2024-05-21T09:06:33+00:00
sveltejs/svelte,f48001ac63eaeae0738cf707eceb22d8ff25708c,fix,2024-05-21T09:15:46+00:00
sveltejs/svelte,09addad9ae9ecb5141a473c4a33baa9195b35dc0,fix,2024-05-21T14:23:14+00:00
sveltejs/svelte,0128df33da19c0839eaab2f1da7525125dcb1ac1,fix,2024-05-21T18:01:42+00:00
sveltejs/svelte,6d2f1a48b46dfe6c5c19ec463a0705fdc7d27583,fix,2024-05-22T09:51:56+00:00
sveltejs/svelte,d590cd8bea8dd10dbaf925b144db30ca37d12275,fix,2024-05-22T10:00:42+00:00
sveltejs/svelte,77f91459b61d895ddf8b15600e86f9699eba778d,fix,2024-05-22T10:33:29+00:00
sveltejs/svelte,4a3f7ac2572e07a5e9b013a97309c9551ebf838b,fix,2024-05-22T11:09:49+00:00
sveltejs/svelte,a074734ba79a1d91f259cb02314b9e067b7dd8e3,fix,2024-05-23T14:01:42+00:00
sveltejs/svelte,e73b133b66accd9c03485ff4937cd721cb3cdb37,fix,2024-05-23T19:13:55+00:00
sveltejs/svelte,5765752d7815b0bf5480671e9e720b22bf2cf089,fix,2024-05-23T19:19:04+00:00
sveltejs/svelte,24151c4e9c1d5da10946c3a594499e89a3528e4a,docs,2024-05-23T19:33:47+00:00
sveltejs/svelte,d856c500924cc620f60ee32047df3c4620c3a5ce,fix,2024-05-24T08:34:35+00:00
sveltejs/svelte,9084f1796b77e6dee396c842677204744626582a,fix,2024-05-24T15:05:53+00:00
sveltejs/svelte,d1f5d5d33d228106236089d062d27c7d4696c930,fix,2024-05-24T21:59:08+00:00
sveltejs/svelte,b963e53fc990a7ef3afd68bb1050e1ad97335780,fix,2024-05-27T07:34:12+00:00
sveltejs/svelte,ee9d5ef850e9931bc257157f6dc0097f2857d470,fix,2024-05-27T08:03:44+00:00
sveltejs/svelte,4fef0eb08f48c0b5057f8343515e38df6cd533bd,fix,2024-05-27T08:06:14+00:00
sveltejs/svelte,5fb017df9275782c4a9a43f617f0e6543b9bffe1,fix,2024-05-27T11:36:21+00:00
sveltejs/svelte,8c66b64e6b8929a7c397a7a8381452c3208fb9e4,feat,2024-05-28T08:36:42+00:00
sveltejs/svelte,ba6697d31daa16a3a2cd7a4cb8b7593bcdd754f9,fix,2024-05-28T14:39:45+00:00
sveltejs/svelte,538060ebda41e1618f6b3d1b3d0522064cb840aa,fix,2024-05-28T15:58:27+00:00
sveltejs/svelte,b1e01bf441b7d60249f093c76314177a0aacf89f,docs,2024-05-28T15:59:05+00:00
sveltejs/svelte,97e41dc1cb8fb438683be6c7c00584bee0c238c5,fix,2024-05-29T08:13:30+00:00
sveltejs/svelte,c71e29c1eb9d6c585591fb46f744eaec46d779d9,fix,2024-05-29T08:16:56+00:00
sveltejs/svelte,bcb319310f672928ce6b858e4d52b6af9f3dd0c3,fix,2024-05-29T20:59:34+00:00
sveltejs/svelte,82a645f8d08140b34a19f932ca4e59719e70dbf7,fix,2024-05-29T22:24:05+00:00
sveltejs/svelte,7e762cf481b06a8eeddcf6f1cea11d741c01a2dc,fix,2024-05-31T08:56:38+00:00
sveltejs/svelte,c9c4b9d50b44de9265200384d8d5e10edc298702,fix,2024-05-31T09:36:10+00:00
sveltejs/svelte,3c84c21a033636ae6fd3a65158a13847da833782,fix,2024-05-31T13:30:51+00:00
sveltejs/svelte,14ddb87c311ff3280dde0ae44b0a0d864ec26353,fix,2024-06-02T15:06:16+00:00
sveltejs/svelte,35f92cf68317716e7ffaf629d428baec2dac7a3e,docs,2024-06-03T06:03:08+00:00
sveltejs/svelte,0a7de87eb5ef0e825145c82d20e70984ee71dada,fix,2024-06-03T10:04:58+00:00
sveltejs/svelte,5eb8641ac723a76111424d9805a3d29ba59d9fa9,fix,2024-06-03T10:06:41+00:00
sveltejs/svelte,832f8deeeca322aa962cff058b75cc80b3852b50,fix,2024-06-03T20:04:22+00:00
sveltejs/svelte,3acee5d2469a86f8b9ba9ae660ef2fb8c4899c80,docs,2024-06-04T00:53:57+00:00
sveltejs/svelte,5ac6aa306ff1332270c812e1da5afbe2c8854b14,fix,2024-06-04T07:44:31+00:00
sveltejs/svelte,03945bd9bc121c9b18447218cdb82803ff9b33e8,fix,2024-06-04T13:03:35+00:00
sveltejs/svelte,f3c291d8dd15ec7d3a47aa1e95d50a6acfb5678e,fix,2024-06-04T17:09:36+00:00
sveltejs/svelte,c0c1a56675aae196d8ebe200ca789c8fa456e7b9,feat,2024-06-04T17:36:15+00:00
sveltejs/svelte,ae21d03a52212892027e152ab492d2e341ff1d25,docs,2024-06-04T18:41:58+00:00
sveltejs/svelte,862949d22abf2996594b4315c04fc97e18bc4408,fix,2024-06-05T12:08:57+00:00
sveltejs/svelte,b1cbfc3d386962f77566292a11a89f2b096dc271,fix,2024-06-05T20:14:59+00:00
sveltejs/svelte,6efd9d6f4433463e4b20fdd11a6f1a37dc8c7fec,fix,2024-06-05T20:16:34+00:00
sveltejs/svelte,380d4454a333babaf66a36c35d261b5563fb4d5b,fix,2024-06-06T08:17:15+00:00
sveltejs/svelte,9f823b95e31eee93e1ed03d5e9f34cd16fade5b7,fix,2024-06-06T08:39:12+00:00
sveltejs/svelte,08b5851a66688439779e69a911deb5e8b5bace6e,fix,2024-06-06T14:01:00+00:00
sveltejs/svelte,5b0a843b317e56b5f6a87e7c99c760bfd72ec006,fix,2024-06-06T14:01:28+00:00
sveltejs/svelte,f57836cc09a5c367ba69d06719b53edd4baa0c42,fix,2024-06-06T19:39:21+00:00
sveltejs/svelte,48fa6587c9766ef2a5e5892ec1e45afddc1d83ef,fix,2024-06-08T12:35:18+00:00
sveltejs/svelte,57ca37d6a19972d71420e8395ac65f5907bc640f,fix,2024-06-08T12:40:54+00:00
sveltejs/svelte,388f21018363cefb4789b25ac55546b114e06278,feat,2024-06-08T12:42:11+00:00
sveltejs/svelte,bd950a0be2e8f57f06e2ef109b62943ec3d1d3d6,fix,2024-06-08T13:05:23+00:00
sveltejs/svelte,c9202a889612df3c2fcb369096a5573668be99d6,feat,2024-06-08T19:11:52+00:00
sveltejs/svelte,088632b06dfcf472228bbfb7fc9b9afd31453f7f,fix,2024-06-09T15:06:29+00:00
sveltejs/svelte,2be6d43ea3c833d2589cd885e19be6377fec8d60,feat,2024-06-10T08:11:17+00:00
sveltejs/svelte,3e1abc0b87ea9ce46a97ff53035d727fdf31a04a,fix,2024-06-10T11:32:56+00:00
sveltejs/svelte,0d51dbae3205700516e13840b02e4fd7a9c2576f,fix,2024-06-11T13:19:22+00:00
sveltejs/svelte,50fd94fe6138e75abd43a2e3316a4339cdab4a0a,fix,2024-06-12T18:44:10+00:00
sveltejs/svelte,bf23f692fee23b40c1d510c9f1db4498f2102259,fix,2024-06-13T12:12:57+00:00
sveltejs/svelte,1ecbbc0914af7fbfbceb1a31b170bc3368d8d1e4,docs,2024-06-13T12:46:51+00:00
sveltejs/svelte,0119f251252bf11f848c57dade4f6082c4ef4a16,fix,2024-06-13T15:40:28+00:00
sveltejs/svelte,9dc2d71a12bc9160256c2ef65a016f556490e3b7,fix,2024-06-14T02:39:37+00:00
sveltejs/svelte,f5f38796baa1c36310c3f388c3a10fc872ca4e37,fix,2024-06-17T08:03:25+00:00
sveltejs/svelte,f1d8ed64fd41995d869950092a9fe568b97a0596,fix,2024-06-17T09:56:51+00:00
sveltejs/svelte,a1b6cc68d973a31256db946bc2c0b63ae55f0700,fix,2024-06-17T13:37:17+00:00
sveltejs/svelte,7a0ce2dfea6c34d5d52c00dca004f1d5455b0e45,fix,2024-06-17T14:14:36+00:00
sveltejs/svelte,696a4b3dae2aaa82ba4092862425571c25d6d10c,fix,2024-06-18T12:25:40+00:00
sveltejs/svelte,399e464b4426d1ee09d72d2c32e8d563bbcd80ac,fix,2024-06-18T15:52:00+00:00
sveltejs/svelte,2ca2979a46cf7410deb341c28fc063fadb48dbc1,fix,2024-06-19T18:17:22+00:00
sveltejs/svelte,fcf81b1e1d9353b590db361a942a64b0974f70e2,fix,2024-06-19T18:18:15+00:00
sveltejs/svelte,7f087c4b039156dc810f32bf4efaae843282feb3,fix,2024-06-20T08:49:04+00:00
sveltejs/svelte,eca1b7fd06dc176ff9be878024e90a9bc12dea7a,fix,2024-06-20T11:28:48+00:00
sveltejs/svelte,6a3e293207934b8f2deb88e2f56a001d9ffcebfb,fix,2024-06-20T19:26:05+00:00
sveltejs/svelte,be9b0a275af54ac55faf1ac29049587715ec26a4,fix,2024-06-20T19:26:47+00:00
sveltejs/svelte,3da2646b10733b9d801830cba32c87ef5e7fbad4,feat,2024-06-21T14:57:10+00:00
sveltejs/svelte,afe84450c6d553e1a5d2c18492105ab238f43ea5,fix,2024-06-21T19:44:00+00:00
sveltejs/svelte,965c12f633453cbb77d0e0941570c7aa5ee7de77,fix,2024-06-21T20:34:25+00:00
sveltejs/svelte,5b60a0e6ba5b01dbd986d16cc5d2e31940c31011,fix,2024-06-21T21:05:04+00:00
sveltejs/svelte,60d90a9b6059b41423ac32b86012f00f1c8714ac,docs,2024-06-24T13:15:50+00:00
sveltejs/svelte,752f872a1d7ba1cf0c722ad596bcf38541608825,fix,2024-06-24T14:49:56+00:00
sveltejs/svelte,4540ff3118d77e8af73e9591242d190f3ec02ed4,docs,2024-06-25T13:32:26+00:00
sveltejs/svelte,59f7bd6f9fabf0754c9ede43d97c7daeca352d7d,fix,2024-06-25T15:20:22+00:00
sveltejs/svelte,5811236ba50af93d7e09cc757f44e027622ec4b5,fix,2024-06-25T15:34:40+00:00
sveltejs/svelte,a4e994bdf4805d3638b03a2e8d263ea0395916f7,fix,2024-06-26T13:33:52+00:00
sveltejs/svelte,09479c4fe9cfe1bd4a38df2ccebfa29b0ec1b46d,fix,2024-06-26T13:54:47+00:00
sveltejs/svelte,b93adb7d00ec58b7a4eaaa1046e98ce188b2c1ef,docs,2024-06-27T07:49:48+00:00
sveltejs/svelte,d9e8acd0d836118638a1bfb2affe474c1c50ed6c,docs,2024-06-27T09:57:12+00:00
sveltejs/svelte,d3111db1efabfac4590726662519d5979a99da49,fix,2024-06-27T13:40:19+00:00
sveltejs/svelte,266f66958bc45e4504e377b24347f7173def5405,fix,2024-06-27T17:54:27+00:00
sveltejs/svelte,d959d4afbe155647e9d462ad3467a4871068165a,fix,2024-06-28T07:19:42+00:00
sveltejs/svelte,33e44ea697356ea3f21fc6649919cf7fb4948b22,feat,2024-06-28T07:20:41+00:00
sveltejs/svelte,c42bb04276af0024b49aa46918eec69ad56570a5,fix,2024-06-28T11:25:09+00:00
sveltejs/svelte,7c95c7b662d7578bcc1e7fba467323d2372ade96,fix,2024-06-29T20:51:36+00:00
sveltejs/svelte,2c807ad88c95ddce6fdd2fba2508fee29dbacb6e,fix,2024-06-29T20:57:19+00:00
sveltejs/svelte,72fec99b06f83ef9d502bbec2183a2eaac386939,feat,2024-06-29T21:01:19+00:00
sveltejs/svelte,434e1adda66354b199d56a5b45df68a1e46b9be9,fix,2024-06-30T14:09:06+00:00
sveltejs/svelte,0d8330703d2b9d68ad50cd48e1270bb418687974,fix,2024-07-01T08:44:32+00:00
sveltejs/svelte,9f51760dc64a16b047bf43372d7544471dd2d92d,fix,2024-07-01T11:42:08+00:00
sveltejs/svelte,9a293ea8c4fbcfe69446d8d11fce142b9c66e00b,fix,2024-07-01T18:14:00+00:00
sveltejs/svelte,bcf23cafcec9776af28c58bcb2a399e422b57b77,fix,2024-07-02T02:05:03+00:00
sveltejs/svelte,919acadc35fe85dc91efcf8afc59a7cff67750ed,fix,2024-07-02T15:27:53+00:00
sveltejs/svelte,fbb7da7e354a3d7b739d1a31fe2e295204b110b8,feat,2024-07-02T16:11:00+00:00
sveltejs/svelte,d2530ed4a13d43635a3ee619821363cff1af5176,fix,2024-07-02T19:06:27+00:00
sveltejs/svelte,e5d70c3b972931e4d96f2ee35c6178c607307941,fix,2024-07-03T16:35:31+00:00
sveltejs/svelte,2f1d2d5906771a2879f6f77fb62f59bc0b31292c,fix,2024-07-03T20:23:44+00:00
sveltejs/svelte,80263770f1894c126605e7822f1e00ea90b98ab6,fix,2024-07-04T12:09:15+00:00
sveltejs/svelte,bc32b7c8289fbba4ddc1ea436cfc42eaf3ce1f68,fix,2024-07-04T12:09:28+00:00
sveltejs/svelte,15a8518b91b80a8e578fd3378c59f808677c9a53,fix,2024-07-04T14:20:21+00:00
sveltejs/svelte,445f890cd58148f9ad5b2ec7448b8f2e5a508f3c,fix,2024-07-04T15:27:10+00:00
sveltejs/svelte,e42bb61296d57619404e19a53c887ce777c42fff,fix,2024-07-04T18:45:57+00:00
sveltejs/svelte,b2448dcc5c0bfef88e4640fbdd65ce6b695143b6,fix,2024-07-05T11:28:58+00:00
sveltejs/svelte,bbf489504d36b7e76f54d3635f3256b3ef9b9119,feat,2024-07-08T03:02:11+00:00
sveltejs/svelte,2ffb55ce7d69835651ad70ec316f3fb0e0a2a992,fix,2024-07-08T08:32:59+00:00
sveltejs/svelte,67bf7a80673ce9e1a6f5f5e7ab70be2b89a05690,fix,2024-07-08T09:46:47+00:00
sveltejs/svelte,cf16acda3265a7ae6f13cdb1101ca692cbd90842,fix,2024-07-08T13:55:00+00:00
sveltejs/svelte,243c4b78b163140c81095483bb1121b1c988baf3,fix,2024-07-08T14:54:21+00:00
sveltejs/svelte,e8c3729fc94ae948983368a50c4745fc04627496,fix,2024-07-08T16:27:31+00:00
sveltejs/svelte,ee47696986aefe9cb2a66a954e52c1d02002b077,fix,2024-07-08T19:29:07+00:00
sveltejs/svelte,202f1dd8192bba125b925f0775ef1b90ead68980,fix,2024-07-08T22:50:38+00:00
sveltejs/svelte,3dbb2201694a21de329dde83e17b9e4ca96c8ea3,fix,2024-07-09T13:53:12+00:00
sveltejs/svelte,2789a3c0ef55d3bf2ba12cf80617a8336c29b162,feat,2024-07-09T15:39:27+00:00
sveltejs/svelte,529db97928fd9c3a3c2baa12f7f78fe7b2950d0b,fix,2024-07-09T16:54:19+00:00
sveltejs/svelte,1d8d38c8bdfe66571299805a00ea69cd0e8c8ac5,fix,2024-07-09T18:26:45+00:00
sveltejs/svelte,145d67a48905b9f668bd7b3074f49c7d84dc925b,docs,2024-07-09T23:30:36+00:00
sveltejs/svelte,47a073e0dbe2bfd76bfec55fb1500ddd5e8ffdf7,fix,2024-07-10T07:28:13+00:00
sveltejs/svelte,a4f6407144eabfe2547542a7df7d9ba652125828,feat,2024-07-10T13:35:43+00:00
sveltejs/svelte,f3f4ce57415be0a3e1cd3be76e35cc1e5b62272b,feat,2024-07-10T19:12:07+00:00
sveltejs/svelte,b2d106b67dc38aba08b10f43cea0d38014432b6f,fix,2024-07-10T19:51:52+00:00
sveltejs/svelte,2cee6fb141be0cd04397be756fcf18694f424328,fix,2024-07-10T22:33:25+00:00
sveltejs/svelte,4e8d1c8c52a4b1aaa10bbf79aa02e0d44df63e50,feat,2024-07-10T23:35:28+00:00
sveltejs/svelte,587bbe4b5f4fce19ee08b6b5801d8d9bf7d1b1a8,fix,2024-07-11T02:37:43+00:00
sveltejs/svelte,95422e22b6b727c6ed13f29f2c6051c7ca0bb549,fix,2024-07-11T02:38:19+00:00
sveltejs/svelte,fd7b950e7de4c1a4ff7ae9c12f3d42b5ea63c864,fix,2024-07-11T10:48:06+00:00
sveltejs/svelte,277370a79de464f60c7288890a262d16341a1d87,fix,2024-07-11T13:39:56+00:00
sveltejs/svelte,36a6a6b789646c0561097d40c2281c5d96960a19,fix,2024-07-11T16:41:03+00:00
sveltejs/svelte,f58d60068d0a5f647838457e025da31fbf739531,docs,2024-07-12T14:11:48+00:00
sveltejs/svelte,51f12d243d8aca4d4ab9b5d468b633e91d25e3f6,fix,2024-07-12T17:44:16+00:00
sveltejs/svelte,879d88f612e7f385c64dcba3b6c7f6bc3449fa59,fix,2024-07-14T14:32:50+00:00
sveltejs/svelte,efe3b39d091dcfb632d4c5295b7f0c7baaa4ef18,docs,2024-07-15T06:59:00+00:00
sveltejs/svelte,a8dc96eb4345c51efd1e5f0cc02781b18aba322a,fix,2024-07-15T07:08:41+00:00
sveltejs/svelte,81ed425b5ae607c781d4a22e113940ba3c5857f7,fix,2024-07-15T08:19:06+00:00
sveltejs/svelte,73d97f7af96ee940d0516c08a887b6e0f0974be2,docs,2024-07-15T12:41:27+00:00
sveltejs/svelte,e74341a2274a00a953d0e19b1438d1626103e363,fix,2024-07-15T12:42:02+00:00
sveltejs/svelte,141e3e9f928641175ba02310997aa5c6dee057c0,fix,2024-07-15T23:06:11+00:00
sveltejs/svelte,da6e192e1d4a821582c735674b40555831e7104e,fix,2024-07-16T01:38:38+00:00
sveltejs/svelte,b1cf2ece63603c7085d9bbb4e8c43e3f7e7cd1e7,fix,2024-07-16T13:57:18+00:00
sveltejs/svelte,c92620dcbe25f741c55aca0c19d8a94b5b9dfe15,feat,2024-07-16T15:18:59+00:00
sveltejs/svelte,d9569d052e797200f8672d2c76ccece7289337fc,feat,2024-07-16T15:41:07+00:00
sveltejs/svelte,436cc997406b3cbac3c1f84efb81d6b1d81befd0,fix,2024-07-16T15:47:34+00:00
sveltejs/svelte,3d354f0d5c71d6bbc767b74020a919ef58243bf1,fix,2024-07-16T18:23:35+00:00
sveltejs/svelte,9c507a0a57233ec53a853ee6b9f6de7a2fe78209,fix,2024-07-16T20:47:33+00:00
sveltejs/svelte,3c3a542c058b2b1e68e57e77f5255bca6842c793,fix,2024-07-17T12:06:24+00:00
sveltejs/svelte,bc9907aa1c3a3be983f03654572256361438019d,fix,2024-07-17T14:08:27+00:00
sveltejs/svelte,04da87b5996ff441971570aa8479369a285ad04c,fix,2024-07-17T19:21:46+00:00
sveltejs/svelte,b88e667b859a4027017a66b05382ab1fe3474483,docs,2024-07-17T19:31:45+00:00
sveltejs/svelte,4b8674fe0228bbf46b30af15e08463d3d05c6ba8,fix,2024-07-18T13:55:41+00:00
sveltejs/svelte,35ab21df93c6978f279bcdc69ef18b01575745f2,fix,2024-07-18T13:57:32+00:00
sveltejs/svelte,48c5503b53108c0315dc308eead7cf8c3b257999,fix,2024-07-18T13:58:37+00:00
sveltejs/svelte,5d82573dcd63f26b1264057ecbf7f91b4926eec1,fix,2024-07-18T14:08:25+00:00
sveltejs/svelte,dd9ade77367777abf4114e46eec46343e078e3e0,fix,2024-07-18T19:27:29+00:00
sveltejs/svelte,2ce2b7d98b66e34c794b290ac0dc7135a4a3bc2b,feat,2024-07-19T11:24:08+00:00
sveltejs/svelte,20e6508c477972295874d698c73fbd4f071a6155,fix,2024-07-19T11:25:03+00:00
sveltejs/svelte,f402d014549bbf435669ffbc3397bf492b2dd147,fix,2024-07-20T21:21:19+00:00
sveltejs/svelte,0891fa7a18fb2303cc60791a3b5e6739c78fa5b4,docs,2024-07-21T15:28:11+00:00
sveltejs/svelte,ff080cbbdc6d520f40b04960a3a84bc1d7753912,fix,2024-07-21T20:38:16+00:00
sveltejs/svelte,2698716bdf7e40357180e463f49db935eaae5a05,docs,2024-07-22T12:36:16+00:00
sveltejs/svelte,5253c8f8ff555b185ea42d6514b2fbbfff0d47f8,fix,2024-07-22T15:32:46+00:00
sveltejs/svelte,346cf96599fe2f328853fd06fd383f309d863d62,fix,2024-07-22T16:51:51+00:00
sveltejs/svelte,73ac4fe4560d6d470af92adeb5b5277f0513f6ef,fix,2024-07-22T20:30:29+00:00
sveltejs/svelte,72f5539f5161797c868f191b73fed9784ad671d8,fix,2024-07-23T09:34:11+00:00
sveltejs/svelte,e2b75d1a6edc9754a6035f9e3f3d4e05e2cb8956,fix,2024-07-23T10:56:18+00:00
sveltejs/svelte,d73c5b8434b054022b36d2634b7dfdd161f4f9c2,fix,2024-07-23T13:49:26+00:00
sveltejs/svelte,d17755a8b5ef54a47b161786610147ead7c24815,fix,2024-07-23T19:27:44+00:00
sveltejs/svelte,64e9f0e5f6f19ef59609dcbb67dbc372031fd154,fix,2024-07-23T22:36:26+00:00
sveltejs/svelte,9f3ed8968feb08604c2c2352d259e5a0dc2f4819,fix,2024-07-24T11:09:49+00:00
sveltejs/svelte,2ea2be3324c52c15840d66f1960ebc9cfe3a7dd9,docs,2024-07-24T14:53:25+00:00
sveltejs/svelte,c0832fd85de48f5ff812dab9756ddb385b1d74f0,fix,2024-07-24T15:04:43+00:00
sveltejs/svelte,528d3468d07146b55ba5c296d0cf16331bff5d77,docs,2024-07-24T15:53:19+00:00
sveltejs/svelte,37f58cf318871a1f692c6dc36d37458ffa73b298,fix,2024-07-24T17:47:55+00:00
sveltejs/svelte,abaa4413dfc45805aa83c96e33e203666d737afb,fix,2024-07-24T18:35:22+00:00
sveltejs/svelte,7a8cf3a9a17320dad4b25a2ff9b9edb947f79551,fix,2024-07-24T21:47:24+00:00
sveltejs/svelte,bc78391bdc9b54a97817fa167d003c26b249d15d,docs,2024-07-25T08:34:27+00:00
sveltejs/svelte,6223a7e87e018a7a63cc703c095be1f448b82d42,docs,2024-07-25T08:35:18+00:00
sveltejs/svelte,35157760096f9975e942908b658637e41a021f7e,docs,2024-07-25T14:36:43+00:00
sveltejs/svelte,c66d2cfcc1c9e6f170ef63319078d747090db2f2,feat,2024-07-25T21:39:18+00:00
sveltejs/svelte,993fff0045c92571af6722dd9e12433ba1d2bfc7,fix,2024-07-25T23:00:24+00:00
sveltejs/svelte,32af9434bc588655a4d99bb1d330e8bb6d4fbc2a,fix,2024-07-26T20:05:49+00:00
sveltejs/svelte,c9e9e90659375942bbc2b658d257336257682413,fix,2024-07-26T20:07:02+00:00
sveltejs/svelte,7af0e604d82ca2478c126f6acd319ab98435b4e9,feat,2024-07-28T16:53:26+00:00
sveltejs/svelte,219ba6a71ba3a72f1d87b6d2a5c77fad61d5c97e,fix,2024-07-28T19:27:10+00:00
sveltejs/svelte,e417d3a2d281a5ec9b595be5ffbd47efe57b28c3,fix,2024-07-29T10:14:04+00:00
sveltejs/svelte,32c4e4706005bbaec3ff000fb2361b66013d3778,fix,2024-07-29T13:32:09+00:00
sveltejs/svelte,363535c849d71ce7fdb43015fe1b7cddc139ee44,feat,2024-07-29T13:51:41+00:00
sveltejs/svelte,00e8ebde1dab3299176db7c1d3aeddd7798160c6,fix,2024-07-30T18:40:23+00:00
sveltejs/svelte,64d2a2e20cae31acf2a318f9be22bef846b1abcf,feat,2024-07-31T02:45:59+00:00
sveltejs/svelte,9eca3d07360ef01a7524af5b1c63155f86f22a65,fix,2024-08-01T01:37:48+00:00
sveltejs/svelte,31659508b0b05b99283dc91798530b3bcfa9715a,fix,2024-08-02T03:01:58+00:00
sveltejs/svelte,70197fe4ca4be3d44b5dc8ceb3beb25afa5b0fc7,fix,2024-08-02T12:07:01+00:00
sveltejs/svelte,e4e66e237ff31e1e98faade337ab39bfaae19f62,feat,2024-08-02T13:20:37+00:00
sveltejs/svelte,93cfa6cd6969956f32c6bdcc6153949110432eac,fix,2024-08-03T14:47:21+00:00
sveltejs/svelte,8bde2d57108a834ed935cf0bce829badfde93930,fix,2024-08-05T15:27:12+00:00
sveltejs/svelte,e78cfd393e16fb754f7393b535d2120815010381,fix,2024-08-05T16:03:27+00:00
sveltejs/svelte,59ea0b9e13f3833b74afa1958f92276a38e16806,fix,2024-08-05T16:25:40+00:00
sveltejs/svelte,bd9a2d2077592fb44bc4bf474d10f34f900602d7,fix,2024-08-06T14:12:55+00:00
sveltejs/svelte,1942f87ed9e2d51f5a86a982d1492e55182ba10b,fix,2024-08-06T15:49:01+00:00
sveltejs/svelte,60148d335286582192808e5721c60fb5c968be57,fix,2024-08-08T13:39:18+00:00
sveltejs/svelte,ec8a029db4721ef6839c10b0d69112a4cb04eaa1,fix,2024-08-08T18:23:34+00:00
sveltejs/svelte,7de3e3b70362003a525d9aa841fdcac9605b622d,feat,2024-08-10T11:49:24+00:00
sveltejs/svelte,19819d0477203615bdb037bae3c8666f17837081,fix,2024-08-10T16:36:30+00:00
sveltejs/svelte,d8954d7addb2848947e961f40c6fd2c735c420a5,fix,2024-08-10T17:15:09+00:00
sveltejs/svelte,536be645faefc2a7724fa458ac7eec1c375ae948,fix,2024-08-10T17:31:41+00:00
sveltejs/svelte,ba116a1b43f66e607a30fa55f9bbfa067b126ca6,fix,2024-08-11T02:42:32+00:00
sveltejs/svelte,d2efca0b046734fa6ac462dd7a25e4e5f9c0a8f0,fix,2024-08-11T02:46:16+00:00
sveltejs/svelte,97c0150b00540796713299f52750b6b48616912f,fix,2024-08-11T10:58:42+00:00
sveltejs/svelte,7ae21ea97de84bd42b95cff5b8de77c9ce0830df,feat,2024-08-11T11:02:33+00:00
sveltejs/svelte,5094cb9e89f9dfc93c4e8ca2084ae5aaf8d270c4,feat,2024-08-12T10:45:30+00:00
sveltejs/svelte,9a67ab15dac11ae8273cc6213d4684b62e560837,docs,2024-08-12T12:56:11+00:00
sveltejs/svelte,cbcd7617c44159560d4235313a6ae60fb5a466ca,feat,2024-08-12T13:03:41+00:00
sveltejs/svelte,a5d349ebe5738534eb674b6f500d59acde52b0d2,feat,2024-08-12T13:16:32+00:00
sveltejs/svelte,fa5d3a9002106c9abc15f25dfafef1e24ca4ae7a,fix,2024-08-12T15:26:32+00:00
sveltejs/svelte,8600caf9523e236d6fae40675c8d390f00a6971e,fix,2024-08-12T16:44:34+00:00
sveltejs/svelte,9ba370f30549e8435bc7a08a17d10c11948b5ccb,docs,2024-08-12T16:55:46+00:00
sveltejs/svelte,dfb675551413e9ac8bcaedebf736a73cecb94116,feat,2024-08-12T19:42:33+00:00
sveltejs/svelte,873a184b411b669c4a854799a7282be4a187c93a,fix,2024-08-14T12:04:45+00:00
sveltejs/svelte,b0f693b121863904f1c909780d316b020103545c,fix,2024-08-14T13:47:34+00:00
sveltejs/svelte,90334c812c6725d141006b54f0869296f1afcb19,fix,2024-08-15T00:09:09+00:00
sveltejs/svelte,6b6f915f9fa3bfb83107d8d71004a32da27a0466,fix,2024-08-15T09:25:32+00:00
sveltejs/svelte,0a06a3f2b62c3ccf72d802f270e66800c20f2629,feat,2024-08-15T09:26:22+00:00
sveltejs/svelte,57a4b5d19c0d835f9a66c36a0a2cb541f63e2a86,feat,2024-08-15T09:26:49+00:00
sveltejs/svelte,50b905a531eeb2983e051116e678d5db408af879,fix,2024-08-15T09:28:24+00:00
sveltejs/svelte,74b6f4d4dd1a4f315fc08b20109343743a928834,docs,2024-08-15T15:05:01+00:00
sveltejs/svelte,43679b855e39256298058d9fbe6b1a7071d93bdf,fix,2024-08-15T15:16:47+00:00
sveltejs/svelte,d64aee7432550ae84417a78e8ab15a0e5c4b1ed7,docs,2024-08-15T17:00:07+00:00
sveltejs/svelte,d42183827226fda2b9c34dc48a44290c650391ca,feat,2024-08-15T18:35:20+00:00
sveltejs/svelte,e4b7304365d5f0c95223bcaa25290f933174d40e,fix,2024-08-15T21:17:20+00:00
sveltejs/svelte,39c559a0d724bc2b65cf4e0893d0c3229cc7dacc,feat,2024-08-16T22:56:03+00:00
sveltejs/svelte,33a159cd61bb80abe81f2c6bfb698508fd891959,fix,2024-08-17T12:32:26+00:00
sveltejs/svelte,aa55b709e761d7dd3dcdf500c538609d626c08f3,fix,2024-08-17T13:09:09+00:00
sveltejs/svelte,94ed09628dba6038744c88bd1d1d932a85093479,fix,2024-08-17T15:08:44+00:00
sveltejs/svelte,b41300d58a0a42181eb9c4e73334074c331c590e,fix,2024-08-18T16:53:49+00:00
sveltejs/svelte,1f99935b992f0db255fd8d93138af00398e4b56f,feat,2024-08-18T16:54:02+00:00
sveltejs/svelte,aa5c4421cf48cfbd261d99dddfc8ae9312871419,fix,2024-08-18T17:15:45+00:00
sveltejs/svelte,0da4116b9db50ea1850ca69e631384fa963f7127,fix,2024-08-19T12:51:45+00:00
sveltejs/svelte,78b55c4130b19ff3591d19f2d3f57b6ea61181fd,fix,2024-08-19T14:49:19+00:00
sveltejs/svelte,1681b218cf3b42757f7d0f0a7c0dc45a79fea6f0,docs,2024-08-19T19:35:58+00:00
sveltejs/svelte,23bce2da20ad45856c7f6a91b96d4a164fb80588,feat,2024-08-20T14:11:34+00:00
sveltejs/svelte,02c86b1973652ae06581ff42d52192a2f0a5dfff,feat,2024-08-20T14:44:23+00:00
sveltejs/svelte,4ce23bf07eccaf4c4f19554dd6774f2c6c640e2e,fix,2024-08-20T15:58:36+00:00
sveltejs/svelte,212b60203f6e4983998d34775faa0b32e6a0d69c,feat,2024-08-20T16:00:30+00:00
sveltejs/svelte,f6f0e78cbd12220278f2a23acec30c47bcd437e5,fix,2024-08-20T18:14:03+00:00
sveltejs/svelte,63ec2e2e882b639b573bdc0e8bf1afde78043dfe,feat,2024-08-20T19:11:15+00:00
sveltejs/svelte,78677e40efd73c5f0497483d331a51b14f007765,fix,2024-08-20T21:10:48+00:00
sveltejs/svelte,9c2ca693a5d8a06ba4b0582ac03ce3fefd51dca5,fix,2024-08-21T03:02:25+00:00
sveltejs/svelte,419546f29b4d9a6015051639dfabb12d080088f1,fix,2024-08-21T03:11:51+00:00
sveltejs/svelte,17ba4004d7b874d91b969b12609514b8887201c4,fix,2024-08-21T14:08:07+00:00
sveltejs/svelte,af7f90020d12f08541b4010135d6dcddb4e30f0f,fix,2024-08-21T19:25:45+00:00
sveltejs/svelte,01d32e53a9f445280fb498c9069d998840503c00,fix,2024-08-21T20:17:55+00:00
sveltejs/svelte,8c1d439a36db09dc9efe5f6ddfad6a375b9aced7,fix,2024-08-21T20:59:17+00:00
sveltejs/svelte,1aa9c7ba8b55025c405d0f028179e500d73f9222,docs,2024-08-22T03:40:30+00:00
sveltejs/svelte,213258b0240ea46d184efd5a274579642688395a,docs,2024-08-22T07:58:45+00:00
sveltejs/svelte,75759dbeaed0b1629c30bac1f4e24bc3855ef703,fix,2024-08-22T12:48:48+00:00
sveltejs/svelte,cadc0dceca6625c9523becb3073c4e1c75cb4cbf,feat,2024-08-22T13:05:27+00:00
sveltejs/svelte,b4382e422d954e99ef8197ae2ad5aa003fcf99c4,fix,2024-08-23T13:31:09+00:00
sveltejs/svelte,b92fe7951bed07c6905688295d9f1436981b71bf,docs,2024-08-23T15:56:21+00:00
sveltejs/svelte,21081d0fa55363e5cdf5c6c2bea9b5353661db11,fix,2024-08-23T19:10:10+00:00
sveltejs/svelte,72b066b7fd694287ac0cdb381310cd2dd17c441b,feat,2024-08-24T15:35:21+00:00
sveltejs/svelte,975918c602990aa838eaed8dcf102bf414dffc60,fix,2024-08-24T15:48:49+00:00
sveltejs/svelte,96117fa44d88d49e4f49d85a75ca8890b64f930f,fix,2024-08-24T21:37:04+00:00
sveltejs/svelte,cb4f82f811630c0ade5c5498306de5d1647b8b83,fix,2024-08-24T21:37:42+00:00
sveltejs/svelte,eebe42789b0e4ec7dc90eaf9cb9fde15abc18d02,fix,2024-08-26T14:54:04+00:00
sveltejs/svelte,e03dae95da33b0149c24772290f301d72b519853,fix,2024-08-26T18:12:07+00:00
sveltejs/svelte,8cda791d5a82996dc801d32017b217e6b41f3c6b,fix,2024-08-27T09:07:10+00:00
sveltejs/svelte,9cb9692aea3dbf2915c1b5bae0fd71add500a6b9,fix,2024-08-27T21:03:29+00:00
sveltejs/svelte,77096a1f30a35438bdb35306649a30cde3698966,fix,2024-08-28T21:06:16+00:00
sveltejs/svelte,fffb305f4615a3ef577bb82b19b0e255f9765e2b,fix,2024-08-28T21:12:06+00:00
sveltejs/svelte,0203eb319b5d86138236158e3ae6ecf29e26864c,fix,2024-08-30T01:04:42+00:00
sveltejs/svelte,d776e522d2b960195d35b5ff0cbaf9ec60915702,fix,2024-09-01T18:57:17+00:00
sveltejs/svelte,b70d12c2e387121763e69fe483b2102b2f64ff83,fix,2024-09-01T18:57:25+00:00
sveltejs/svelte,2d03dc55c66c7d540be12096898ef3d47f4a8464,feat,2024-09-01T20:43:08+00:00
sveltejs/svelte,6f855e627f0e5321855cd4b61ad0822368e1c545,fix,2024-09-02T14:36:51+00:00
sveltejs/svelte,81b32d8b5a44410c1976dcc8c8fd8213e4b4e576,fix,2024-09-03T07:19:30+00:00
sveltejs/svelte,194570dc70d38fac14991befa09191c6c858f7a0,fix,2024-09-03T09:01:04+00:00
sveltejs/svelte,71c1227513f5182abbcd05b31ca9294f6f5e4d9e,fix,2024-09-03T11:21:41+00:00
sveltejs/svelte,2d37826ee19113ab853bed07382825a8cc0e240c,fix,2024-09-04T11:39:40+00:00
sveltejs/svelte,dfe23a1233bf152666500bd998670b158a929f7e,fix,2024-09-05T12:06:37+00:00
sveltejs/svelte,e1448f22a301dcc4d32829d366bfbf237b73243e,fix,2024-09-05T14:31:56+00:00
sveltejs/svelte,53a90fb8c73bc2a9fb5158b6707371d4d094c311,fix,2024-09-06T10:16:54+00:00
sveltejs/svelte,4f10c83d32ba5d289866093b7d3b514f3c540a3f,fix,2024-09-09T18:40:58+00:00
sveltejs/svelte,fd7e8b70cf7d4a861ba0eae072d3c7c27d532b8a,fix,2024-09-10T12:58:35+00:00
sveltejs/svelte,941f83b5a84daf859d7da623687298ece0307cc5,fix,2024-09-10T14:35:28+00:00
sveltejs/svelte,56f41e1d960fec60ba9235711435ac7ddede372e,fix,2024-09-10T15:04:32+00:00
sveltejs/svelte,25f67df91117b649766144d6ec23425901877083,docs,2024-09-10T18:32:43+00:00
sveltejs/svelte,363f4a06c8baee5f1292116d1417632463df245f,fix,2024-09-11T08:34:19+00:00
sveltejs/svelte,91299b32ff4edf451cd3d912b208338dbfd117dd,fix,2024-09-11T21:28:25+00:00
sveltejs/svelte,e9dc118eb7644bc42204c32bfd7d8ca26f900580,fix,2024-09-12T07:52:00+00:00
sveltejs/svelte,0b25e2be0ee0f680ec9a375ff74d2d35bfdc2a8c,fix,2024-09-12T08:18:45+00:00
sveltejs/svelte,a7a477804ed0e93a3025a6fa8d05654cbf633896,fix,2024-09-12T08:23:08+00:00
sveltejs/svelte,93f8329b1bd4e33336908563d6e69c5eee5f9ce4,fix,2024-09-12T08:27:20+00:00
sveltejs/svelte,3d5702aa8f97e6c5f73a25229b8bdfac16ee11a8,fix,2024-09-12T08:34:03+00:00
sveltejs/svelte,ccbb0b1de2e58c0d2f3149732da995ea5cdfbda6,docs,2024-09-12T09:03:35+00:00
sveltejs/svelte,7998f4ce541343ef65838daf7c076c721631c4a6,fix,2024-09-12T09:05:30+00:00
sveltejs/svelte,804b7140961e6e8d5c060930481b65c8078aa5d3,fix,2024-09-12T21:07:41+00:00
sveltejs/svelte,09dff9bde2f2859a235f056df9101c37639d98f4,fix,2024-09-13T08:44:45+00:00
sveltejs/svelte,61d51958d71b61abd8803a59fe3641acd30f9acb,fix,2024-09-13T09:24:41+00:00
sveltejs/svelte,1a9d8a509c86aeaf5035b3604612dd410924693d,fix,2024-09-13T10:49:44+00:00
sveltejs/svelte,80e30f7001fb75251323853cc88040a622d32d20,fix,2024-09-13T11:07:15+00:00
sveltejs/svelte,e5c840c87bc2c53df518a3859ae9c944c0dbeeab,docs,2024-09-13T13:01:28+00:00
sveltejs/svelte,a6df4ebfcc0c71d940fa6ba9fb6705dd0806c3a8,feat,2024-09-13T13:50:22+00:00
sveltejs/svelte,47918328d7dacec0663c8f9a121a1dffc190c59d,fix,2024-09-13T16:14:49+00:00
sveltejs/svelte,6ed45db20fdec3d43e833851281203af7b599533,fix,2024-09-16T08:20:46+00:00
sveltejs/svelte,d9369d8e309640f71d7a8559dab8c5fb0ee982e4,fix,2024-09-16T13:07:48+00:00
sveltejs/svelte,9864138022959f522f619acd439dbe073bde94c5,fix,2024-09-16T17:27:48+00:00
sveltejs/svelte,3c97c0a1a1738e8d515e0fa4f0d2a8eb41e3d1e8,fix,2024-09-16T17:49:51+00:00
sveltejs/svelte,3d256727bbc1d0c72650b31c09a420bce8d200a3,docs,2024-09-16T18:06:02+00:00
sveltejs/svelte,36a73fa7948eee53914d918c3012c853ba79b859,fix,2024-09-16T18:18:18+00:00
sveltejs/svelte,6b69de79fa84f5e7f82db9160f97fbb7a563ebde,fix,2024-09-16T18:51:40+00:00
sveltejs/svelte,386422941855fead58d00197d8ef73342572632c,fix,2024-09-16T19:44:17+00:00
sveltejs/svelte,836bc605f4f305848d8972f3d7862c83e505cd19,feat,2024-09-16T21:14:09+00:00
sveltejs/svelte,b624380c4556cb5a7038f812f984258771dadd2e,fix,2024-09-17T01:31:24+00:00
sveltejs/svelte,36168286ba84305926d89bb7505c0ac0344adeda,fix,2024-09-17T15:45:18+00:00
sveltejs/svelte,c229e0f80b9e41fa46bc7b53460d886857dc54bd,feat,2024-09-17T16:49:02+00:00
sveltejs/svelte,09527fd19064061926c22bbdf900a4ecaa4bb27e,fix,2024-09-17T21:59:26+00:00
sveltejs/svelte,d338e8083f13aa04c5197468eaf695f726de8696,fix,2024-09-18T18:11:52+00:00
sveltejs/svelte,c4d8d405c9078ce858b8a70689d8c0ef5b3b60db,fix,2024-09-18T18:12:09+00:00
sveltejs/svelte,1d1e4aeeb11580d0d94d6ae480ed66ae85206acd,fix,2024-09-18T19:13:55+00:00
sveltejs/svelte,5dbe7637924b89cbd387ca182ed551e2a3e047fa,fix,2024-09-19T12:45:28+00:00
sveltejs/svelte,321e3eafa72313e4fe3c6af0d6222f8a2125da3a,feat,2024-09-19T14:00:29+00:00
sveltejs/svelte,db6545d173833d868ad67285d467b11df3925f8c,fix,2024-09-19T16:06:16+00:00
sveltejs/svelte,e4926d7507e128d2b13e2936131c10133fdbd920,docs,2024-09-19T17:38:40+00:00
sveltejs/svelte,c636fc67bc005431db6d7b1461d5a3ab6c7eb903,fix,2024-09-19T18:56:27+00:00
sveltejs/svelte,d6ab12ae76a44cd20e94afa8058aac44e4fa24ab,feat,2024-09-19T19:27:28+00:00
sveltejs/svelte,b3f39151803797def93cdfec6bb544d07a0ac512,fix,2024-09-19T21:06:37+00:00
sveltejs/svelte,3aa2ec081350f5f62725f9f918cee3b1efe9f180,fix,2024-09-20T00:17:37+00:00
sveltejs/svelte,c5fa0b46e1b74bce71332e08636d4f74496efc43,fix,2024-09-21T17:11:37+00:00
sveltejs/svelte,c5028a27c55112f942bcbd27f3d1d1d846aafddb,docs,2024-09-23T12:32:11+00:00
sveltejs/svelte,2c98768b84f820a39c7f8a9e7c2b5acdd9e606b5,fix,2024-09-23T14:04:05+00:00
sveltejs/svelte,0f6cc2b1edc5c9e16e86728652a57d331d521755,fix,2024-09-24T16:15:15+00:00
sveltejs/svelte,3ee8e0b14c9c6549e293eea498ec0659969df513,fix,2024-09-25T11:24:40+00:00
sveltejs/svelte,b73052f5906adfe0f3baff3d8da9e938ca0dc7b4,fix,2024-09-26T13:12:30+00:00
sveltejs/svelte,9627426f7fc3ba108d6febcd93752b39ae08fed0,fix,2024-09-26T14:56:47+00:00
sveltejs/svelte,505e8caa230c4934beb445be857305d4131167d0,fix,2024-09-26T19:40:41+00:00
sveltejs/svelte,e3e8f22a6fee28c235188654699c0adf8f524920,fix,2024-09-27T09:48:17+00:00
sveltejs/svelte,30c438c279488613b8520a94c4334c2537a17de0,fix,2024-09-27T10:45:09+00:00
sveltejs/svelte,d4230049da0c6f52c9c2d2c3e8ecef6c949af09e,fix,2024-09-27T10:49:28+00:00
sveltejs/svelte,25316580465304ff461fe10f6ccad8bb91bbfa41,fix,2024-09-27T10:57:34+00:00
sveltejs/svelte,56621a2b3630414872f6db997bae8f307b0d81a6,docs,2024-09-29T01:54:22+00:00
sveltejs/svelte,868ddb84410fed0607b029653b2333779424b000,docs,2024-09-29T16:23:38+00:00
sveltejs/svelte,b665425e5d2e41c11b3f3fd56e78b515709401c4,feat,2024-09-30T12:50:42+00:00
sveltejs/svelte,344808a719fdf1461828def02e8bb45754956ec9,fix,2024-10-03T10:52:09+00:00
sveltejs/svelte,073ef17028a2274bf86d243959aff6e32ba313ae,fix,2024-10-03T10:53:27+00:00
sveltejs/svelte,a51b3df4aa4184c6c025f9f20fb51ff11791b398,feat,2024-10-03T10:55:53+00:00
sveltejs/svelte,dfe0138e0d0fb25a34b6c0e6105e94f6ae71b5c2,fix,2024-10-03T10:58:57+00:00
sveltejs/svelte,c716329806b8b7603d7906982bd4b48493898c3f,feat,2024-10-03T11:07:41+00:00
sveltejs/svelte,6c1e4629277b6b24dd3076aba54a8fd477bcc371,fix,2024-10-03T11:09:53+00:00
sveltejs/svelte,d77905d7884f96bb7af8cc0265f3382535b39e42,fix,2024-10-03T11:44:40+00:00
sveltejs/svelte,5675067e2ba392bb4a54cbfd086a92cb1c9db8d1,fix,2024-10-03T12:12:08+00:00
sveltejs/svelte,3ce0384e9e6dda7f02d483ad9b74f4c06fe05e8b,fix,2024-10-03T23:36:58+00:00
sveltejs/svelte,49a09081f0e65c73aec521455886b8b7de8a6a80,fix,2024-10-04T08:12:17+00:00
sveltejs/svelte,7d47269fc2d7632b13b746e96f9f833243e530f7,feat,2024-10-04T08:14:13+00:00
sveltejs/svelte,aa3f00246503675e5310de0a5f49fed060e3321b,feat,2024-10-04T13:16:36+00:00
sveltejs/svelte,687d9dbef24f0e3b94929a958421dc8102d57b8a,feat,2024-10-04T20:52:45+00:00
sveltejs/svelte,c6af26ffd167d4480b139801cc6964ffe7392556,fix,2024-10-07T12:42:49+00:00
sveltejs/svelte,51939e27435fd87caab89417fb45ce81d9b2d731,fix,2024-10-07T13:33:05+00:00
sveltejs/svelte,dfb8eee1ccb9cd99cfaabbf5171ef20295e70d44,docs,2024-10-07T15:59:25+00:00
sveltejs/svelte,db305a07f25ad7370e7ee96f5d3d73ba575ea712,fix,2024-10-07T19:46:07+00:00
sveltejs/svelte,765ca030d699dc7ddc5a07a9ca7cdc3298704b4e,fix,2024-10-08T18:43:10+00:00
sveltejs/svelte,3d30067370e23f3c9c81bd80a897889743cb6fac,fix,2024-10-08T20:38:51+00:00
sveltejs/svelte,2b0741fa11c3ee0e3d8d265ef9f36e2be4b7bfbd,docs,2024-10-08T22:07:13+00:00
sveltejs/svelte,7ac0d8e7cd184a00c0c0c62a7c6b7f6f98222327,fix,2024-10-09T12:54:34+00:00
sveltejs/svelte,6ed3ca380b4c86bc548b3163d4e85a4bccdcf613,fix,2024-10-09T13:03:14+00:00
sveltejs/svelte,06c9e5864b0d2ea97c538ce21e6ccffe1f63cf90,fix,2024-10-09T13:03:39+00:00
sveltejs/svelte,a0a31ed0d00eac7ff014eb4b254149b65b0f6a0b,fix,2024-10-09T16:25:26+00:00
sveltejs/svelte,6776947ae85e58a2a947d1ce3143b4af3f799466,fix,2024-10-09T19:45:36+00:00
sveltejs/svelte,531ff6243c23e53b7a0dd2f6d3661e67cf0cab3b,fix,2024-10-10T11:21:31+00:00
sveltejs/svelte,d220edd75439fde00a60145b78ba7cc6d707f210,fix,2024-10-10T13:32:56+00:00
sveltejs/svelte,1c8d1ca124b7cd86a448e1947f98ef376eda1918,docs,2024-10-10T16:40:53+00:00
sveltejs/svelte,4578d4f25ac1de2acbceab162c8212745a74cf60,docs,2024-10-11T00:05:38+00:00
sveltejs/svelte,3f0b41b252af05e867ea27dd9bdd2a3d904f269e,docs,2024-10-11T02:22:01+00:00
sveltejs/svelte,7e6d93d1c3492fbd608a502f3f773350f945d6ac,fix,2024-10-14T15:04:57+00:00
sveltejs/svelte,eafddf4358ad750173c3573fb92f3d735fdd7bcf,fix,2024-10-14T15:05:23+00:00
sveltejs/svelte,4dcac41c10b1fbd4e6a1c5b7061e6a668ef062fd,fix,2024-10-14T15:20:03+00:00
sveltejs/svelte,81f28ccf5d398647377efc8ef5435d09d217ddf9,fix,2024-10-14T22:35:37+00:00
sveltejs/svelte,caaf74b854f10dafbdb97ea19cd017e114d4aa71,docs,2024-10-15T02:48:40+00:00
sveltejs/svelte,829be3d611ec839453e698bb8537316260152248,fix,2024-10-15T14:22:04+00:00
sveltejs/svelte,68a226341597fc2baef1dc33f63dd96497e25565,fix,2024-10-15T15:39:37+00:00
sveltejs/svelte,76067a5fbcf15143b0c0f9d60234f4560d0966c7,feat,2024-10-15T15:48:10+00:00
sveltejs/svelte,48f0bfc73f142a51c21e8bf2313fcde64a150d0b,fix,2024-10-16T09:44:08+00:00
sveltejs/svelte,ed790ee166ba654e3a15ddf960640f57a02ac460,fix,2024-10-16T11:51:19+00:00
sveltejs/svelte,75fecf82a63c3c65b9d8ae21e488bbe42e07a918,fix,2024-10-16T12:05:26+00:00
sveltejs/svelte,440017d4425fe2904d3ddd5499e2eb6b62be2d28,fix,2024-10-17T09:28:54+00:00
sveltejs/svelte,372884cf99420dd9d343a4ad78f6aa540a4df289,fix,2024-10-17T10:30:28+00:00
sveltejs/svelte,ffa2af754911ff1687de21e1b7faad7d255bdf5e,fix,2024-10-17T13:05:05+00:00
sveltejs/svelte,139114bdcb7c795ff44f38cafbe8a4a927e4416c,fix,2024-10-17T13:05:19+00:00
sveltejs/svelte,193cc37f7a9ec4148b1106f942c363cf41da85f6,fix,2024-10-17T15:43:39+00:00
sveltejs/svelte,b352f08e9d7ca1a6a03887c1f2ab9e44910e1c25,fix,2024-10-17T18:06:24+00:00
sveltejs/svelte,0dcd4f6c6e8db809e5fd79e65ade10617568aa2f,feat,2024-10-18T00:59:57+00:00
sveltejs/svelte,969e6aa750a4dccf3566fd4b12545f83e2492c72,feat,2024-10-18T01:05:01+00:00
sveltejs/svelte,9f930f4e9b3c39adcddf3efce6faea92377542b1,feat,2024-10-18T10:09:08+00:00
sveltejs/svelte,f398929fdd99f1d500fd994c9b2f80820a88d048,fix,2024-10-18T17:04:53+00:00
sveltejs/svelte,c9d85c2d522f790d5ddc34a0afeb7ecf80244be0,fix,2024-10-18T17:15:11+00:00
sveltejs/svelte,18c5a5ba2d061c98c213a6c5717710e0440fe526,fix,2024-10-18T23:45:53+00:00
sveltejs/svelte,bb491f12294a874995f8b75a82d11d53e30d34d5,fix,2024-10-19T12:12:45+00:00
sveltejs/svelte,2ca9a816799485e0fc932d8bb86ff03df71d5cad,fix,2024-10-19T13:11:55+00:00
sveltejs/svelte,6ad017ffc51ad7e0774fc377fae171c06f116723,fix,2024-10-19T19:49:57+00:00
sveltejs/svelte,e43176906f0dc931bd5a4c50baf1cc1fcb084bab,fix,2024-10-19T21:23:30+00:00
sveltejs/svelte,8251bae8db4bbdd6c57bdeab4b43f85e543f916c,fix,2024-10-21T08:33:57+00:00
sveltejs/svelte,8a06d051e81492ff0d2ea2b9e6b54ac1c9d9bf87,fix,2024-10-21T12:18:32+00:00
sveltejs/svelte,a08f063b37cb89bc9711d20bd9dd4288cdb08db3,fix,2024-10-21T12:56:57+00:00
sveltejs/svelte,2efae794b893d4b852cfd0a1ad656f2d6ad83d03,fix,2024-10-21T13:25:49+00:00
sveltejs/svelte,ad578a5da544691ab49f02f50d31c212ee23ddfd,fix,2024-10-21T15:37:09+00:00
sveltejs/svelte,d1cac703c05368b9a82f2a20855d01654c25a960,fix,2024-10-21T19:06:57+00:00
sveltejs/svelte,ef205d960e1ad723a883afc0df75a57454f151fc,docs,2024-10-21T19:07:48+00:00
sveltejs/svelte,9832c639e5a7d3ae0c13cb30edfd563f071325b3,fix,2024-10-21T20:11:09+00:00
sveltejs/svelte,41d61c7a375bb193547e3044dbbf8f78a201e871,fix,2024-10-21T20:28:04+00:00
sveltejs/svelte,8ff2af52d3381504c26feb6c00da9fa8281bfb1a,fix,2024-10-21T21:36:08+00:00
sveltejs/svelte,4a0c90e87de3bf1b1d74f287049bc018565d65e1,docs,2024-10-22T07:42:12+00:00
sveltejs/svelte,de609ec34cc0e6c5136cc056295fc175172d6a02,fix,2024-10-22T10:46:59+00:00
sveltejs/svelte,b6a67e85b4c1c67cb0d7362eea4e7ed9b603a50f,fix,2024-10-22T15:28:51+00:00
sveltejs/svelte,be131575d84089d3eb3a2c4a591c1b04366ab98f,docs,2024-10-22T18:40:29+00:00
sveltejs/svelte,dbba2b0d27ba2d2465f741be5005f2e557989292,docs,2024-10-22T19:08:01+00:00
sveltejs/svelte,0fd1a4513175e90ed42ea46f21d8c641472b7c6f,docs,2024-10-22T19:10:12+00:00
sveltejs/svelte,708fd9c4be16b43f175abe9bf04f5a62e34cb06b,docs,2024-10-23T00:57:25+00:00
sveltejs/svelte,d16a9da1539c65a0c2c2f2b0a86931adbfaee1f0,docs,2024-10-23T02:56:38+00:00
sveltejs/svelte,95980d1f08f97fbfc141748aecf194f1b5013f22,feat,2024-10-23T08:15:15+00:00
sveltejs/svelte,6257203c22683f45ff1aabd515e023f2f2825cf2,docs,2024-10-23T14:48:59+00:00
sveltejs/svelte,69f6b58bd405fbff97f1dc6b99a794823c997512,docs,2024-10-23T14:50:43+00:00
sveltejs/svelte,17cb462ca459aff79c831707c4d59e08770b5eb9,fix,2024-10-23T16:35:26+00:00
sveltejs/svelte,c603553e89a3affcb4cea0c4fa4923430aacfad1,docs,2024-10-23T17:00:54+00:00
sveltejs/svelte,96e2d5a395fa89a7ed0771489a9fe2f5b8fd6a97,docs,2024-10-23T17:20:37+00:00
sveltejs/svelte,d621f59642747c5f65b71abb3436a8d8e08ade9d,feat,2024-10-23T18:38:00+00:00
sveltejs/svelte,134049f6d31f98af90d10c373725de8f680f4d30,docs,2024-10-23T18:39:29+00:00
sveltejs/svelte,3d3c98f3b0fe739ed4c1186e0782717bf96028e4,docs,2024-10-23T20:24:52+00:00
sveltejs/svelte,86ef18165f35d132f77b711263f00899f8134554,docs,2024-10-23T21:03:15+00:00
sveltejs/svelte,60dcffb8564bfcc1401ae4c934c742e31a24bc2f,fix,2024-10-24T10:03:32+00:00
sveltejs/svelte,4fbd2a6f104e5f458264a129c39dac469717da2a,fix,2024-10-24T12:20:04+00:00
sveltejs/svelte,04c38b089fb3aa99d2394c86a7dc2c26907cb635,fix,2024-10-24T12:21:27+00:00
sveltejs/svelte,b979c291e274e730a9d55f758ca463b65a09eb7b,fix,2024-10-24T13:23:58+00:00
sveltejs/svelte,7c7fd6518f2c8d88a7c1a401a75bf97ab65c6cc8,feat,2024-10-24T17:20:40+00:00
sveltejs/svelte,59ff7f1e88134a21024483377b502c6a94db6051,fix,2024-10-24T21:04:50+00:00
sveltejs/svelte,4cf2d4a9049b1a32755ce3fad3418e81d6320ff3,fix,2024-10-24T21:12:40+00:00
sveltejs/svelte,42ccdc1023f2169fda6aa4e4419238f9b31fe387,fix,2024-10-24T21:21:01+00:00
sveltejs/svelte,31472878130a5b508f4875a6423f5e8a0709e3c9,fix,2024-10-24T22:04:34+00:00
sveltejs/svelte,b63fde3b75a77fb9fec3a9e126a8f0643ebb5d28,fix,2024-10-24T22:54:22+00:00
sveltejs/svelte,18e2284e749a6a4334d56e1bb40e3ef4fc140bb0,docs,2024-10-25T01:56:44+00:00
sveltejs/svelte,1a6a3e7ebd27b55f4ad00197fddc7e197399bb1a,fix,2024-10-25T07:41:54+00:00
sveltejs/svelte,feb2d85f4601879bc2edf508374511c4a7e038a3,docs,2024-10-25T09:52:36+00:00
sveltejs/svelte,441124c5c7d1bb35de9cb20377cddb4bad026eba,fix,2024-10-25T19:29:44+00:00
sveltejs/svelte,81f9bdd376979baa8b85095e9421897d7046f303,fix,2024-10-25T19:30:15+00:00
sveltejs/svelte,7bbaedd6c749809ba987d937a57c6cd7c0fbd71b,fix,2024-10-25T19:38:25+00:00
sveltejs/svelte,1e6cf1bb408acb787ebab001b4301b961b76bbed,fix,2024-10-25T21:02:45+00:00
sveltejs/svelte,83a5eaac8e3ad2c549c640549d84b6bd3efd01c4,fix,2024-10-25T21:04:54+00:00
sveltejs/svelte,7be3afb3a642d1654a4b96ddfa3d6239a8cf1a6b,fix,2024-10-26T07:20:06+00:00
sveltejs/svelte,12fcc7a35a9fedfa5cf3cb85b4cc904b75f2aff5,fix,2024-10-26T16:20:37+00:00
sveltejs/svelte,5ab65e3d59b678206d1784487b1db049d47ddaec,docs,2024-10-26T16:22:15+00:00
sveltejs/svelte,67cf3871b4fe4f0130406b6d1c1b51e26f155bb4,fix,2024-10-26T17:18:53+00:00
sveltejs/svelte,ac6d8c0bf4534221818c634286c7c9b1b7fd91d3,docs,2024-10-27T10:36:36+00:00
sveltejs/svelte,430c2bb129214aed17ca27db8bef5c9e9c897428,docs,2024-10-28T07:38:58+00:00
sveltejs/svelte,e99e865291dd135df2d6f5f1836f3364afb10e5d,docs,2024-10-28T12:05:24+00:00
sveltejs/svelte,3876b302f3bbaedfae1fa20e334354e791f2dbc6,fix,2024-10-28T22:03:59+00:00
sveltejs/svelte,c93a645b68659c5d1a6f2851b9f115285c146805,docs,2024-10-28T22:59:39+00:00
sveltejs/svelte,b3437e60205e624d43ce9383edd725d912cbbbd2,docs,2024-10-29T22:27:56+00:00
sveltejs/svelte,08bc37a374b452feb057fa7f0a869e0009e6cf54,fix,2024-10-30T09:23:49+00:00
sveltejs/svelte,cbc2ca36ce6a5c1266daade8c1b042f79669a860,fix,2024-10-30T10:31:21+00:00
sveltejs/svelte,2e9dab6a2130bb091f56e1c75d51f3176fcaa7d2,fix,2024-10-30T10:31:59+00:00
sveltejs/svelte,010620498287a580acee26ccb0b1fb635a67c450,fix,2024-10-30T10:47:21+00:00
sveltejs/svelte,435a9c1cd033dc4a31af9ba007eb7f5b6e24c488,fix,2024-10-30T11:02:18+00:00
sveltejs/svelte,f52a30347f2dc91f23127a6d2271e4f66931bada,fix,2024-10-30T11:09:47+00:00
sveltejs/svelte,1434f48f7c53897905a1758b9318450c6b356522,fix,2024-10-30T14:33:15+00:00
sveltejs/svelte,8a2c97a7b87cc6bfe15c6f16d2c960895b13e955,fix,2024-10-30T15:33:43+00:00
sveltejs/svelte,6ad824046408f1bda1137d0776cbfeda24d5117a,docs,2024-10-30T15:37:18+00:00
sveltejs/svelte,253d01ec290fd2d83a8f4024eb6875bd655d0f28,fix,2024-10-30T16:27:47+00:00
sveltejs/svelte,4157db94c439148109c8bc407365371f7babae7e,fix,2024-10-30T16:50:33+00:00
sveltejs/svelte,bce1c4898c1460926662f47aeff1588681720806,fix,2024-10-30T19:35:06+00:00
sveltejs/svelte,cdec39afac9acf5293eda5bc9208cd00300b47c2,fix,2024-10-30T21:07:38+00:00
sveltejs/svelte,ee2f4a209bdcfff7760843353567c99831d2e2ac,docs,2024-10-30T22:45:08+00:00
sveltejs/svelte,217ef2062d2762c380fa98cc7965a88940de80d7,docs,2024-10-31T10:25:19+00:00
sveltejs/svelte,e47ee226286173db32e09d9f969d34815a1f3d85,fix,2024-10-31T10:26:53+00:00
sveltejs/svelte,3999fed4ca30b35f26b9758afd3240614889e8b7,fix,2024-10-31T11:02:30+00:00
sveltejs/svelte,d93ad3ba1e8c28c2facaec49e19d2ac1ed577e9f,feat,2024-10-31T11:25:49+00:00
sveltejs/svelte,4715dfaad2562bd9074d3ff79fd775aeee4dc0a0,feat,2024-10-31T11:59:49+00:00
sveltejs/svelte,4f80ab6da6a0bfe64c4a0d125ba0619461809ac6,fix,2024-10-31T13:47:53+00:00
sveltejs/svelte,2bdc3d401f8bce90ff92d8cd1d34c25f61293d7d,fix,2024-10-31T17:16:06+00:00
sveltejs/svelte,0ed914b2e54dd14df77f672d4d3300bc80f200af,docs,2024-10-31T18:10:47+00:00
sveltejs/svelte,58b1540ddc52e52215eb41e20db58c6a796cc329,fix,2024-10-31T18:36:21+00:00
sveltejs/svelte,ffbd5c971e67e98a55745885ab01cb28c9b82228,docs,2024-10-31T18:52:56+00:00
sveltejs/svelte,6a2c28c59091f93c483ed4a77d2eaf617d602ae8,docs,2024-11-01T07:49:52+00:00
sveltejs/svelte,7d11fa8da2f97be96fa9353bd28981d946b06903,fix,2024-11-01T12:19:52+00:00
sveltejs/svelte,9883e7078cfedf67b12302b8e202519794293b3d,fix,2024-11-01T16:08:45+00:00
sveltejs/svelte,aac4cbd1f1c854cbc5e72d824538077a1234d07e,docs,2024-11-01T16:21:36+00:00
sveltejs/svelte,82b87b361e2004b58f683be3c70d678ed8f29e59,docs,2024-11-01T16:48:04+00:00
sveltejs/svelte,4ec9986cba11d4635155e90c87c7ac5e6503a6c1,fix,2024-11-01T18:09:27+00:00
sveltejs/svelte,304d88edd0a0c8f89603aa3309217b46720ed304,docs,2024-11-01T20:09:00+00:00
sveltejs/svelte,8d0937a53427d6ecd50a5fdd41fbfbd6aff3168c,docs,2024-11-02T19:09:23+00:00
sveltejs/svelte,00f5b14d4029760b6e0583d5d4c0ebc7b3484520,docs,2024-11-03T02:23:32+00:00
sveltejs/svelte,a952860232203cbb3228387f5a3e70de28192796,docs,2024-11-03T02:24:10+00:00
sveltejs/svelte,74a2c6b5807de1540f48db3875dab36d56ca738e,fix,2024-11-03T13:31:54+00:00
sveltejs/svelte,8de5605b6a5ffa436d6fb9be5991345477e09f73,fix,2024-11-03T13:36:11+00:00
sveltejs/svelte,551284ca2259d934d34b71a38071d85684bd6d4f,fix,2024-11-03T14:04:52+00:00
sveltejs/svelte,8731f4f780da8c439e6b1abfcce579a3c07efb48,docs,2024-11-04T16:32:50+00:00
sveltejs/svelte,57e27ae90e19df103a01a9a56117bf2402bb029a,fix,2024-11-04T21:19:53+00:00
sveltejs/svelte,7dbe812fc92ad87e30a91ddb3270261964531c54,fix,2024-11-04T21:49:54+00:00
sveltejs/svelte,e6dd871819a5da9a749e7e0f015a774be8eb5ee3,fix,2024-11-04T22:31:36+00:00
sveltejs/svelte,3d67cd53dbee6079834e208de4f65861798a3131,docs,2024-11-05T09:13:46+00:00
sveltejs/svelte,f1f4c29a9980480eefe75b973272c894aceaad17,fix,2024-11-05T14:03:23+00:00
sveltejs/svelte,16a40a8bcea44ff2ea8a062d20bc6e109bf65a22,fix,2024-11-05T14:30:04+00:00
sveltejs/svelte,0c853208ceba88053516312e27797df387d45c82,fix,2024-11-05T14:46:01+00:00
sveltejs/svelte,e786729555c58ce8ab4409e6c0de1780d65d205d,fix,2024-11-05T16:05:21+00:00
sveltejs/svelte,927319c139a2bf729499ba4f576ced369a6ba41f,fix,2024-11-05T18:51:50+00:00
sveltejs/svelte,5077061695a00f8e6fccc37cf7fd66490e061ae4,fix,2024-11-05T19:29:38+00:00
sveltejs/svelte,aa23415179364d7f50f652c4e1a704e5a5d2ff16,fix,2024-11-06T12:49:37+00:00
sveltejs/svelte,9b2a8f15fbf9c96b3cdb7af54eb72f557730a177,fix,2024-11-06T15:48:27+00:00
sveltejs/svelte,26d109cb115507928e944f164ff1da7fdb93f1bd,docs,2024-11-06T16:32:12+00:00
sveltejs/svelte,f1aeaf19e5ed0044e5728a6357403f617abc6f6e,feat,2024-11-06T16:41:17+00:00
sveltejs/svelte,44a833fafee1dc760dfc6f18f2e699b74cb4baea,fix,2024-11-06T17:51:09+00:00
sveltejs/svelte,1eed645919bf9f0f5a2d609752ce1570e3d5876e,fix,2024-11-07T14:30:06+00:00
sveltejs/svelte,ea0d80e1950b5c62547c69a26c823282e8d88ad3,fix,2024-11-07T14:33:02+00:00
sveltejs/svelte,53af138d588f77bb8f4f10f9ad15fd4f798b50ef,fix,2024-11-07T20:18:45+00:00
sveltejs/svelte,870745fc5370d0bb6b2c5186bffcc1602168a4a7,fix,2024-11-08T09:53:43+00:00
sveltejs/svelte,31e6bbb6466d1a8dad71efeb9f63b7e1c1010d32,fix,2024-11-08T11:25:03+00:00
sveltejs/svelte,f0c2d4c69833d161778ddfde3ed77740499f674e,fix,2024-11-08T13:14:56+00:00
sveltejs/svelte,1060bea6e1fd1a02f2d251e200591864511e2ea2,fix,2024-11-08T14:30:38+00:00
sveltejs/svelte,6534742ae13b6f064f0768df245b3d363add0e1e,docs,2024-11-10T13:25:11+00:00
sveltejs/svelte,1e5a385c968afb302beb38e7d8dd2982fdd66d0c,docs,2024-11-10T13:31:50+00:00
sveltejs/svelte,7bc94b998476e9dfed73ad9ef0f66b7d06252b27,fix,2024-11-10T19:55:39+00:00
sveltejs/svelte,ae9f53a3bde79e8777e865acac3b99612c2cec71,fix,2024-11-10T19:56:00+00:00
sveltejs/svelte,653f4accbd3393fdaed072b936a39d908cf9d20a,fix,2024-11-11T09:28:56+00:00
sveltejs/svelte,0fa43e216dc0744f5b41751f087024c45efde66f,fix,2024-11-11T13:55:04+00:00
sveltejs/svelte,36ece1c38114a7d1b4177829f76201eaeef7a6f4,fix,2024-11-12T13:46:26+00:00
sveltejs/svelte,033061842d463c1db9a0ebed3b27a2ab5b7fddb7,fix,2024-11-12T17:13:05+00:00
sveltejs/svelte,ac9b7de05866d2fde6f8fe06281ac97f0e540ec7,fix,2024-11-13T08:24:56+00:00
sveltejs/svelte,45fa678242bec9809b9458a7e0102ceeacc369af,fix,2024-11-14T10:24:02+00:00
sveltejs/svelte,320ebd24d8857570b0c180752765fb1580590367,fix,2024-11-14T11:54:27+00:00
sveltejs/svelte,7fd37740150da964f923f136fed36c2156b533b4,fix,2024-11-14T20:22:35+00:00
sveltejs/svelte,637364104538cdac26e3807fd71e4be6dd2958f8,docs,2024-11-15T13:32:47+00:00
sveltejs/svelte,efc65d4e0c185cd597a6eeef013f6641b8e25d50,fix,2024-11-15T13:33:10+00:00
sveltejs/svelte,94471ca38e9752c08dde1620916b76ff517b369b,fix,2024-11-15T22:50:47+00:00
sveltejs/svelte,3a69b4c41533757ea0e3c7e293bd41818a833ead,fix,2024-11-16T17:10:45+00:00
sveltejs/svelte,24ebbcbbc19701987d7560c4fe3952e8c24432ef,docs,2024-11-17T22:27:34+00:00
sveltejs/svelte,1c454c236eeb00fab04007b4c8b9ae0f475e9cf6,fix,2024-11-18T14:24:55+00:00
sveltejs/svelte,012166ec3c2a4f199d0314444519096bc21d3715,fix,2024-11-19T16:48:01+00:00
sveltejs/svelte,6e8267f46277592f6f6afb6f77d62d3d9d740605,fix,2024-11-19T16:48:30+00:00
sveltejs/svelte,747d40833b024d2b5ea5cf0de8e6198cbd3af23c,fix,2024-11-19T19:04:40+00:00
sveltejs/svelte,32a14538051a9ab382b467d4c5f772114809b7d1,fix,2024-11-19T21:38:36+00:00
sveltejs/svelte,4dfa0e31fe70174538ca47efe1b276ca13b2cd80,fix,2024-11-20T15:14:33+00:00
sveltejs/svelte,7bd1cdf4271078c977cc39497cbe545a9de4dd62,feat,2024-11-20T15:14:56+00:00
sveltejs/svelte,811c8d32ebcd38501ec5acf1eabe461693bc24d7,fix,2024-11-20T15:19:17+00:00
sveltejs/svelte,520055cf5c6635e44aa2cb04fdabc6ecb776d527,fix,2024-11-20T20:03:05+00:00
sveltejs/svelte,dd9abea2a1059cbead398c5578bfd07a3c3ddd69,fix,2024-11-21T16:40:10+00:00
sveltejs/svelte,e721d96d32ccbea5961f491a4349f71e57b15cd1,fix,2024-11-22T15:22:05+00:00
sveltejs/svelte,37e6c7f26b39b6f068ed8ccba47aa186e2ca241a,fix,2024-11-22T19:44:43+00:00
sveltejs/svelte,63484aff9bbaf1029e88451ccb726854d683b5a8,fix,2024-11-25T14:46:01+00:00
sveltejs/svelte,9e9fb2463cda29e5ed75601515651379ff328cfd,fix,2024-11-26T15:00:54+00:00
sveltejs/svelte,a6ad5af0bb361960160937a6317a2401384b1e1c,fix,2024-11-26T19:05:40+00:00
sveltejs/svelte,45417a36ce8100095f91907cdb9d47bbeafbaff7,fix,2024-11-26T19:18:35+00:00
sveltejs/svelte,19d80ad63c545bff2b84d29563cfab8e63b5bf68,fix,2024-11-26T21:30:21+00:00
sveltejs/svelte,d6fc176fcb2f1685e762febf88e52a8f63aecb4c,fix,2024-11-28T00:41:36+00:00
sveltejs/svelte,d62e7bdbe1a70381009e24bf858744b9227469fb,fix,2024-11-29T14:09:05+00:00
sveltejs/svelte,a60e837e44fd41d4e68f9a0d59b9d09590908465,fix,2024-11-29T21:37:04+00:00
sveltejs/svelte,00aaad16b2601ce3c94735dc4c3633107268b163,fix,2024-11-30T15:17:04+00:00
sveltejs/svelte,4c884312287d367d8c3c33659ba20ad74b1d9e62,fix,2024-11-30T15:42:51+00:00
sveltejs/svelte,f2eed15c021b038a77cb97e71c565823ef2c16fb,docs,2024-11-30T17:25:14+00:00
sveltejs/svelte,ed7ebcde1e8f01c49bc3082d00724e092803ac63,feat,2024-12-01T13:53:42+00:00
sveltejs/svelte,9fcfd7f0d1fc79a9e2449b5ddb3d01875ebb425f,docs,2024-12-01T14:58:14+00:00
sveltejs/svelte,fe15ad4ae8c6523add7b2a24c86b3feafa7c5cc5,fix,2024-12-01T15:22:51+00:00
sveltejs/svelte,945b625e95171de227bffa5a44a62dd983b15b93,fix,2024-12-01T15:23:04+00:00
sveltejs/svelte,1f25bd4f4758529f98880ce85ad215c3e28beaad,fix,2024-12-02T09:19:27+00:00
sveltejs/svelte,a283083751e3fa40d50945a362ba1586fb4f36b0,feat,2024-12-02T13:19:48+00:00
sveltejs/svelte,4d2f2fb8e615c7d375e0cee5aa9692b3c6c65918,feat,2024-12-03T14:56:28+00:00
sveltejs/svelte,7142fa0b5c6577548371884b28bb4d07e43eba20,docs,2024-12-03T15:01:55+00:00
sveltejs/svelte,3d36e15ddd630a5b074eaaec1e19c6300f5645b9,docs,2024-12-03T16:02:37+00:00
sveltejs/svelte,aac929d50355ab7cfbade2d1fdb76674a233c460,fix,2024-12-03T18:08:22+00:00
sveltejs/svelte,8ad9295535f5a5945f70b86e8d66b01d6af71c18,docs,2024-12-03T18:16:52+00:00
sveltejs/svelte,87863da6ff892a8678eca35876e8d863065cb1ef,docs,2024-12-03T18:17:12+00:00
sveltejs/svelte,a5de086f9507a6a1852da4926d02ec08551ae3bd,feat,2024-12-03T18:45:46+00:00
sveltejs/svelte,2f8eda94f34f756f5f5c6ea50d202f83e0d875a8,fix,2024-12-03T18:49:57+00:00
sveltejs/svelte,d5a28a01a16b1151c62dde878f69c4cb6e80d108,docs,2024-12-03T21:31:28+00:00
sveltejs/svelte,b5588523fc03cddec877161c17dd93d524a15129,fix,2024-12-03T22:22:23+00:00
sveltejs/svelte,bbee1fc7e05a24b3b31fbce50144aee5d898009a,fix,2024-12-03T22:24:10+00:00
sveltejs/svelte,fe0bd299a5101c7dc24546cd92dac04857f3b53d,fix,2024-12-03T22:24:47+00:00
sveltejs/svelte,1f973b1770a7689b9d54012e72adfd65434da50e,fix,2024-12-04T12:06:07+00:00
sveltejs/svelte,348185794d48544e7efb982b3b4074d82e05b860,docs,2024-12-04T12:07:25+00:00
sveltejs/svelte,4e77bdef74e75a8816f09e43cd439d527a9d9e3f,fix,2024-12-04T13:30:20+00:00
sveltejs/svelte,86ae349bcc0acc613b6f91757ce661a3a33f0855,fix,2024-12-04T14:32:02+00:00
sveltejs/svelte,a57e747cbb195636e6a65bae77d7d1e37f4ceb04,feat,2024-12-04T14:47:01+00:00
sveltejs/svelte,350811ed8c02578610c74a37ae71f30ba90301af,docs,2024-12-04T14:59:57+00:00
sveltejs/svelte,4b802dbed328178263aaf2f1e967655f53be2399,docs,2024-12-04T19:56:28+00:00
sveltejs/svelte,1ffce92d903eaf8cd1b8e4a520f3e8d581f619fe,docs,2024-12-05T13:55:15+00:00
sveltejs/svelte,73b3cf72d024d758507ba5386c99169fcadd247b,fix,2024-12-05T13:56:28+00:00
sveltejs/svelte,0a9890bb1ef748c3b5bb41c99dfe8343e3a61dbb,feat,2024-12-05T15:24:40+00:00
sveltejs/svelte,ca67aa1b3405ba5de36ab240131a44beea1134d1,fix,2024-12-05T20:17:59+00:00
sveltejs/svelte,ad87572adc4647915cc0250b376e5726552d1dda,docs,2024-12-06T15:04:32+00:00
sveltejs/svelte,1a0b822f4826b82454962a94c072519530b7c126,fix,2024-12-06T22:41:41+00:00
sveltejs/svelte,5771b455c0caf860bb063499feb2100acad4fbd5,feat,2024-12-08T12:28:37+00:00
sveltejs/svelte,c1c59e77a54109e6dd868e8ee7884caf9a275f5a,docs,2024-12-08T12:38:01+00:00
sveltejs/svelte,c66bf178aae18c2b4d8ac189a48cf10c47e4d417,fix,2024-12-09T12:39:31+00:00
sveltejs/svelte,38171f60ead8d702f50f6b5c23633d2ae4d85be6,fix,2024-12-09T15:48:34+00:00
sveltejs/svelte,c6fca0200981a8be0a73f9602803b37f8ff1c45b,docs,2024-12-09T17:39:13+00:00
sveltejs/svelte,66e30d3288c5f69bafd8418c5ebb4f8c764ca4cf,fix,2024-12-10T12:44:44+00:00
sveltejs/svelte,88184cd769b4d47fa1f876a9368da722ecf1c6a3,fix,2024-12-10T13:50:44+00:00
sveltejs/svelte,ab1f7f437e264880443b51377d10b4f99f67f113,fix,2024-12-10T13:58:16+00:00
sveltejs/svelte,fb879dd702a0c74670136f78ad28cf76727da557,fix,2024-12-10T19:21:24+00:00
sveltejs/svelte,a26b6d80ef734abbf3de4ebe22b838074f53f168,fix,2024-12-10T19:29:12+00:00
sveltejs/svelte,a2539cfe1fd763e33c4508dd0ddd92714a910641,fix,2024-12-10T21:56:50+00:00
sveltejs/svelte,d43a10ba7a1bae86f36bec735ebac572b5962a06,feat,2024-12-11T16:30:25+00:00
sveltejs/svelte,ea6fd95332930415b02a1347d017c4872b4ad6bb,fix,2024-12-11T21:10:09+00:00
sveltejs/svelte,edfc0a9c6a591394a63498930fd1df8fdf76cab0,fix,2024-12-11T23:22:30+00:00
sveltejs/svelte,8ba1b9ddd0bc65b9a790030aa8b7c73ae2990543,fix,2024-12-12T10:42:10+00:00
sveltejs/svelte,ef8bd6adeb238f2d8ccc8c04547e9e16cb932c25,fix,2024-12-12T17:16:51+00:00
sveltejs/svelte,65db40986035e0d20b8e1da8e4006e16d2c12971,docs,2024-12-12T19:22:06+00:00
sveltejs/svelte,88c2d6ea36f1b9bd6d1f52788c4e5a258c30868b,fix,2024-12-12T19:43:01+00:00
sveltejs/svelte,2e0dcd78722d457f4c9e4b6db4ef4cb3ab26c037,fix,2024-12-12T20:09:29+00:00
sveltejs/svelte,61a0da8a5fdf5ac86431ceadfae0f54d38dc9a66,feat,2024-12-12T20:15:40+00:00
sveltejs/svelte,5483495c8d01fe580d44d8d763e9b66abc5c6122,feat,2024-12-15T14:21:18+00:00
sveltejs/svelte,699dc6e4f7bb9c47d19a5d7200d57bd06b6c8c09,fix,2024-12-16T20:05:08+00:00
sveltejs/svelte,36d73cad55cacd6f2db43c6c83186005cd1da072,fix,2024-12-17T15:14:10+00:00
sveltejs/svelte,36a437c2f9a4ac4b10d5f6f1bead546fa7fcbd88,fix,2024-12-17T18:04:16+00:00
sveltejs/svelte,e38975eac9dc883ef00ab75230a0ffc7eb01d7e3,fix,2024-12-18T03:18:00+00:00
sveltejs/svelte,c79b909458b6265a18cc554dd2affd832b9797af,fix,2024-12-18T09:15:49+00:00
sveltejs/svelte,8705d44c6487e642f4cb23b725311a37db19f0d8,fix,2024-12-18T23:11:11+00:00
sveltejs/svelte,d0f156c0f9630d21a1fef40232b2d9aa87338c35,fix,2024-12-19T14:50:00+00:00
sveltejs/svelte,7c6379a260799fdbecc43d9cb736ec9b81d21dec,fix,2024-12-19T14:58:53+00:00
sveltejs/svelte,5bc403342177db2ec0b419d93e1e0722388e085c,fix,2024-12-19T17:06:22+00:00
sveltejs/svelte,999b92d134186bba7e0eeb1de38626f07dcf7260,fix,2024-12-19T18:12:59+00:00
sveltejs/svelte,015210a1a8a230383303a2c3aa044916a49d2681,feat,2024-12-24T13:58:49+00:00
sveltejs/svelte,97f3aa91517cabb05ecf553b5be18bf38dcef1ae,docs,2024-12-24T14:14:56+00:00
sveltejs/svelte,32348a5387ed8607e4bd688eddd3aa87c17abc21,fix,2024-12-28T21:59:21+00:00
sveltejs/svelte,8148734812006ae52a314561e26956e02a386f21,fix,2025-01-02T16:54:43+00:00
sveltejs/svelte,a91308d9db2f37f91b7c7e379c638fe6cd814d0c,fix,2025-01-03T20:40:31+00:00
sveltejs/svelte,82db92f8707f593a0d14c2dab4089f6f36b3ada3,fix,2025-01-05T20:25:27+00:00
sveltejs/svelte,c4e9faad52c09e143148a69c3643d36462175499,fix,2025-01-06T10:08:07+00:00
sveltejs/svelte,ab91c5cddb95abf04e756e3eb6c4d99042daff6e,docs,2025-01-06T19:18:17+00:00
sveltejs/svelte,dbdb8cd7fda6ae106bdcce0d6b35eacc6bcd2f0f,fix,2025-01-06T19:21:05+00:00
sveltejs/svelte,cd1adbc4e6f4305b4a7f19763299544f480484b2,fix,2025-01-06T23:08:08+00:00
sveltejs/svelte,72a6c7263cf01db78fc0a713bdf36e8094fd1271,fix,2025-01-06T23:26:00+00:00
sveltejs/svelte,8201d7ad8b4e90f420aefbfe5f0f94fe860a0578,docs,2025-01-07T00:41:06+00:00
sveltejs/svelte,a1f371e78656f951ad75945493a798716ecc92c4,docs,2025-01-07T17:06:12+00:00
sveltejs/svelte,c8865bb4a70ac026b1e85c4f8e8491f2e354ce7b,fix,2025-01-07T19:24:26+00:00
sveltejs/svelte,8241096b06d5dfb2fc5374ce704e6b30c01e26dd,fix,2025-01-07T19:24:53+00:00
sveltejs/svelte,34628b9c90170cf84be64bfcc18adf88623a8aa4,docs,2025-01-07T19:25:29+00:00
sveltejs/svelte,08061c85da6c2c2d5d11d6cdad0a9d387042a784,fix,2025-01-07T19:26:13+00:00
sveltejs/svelte,19038d19cb89cb100a6820069447e6d6eb22b612,docs,2025-01-07T20:27:03+00:00
sveltejs/svelte,48e3db21c187d1f4eb2aa10b417628e9ce6d17c3,fix,2025-01-07T23:31:41+00:00
sveltejs/svelte,ce2566d4c41c24546a697aa5feac07a617f806c0,docs,2025-01-08T09:47:24+00:00
sveltejs/svelte,d245bab63a3fd4fbe3d0a03d51581db5b794564e,feat,2025-01-08T09:49:49+00:00
sveltejs/svelte,4d2cb2734b94902225a3b960985976a81b6aa584,fix,2025-01-08T09:53:27+00:00
sveltejs/svelte,d41801c75f2a232387229d2a45324affd0310808,feat,2025-01-08T09:54:52+00:00
sveltejs/svelte,ce4f9722dab8d99140d410a9d1f71ec19d16535e,fix,2025-01-08T14:54:29+00:00
sveltejs/svelte,a2565efa37dfbba2e462eb5cdbb6c47424ce98ad,docs,2025-01-08T18:37:26+00:00
sveltejs/svelte,9aae463ae1be27a75e876a7a6f6bcfe5b023c19f,fix,2025-01-08T19:03:04+00:00
sveltejs/svelte,79a67c95618a631129997e542fca66266a63d500,fix,2025-01-08T20:04:41+00:00
sveltejs/svelte,bf80c10625d488a479bf0c69bd3e7c0fa7fe82bb,docs,2025-01-08T20:16:53+00:00
sveltejs/svelte,d15aea4e187a9ef05297fd04a83023d3ccbc0bef,docs,2025-01-08T20:32:57+00:00
sveltejs/svelte,3e11b892447a466c95ed85d6a7fd14c54b9c5200,docs,2025-01-08T20:54:41+00:00
sveltejs/svelte,68cffa84892c20717dc7d0e49a3a3af2f403f689,fix,2025-01-08T21:17:32+00:00
sveltejs/svelte,c0842d14596dff8a26b487dc6a75207d45198261,fix,2025-01-09T10:49:07+00:00
sveltejs/svelte,bdc02008e4f8012b439d4ee1c05be0cdbf4dad80,fix,2025-01-09T16:26:27+00:00
sveltejs/svelte,dbe5818560241d5a1b221b6e160298da48aebbb9,fix,2025-01-10T01:14:52+00:00
sveltejs/svelte,41fb51349e5846bdb406baba555d02cbf4f55b8e,fix,2025-01-10T10:28:18+00:00
sveltejs/svelte,9b6e65fbeb61297978a16e8f711ebe2dc97f2b10,fix,2025-01-10T13:36:26+00:00
sveltejs/svelte,8a1acac084096d9c9bd15a1356d3251383e8d258,fix,2025-01-13T21:17:39+00:00
sveltejs/svelte,a129592e5b248a734a68da6e9028941803a3d063,feat,2025-01-14T00:36:33+00:00
sveltejs/svelte,dae4c5f5e191927d3f05a156b986b605b6d1e97a,fix,2025-01-14T15:58:42+00:00
sveltejs/svelte,dfa97a5e643655d919a7c6ff80fb3841fe1111f9,feat,2025-01-14T16:28:44+00:00
sveltejs/svelte,360ee70dcbc4a338fce749b8916b46a69ad209cb,fix,2025-01-14T21:41:57+00:00
sveltejs/svelte,54196108331441924717ec1ec97ac4a3eb77bbc0,fix,2025-01-14T22:08:33+00:00
sveltejs/svelte,ff79704ab831b556f7c70b0d5d6e31ace945f019,fix,2025-01-14T23:58:53+00:00
sveltejs/svelte,973b51d16891567851c89f88d03c8aa71e0084a4,fix,2025-01-15T11:23:05+00:00
sveltejs/svelte,2aefc5430decf93cb3ead70e6da0503ce52d401f,feat,2025-01-16T13:32:10+00:00
sveltejs/svelte,509ba568f3b16c82c9a2e0c55e5b3634edd46e85,fix,2025-01-17T15:32:51+00:00
sveltejs/svelte,700029bd4d459a39142927ecef290342f81614c1,fix,2025-01-18T15:26:47+00:00
sveltejs/svelte,5f6525f4169f097bdad1b2b276c2d94f55fdbc01,fix,2025-01-20T10:20:09+00:00
sveltejs/svelte,de94159238080076150d28fbea5f399690821bf1,docs,2025-01-20T10:28:57+00:00
sveltejs/svelte,2ad519542dcba2d7802394068d412bb73d9cb803,fix,2025-01-21T11:02:34+00:00
sveltejs/svelte,5ad6a0cdc37413e2c31994e7402d24ec4853fad7,fix,2025-01-21T11:04:48+00:00
sveltejs/svelte,09510c8c5c0888578446781e54f2229428e21bfc,fix,2025-01-21T20:01:14+00:00
sveltejs/svelte,7da86ef80cd3503a14e26393cbbb2e6a2a933ed9,fix,2025-01-22T13:34:57+00:00
sveltejs/svelte,eee808fb79cfb182df7285b7107d5f7d2bee44d1,fix,2025-01-22T13:35:26+00:00
sveltejs/svelte,8bba70b8e30a824218f909a36f9dd255fae9710f,fix,2025-01-22T15:37:43+00:00
sveltejs/svelte,7740d4576b95f2e4e4e95a9df2d5504cb12a9461,fix,2025-01-22T20:48:41+00:00
sveltejs/svelte,d17f5c748d4b842e63d0017461ccde49b00b78e0,fix,2025-01-22T20:51:26+00:00
sveltejs/svelte,d47f4f59084a26d8b47d864e961ddf76336a0ed8,fix,2025-01-23T07:55:12+00:00
sveltejs/svelte,3d828b46b24964163cbe184e683e1db9f4b0ddfd,feat,2025-01-23T23:45:14+00:00
sveltejs/svelte,0e0f01ee1cfe11461f799c034030840a1b7cd763,fix,2025-01-27T13:13:13+00:00
sveltejs/svelte,3f8ce21f4709fe555fcc5ffc63728c6e8d139781,fix,2025-01-27T20:55:49+00:00
sveltejs/svelte,fc4dd2dec4387933579762f1cf4113a26cc1e22b,fix,2025-01-28T13:15:12+00:00
sveltejs/svelte,9410ad0318587c338c539ca7cbca1ff9d61db6a0,fix,2025-01-29T11:50:07+00:00
sveltejs/svelte,13a6d555c05f0833d828a518f70722dba351fabc,fix,2025-01-29T13:17:12+00:00
sveltejs/svelte,522557559f22b47cbe2b1c782e5a363b72ea146a,fix,2025-01-30T14:51:25+00:00
sveltejs/svelte,f5406c952ed446c131eeef3da152c345bd952568,fix,2025-01-30T18:14:03+00:00
sveltejs/svelte,b8607f876577614b1a5f798165343526bbb74b0b,fix,2025-01-30T18:14:22+00:00
sveltejs/svelte,970aa7cfaa70707da1b87c3ca0af264c7589db9d,fix,2025-01-30T18:15:04+00:00
sveltejs/svelte,7bef5963bd3c5eb05f7722e09b4e6b806c2da337,fix,2025-01-30T18:17:27+00:00
sveltejs/svelte,6df59055e7f67328b3b3c3495120a14db4d8544b,docs,2025-01-30T18:46:53+00:00
sveltejs/svelte,e83ab1c0382199b50b0d2255668cd3f13cc603a2,docs,2025-01-30T20:12:31+00:00
sveltejs/svelte,5b30fbfb0ba97bf031cb4b18cfac4bc45d54daf3,fix,2025-02-03T09:11:40+00:00
sveltejs/svelte,502b585ed233adaa097e5eb72e45b9936219b60d,docs,2025-02-03T18:37:49+00:00
sveltejs/svelte,d39d8c0675fd1ab13fa752b6a57e471ae864f7eb,fix,2025-02-05T12:28:18+00:00
sveltejs/svelte,6f392d679bc5c4790aad8bfc1135c7f88c6ae510,fix,2025-02-05T19:22:36+00:00
sveltejs/svelte,f2c83e5db708ea5d320248ee832ddcbef355a8b7,fix,2025-02-06T21:25:04+00:00
sveltejs/svelte,b602c59a2201f3be0d0e2ec357a59047fd9ee50d,fix,2025-02-11T13:02:08+00:00
sveltejs/svelte,85f83ec435ef0baa797f195f5b016395fc70be13,feat,2025-02-11T20:12:58+00:00
sveltejs/svelte,afae274587b30bb505508e1302ae149fd9c8593c,fix,2025-02-11T20:36:38+00:00
sveltejs/svelte,5fe027286801043050b795169082ed5251e31dd1,docs,2025-02-12T09:02:40+00:00
sveltejs/svelte,5e52825d608cd99e1bd1b7b278202ee3b8d65740,fix,2025-02-12T16:53:15+00:00
sveltejs/svelte,21dadfc997c5572730e607bd98d513437215dd06,fix,2025-02-12T17:14:14+00:00
sveltejs/svelte,b6bf735a23b36927d7f3b2414bc0555db5d5c567,fix,2025-02-13T22:09:56+00:00
sveltejs/svelte,dde8603872920f4f9c5e2d7682ed6adbfce1bf4b,fix,2025-02-17T14:33:07+00:00
sveltejs/svelte,575900de885c84aa6498e3ec121eabf7bba6ae4b,fix,2025-02-17T16:12:35+00:00
sveltejs/svelte,0d5d9ab76080ecc61c0f9eec6670e5ac29f4d078,docs,2025-02-17T21:12:59+00:00
sveltejs/svelte,9091e7e930a80695ba951bfdb8170791322651fe,fix,2025-02-17T21:16:09+00:00
sveltejs/svelte,d8e78f7f578488d6f8a66b6c6ca15086768d3b34,fix,2025-02-18T12:33:11+00:00
sveltejs/svelte,ac215d9b23d091b14caa1f47951997dc6acfb841,docs,2025-02-21T17:43:32+00:00
sveltejs/svelte,60b22c0b5fc17bf0062d08ad16dc2ba60af12971,docs,2025-02-21T17:44:23+00:00
sveltejs/svelte,5a946e7905314f13ed51fb3d37872160c81ab996,fix,2025-02-24T12:29:35+00:00
sveltejs/svelte,c2ec0d9ac29441ca387d74f0814dd27becf64369,fix,2025-02-24T22:38:01+00:00
sveltejs/svelte,3d59e84a65c855747ff17a226716ffa628d91aeb,fix,2025-02-24T23:22:39+00:00
sveltejs/svelte,cf56973bf0f8b2c0e9c87a1ae5393edd42911b90,fix,2025-02-26T10:33:44+00:00
sveltejs/svelte,fe343e9c50ee14fb189356fdef82bb234f97ffc5,fix,2025-02-27T09:57:43+00:00
sveltejs/svelte,474c588067fa75f6785d9cfe5ac15ff8bbc829fe,fix,2025-02-27T16:42:36+00:00
sveltejs/svelte,b82692af2f032407e34137e4fe17aea76b8bf7f1,feat,2025-03-04T10:49:31+00:00
sveltejs/svelte,e3dc396e01469635e68ac25675739de7baaea2f7,fix,2025-03-04T11:09:24+00:00
sveltejs/svelte,ef7fd96ccf06aa6442db56a0871131163a7016ab,fix,2025-03-04T13:36:44+00:00
sveltejs/svelte,76f5ecfdab2b65db9234d7fc2b59621a7b7c2dc5,fix,2025-03-05T16:26:34+00:00
sveltejs/svelte,2c4d85bcec74f78a6291b07920c423908714aefc,docs,2025-03-06T02:49:52+00:00
sveltejs/svelte,c5912aad71e77e75e4dcec8c27acb49e412f92f2,fix,2025-03-07T14:30:56+00:00
sveltejs/svelte,3326bd8ae77a43b6ae2b03970969066e716f6063,feat,2025-03-07T15:02:02+00:00
sveltejs/svelte,eaf0087d7c5671794ee25521667860b1a8af1828,fix,2025-03-07T15:02:58+00:00
sveltejs/svelte,dbd4617ac42a4bf5e97af05f2d5bc6a0517e24b2,docs,2025-03-10T21:52:22+00:00
sveltejs/svelte,110d42062fb1a98698d2a68a39919cc44962613d,fix,2025-03-11T18:48:55+00:00
sveltejs/svelte,b27ca425c792d53d58346d76850add7db1cef3ad,fix,2025-03-12T22:58:40+00:00
sveltejs/svelte,489f463d7bf80da22c92b686e507eb7c0dc41967,fix,2025-03-14T10:26:45+00:00
sveltejs/svelte,dab1a1b467b8c5e85964d74c378357bea00e5fe9,docs,2025-03-14T11:11:08+00:00
sveltejs/svelte,f227cfcea86b46e6a8ee389484d855c306ed66eb,fix,2025-03-14T21:30:49+00:00
sveltejs/svelte,8f940ee0ff12be2ae6b393b4e021507d3f3e2068,docs,2025-03-19T14:41:13+00:00
sveltejs/svelte,c436b6cdbe01577b219ddbfd09e23c5765515004,fix,2025-03-19T21:21:26+00:00
sveltejs/svelte,6915c12b583f4d62c125161be07f5d09573918c9,feat,2025-03-20T20:04:00+00:00
sveltejs/svelte,1d10a65b7858ca4da8d7ade113ec5b6f9c1afb43,fix,2025-03-21T13:30:17+00:00
sveltejs/svelte,d2e79326c7d3810cd4ec657660d4aeec464cd689,fix,2025-03-21T13:31:03+00:00
sveltejs/svelte,83d0c5894dc26c92274f162c9f9495038cabe37d,docs,2025-03-21T13:52:51+00:00
sveltejs/svelte,ade66c6feade92cfd932dcb4be2812305e518d2b,fix,2025-03-21T14:21:40+00:00
sveltejs/svelte,1f37c02f918d6fa4d8a14de5d6868228e61dd05a,fix,2025-03-21T14:25:46+00:00
sveltejs/svelte,842a7c6995f94f46b1839fcac91042fd541e52ca,docs,2025-03-21T14:26:15+00:00
sveltejs/svelte,5a8fa69dbf46e99beed812157ed78609f8054331,feat,2025-03-21T16:54:53+00:00
sveltejs/svelte,d1bd32ec9ec06e6505740a0de5f5b2281546787c,fix,2025-03-21T19:46:20+00:00
sveltejs/svelte,33d118f8a29a376e4490f2d31b0b444bf8fa0c7c,feat,2025-03-21T22:47:26+00:00
sveltejs/svelte,3080c1334e8efc65756488c0cc36b6dec5fca00f,fix,2025-03-22T00:56:31+00:00
sveltejs/svelte,f49856449dbabb0815066485b23bf404c9c789ff,docs,2025-03-28T15:53:10+00:00
sveltejs/svelte,04257925d22d8ecef37f50330ac258c7f97dca0c,docs,2025-03-29T08:42:18+00:00
sveltejs/svelte,6f8068637c6f18649d17687c588b06381318d578,fix,2025-03-31T14:48:42+00:00
sveltejs/svelte,046145fdd7a0bf245770f7866530ae263b927708,fix,2025-03-31T18:41:20+00:00
sveltejs/svelte,97542048dfc5f40d0ce31ccad29509613da07f21,fix,2025-03-31T19:15:06+00:00
sveltejs/svelte,e035e2838faf26da476e73831fb0e555464bf1d1,fix,2025-03-31T19:37:27+00:00
sveltejs/svelte,959f593487d749f92fc924964bbe87190b3da4f0,fix,2025-04-01T12:16:13+00:00
sveltejs/svelte,80557bbc1c8a94c43a95bfbdc51d37764d2065ea,fix,2025-04-01T14:59:44+00:00
sveltejs/svelte,3d0bc3414920811a7e3fcf065d48b8e15b51bcdf,fix,2025-04-06T11:32:03+00:00
sveltejs/svelte,6a668c4daf553211a2315f6ef0bfd84c8ef344f0,docs,2025-04-07T20:33:23+00:00
sveltejs/svelte,caf62ee6872fc0c9944aea98585597d2d1712e21,fix,2025-04-08T11:20:36+00:00
sveltejs/svelte,98d14ece6688280f98b185cc9e69fbb309e1afa8,fix,2025-04-08T20:41:54+00:00
sveltejs/svelte,708f541ad8ed2e9426cedb03e0bc1ad5d84cb787,fix,2025-04-08T21:39:11+00:00
sveltejs/svelte,966ccfbe7451b7c00fc63ee43ea65bd7f286b5cf,fix,2025-04-08T21:41:53+00:00
sveltejs/svelte,0ca1f4a37ec008092fc1798e374c6108308addef,docs,2025-04-09T01:26:54+00:00
sveltejs/svelte,93110a32469779794d2c022a7605e958ce75cb34,docs,2025-04-09T10:30:53+00:00
sveltejs/svelte,6c97a78049ccc706076e8b962d482c7a1fa27650,fix,2025-04-10T11:29:40+00:00
sveltejs/svelte,0d233e58cf4472cb922118ad76509500273f0d60,fix,2025-04-10T22:17:22+00:00
sveltejs/svelte,ec1d85c89e345529b9108b770c68cf89b808f3b0,fix,2025-04-10T23:50:05+00:00
sveltejs/svelte,01171096cef8652704b92053e57156ae4ed9e5d9,feat,2025-04-11T02:42:44+00:00
sveltejs/svelte,95a020acead1a403ae2d4320bea57227e52143ec,fix,2025-04-11T14:01:51+00:00
sveltejs/svelte,69a427518dc4eeae39ec8be8c55486d0093784df,fix,2025-04-12T14:39:22+00:00
sveltejs/svelte,fd0bc2997340bb8164e2b77996e81645315b8c5d,fix,2025-04-13T10:20:48+00:00
sveltejs/svelte,de4376235cb355d818ba7aaa17c00a4fe76fe9cd,docs,2025-04-14T11:02:58+00:00
sveltejs/svelte,bdf033e30f40b7b40792eafe694a02ce84387089,fix,2025-04-14T12:56:43+00:00
sveltejs/svelte,26e574f27f6866383044a85da9d6845944bd0fe2,fix,2025-04-14T12:57:37+00:00
sveltejs/svelte,db111f61ea51edd655b13a0949dc696bb8688d81,docs,2025-04-14T13:08:19+00:00
sveltejs/svelte,a051f96ed607751f502dadcd9cbaff1bf880b15f,fix,2025-04-14T18:38:02+00:00
sveltejs/svelte,90563e903fd8428db4c087b6fa4f51e0200dbb45,feat,2025-04-14T18:38:31+00:00
sveltejs/svelte,e079ac92b869a8405f2e76dd7a3d830cd3629c55,fix,2025-04-16T01:58:51+00:00
sveltejs/svelte,262b281c9182ebc3012c252afd8d86d9a425b8be,docs,2025-04-17T14:02:42+00:00
sveltejs/svelte,7f473f618d76eb634845c807664442fc65032662,fix,2025-04-17T21:51:46+00:00
sveltejs/svelte,d0dcc0b79534f377349e7f6aa4a97c7b55f51864,fix,2025-04-18T15:19:37+00:00
sveltejs/svelte,d8c6afde944a61c648c6b6f416f5ccafde272d44,fix,2025-04-18T15:48:27+00:00
sveltejs/svelte,b2d5787a09bffefb716d72706460d8b66e96c862,fix,2025-04-18T16:16:25+00:00
sveltejs/svelte,dfd742d532f578f47bc3e414e18e61af030381f7,fix,2025-04-22T10:03:02+00:00
sveltejs/svelte,1c2fc210232c16d2eb0fdb20d9bac3cef2b87897,fix,2025-04-23T14:49:11+00:00
sveltejs/svelte,c051a6eb1e61bf6c72842ba3c04900b07c54a5fe,fix,2025-04-30T06:53:22+00:00
sveltejs/svelte,0ace76d8f1ea5402087e202152630cd50a5d757a,docs,2025-05-03T12:43:27+00:00
sveltejs/svelte,eebb940b31285f300edd8a4a8c05aeab6a7b3d6e,fix,2025-05-12T21:07:06+00:00
sveltejs/svelte,895337cf4786fea4131d6fd2fdc79c6369a2a088,fix,2025-05-12T21:12:48+00:00
sveltejs/svelte,326b32932cf81ba01005b2757268321460f477cb,fix,2025-05-13T00:04:48+00:00
sveltejs/svelte,2bc2ae0dddab74eecff606790e1ef01ea281d6ea,fix,2025-05-13T00:57:23+00:00
sveltejs/svelte,944ef1dbcecf6277e42d3da9ca60dcbe2929aa38,fix,2025-05-13T01:00:11+00:00
sveltejs/svelte,d4fb9f4b100683cafc1f8d558c059c8691aab250,fix,2025-05-13T02:00:13+00:00
sveltejs/svelte,8866851e2c3254d650732ee04c9cceb33f5a552c,docs,2025-05-13T02:42:13+00:00
sveltejs/svelte,8fc8bc79d1bd0b1c44b40135faf4211a5e648e5d,docs,2025-05-13T14:16:37+00:00
sveltejs/svelte,7826ebaccceeee5edda77b5d900d2c204590c6ff,fix,2025-05-13T16:06:12+00:00
sveltejs/svelte,b93a617aa814a0e9154ae84b6767cd8ca02459a2,feat,2025-05-14T17:33:23+00:00
sveltejs/svelte,66a21552f64eea77a46e22a46eb46d4ff010d949,feat,2025-05-14T19:58:58+00:00
sveltejs/svelte,43e32ba2ce7bf30a4854af9318c8388a4d1265d6,docs,2025-05-14T21:37:25+00:00
sveltejs/svelte,623cfb06531873c9b765c77572dc2a2f2abece36,docs,2025-05-14T22:01:24+00:00
sveltejs/svelte,0e22b541104783d5ac5079272cefe20d79de5fe7,fix,2025-05-14T22:08:36+00:00
sveltejs/svelte,ae71152013ef47cb917c371156a69224248d174c,docs,2025-05-15T15:18:55+00:00
sveltejs/svelte,a5a0b49003d9cb544ed7919a4320870bda237833,fix,2025-05-15T16:14:18+00:00
sveltejs/svelte,60b22ab933c45ce329f4e7919be0b0b73a65ecbb,fix,2025-05-17T08:07:21+00:00
sveltejs/svelte,d103adff9c0fc7802e0bf6000bcc75c77f4b2e3f,feat,2025-05-19T15:48:58+00:00
sveltejs/svelte,a2ddca1aa10362c7e6962e04ec60e55ec758218d,fix,2025-05-19T18:25:07+00:00
sveltejs/svelte,22a0211cbb1fed32cfdc6d496e8f8fe6bdee086c,docs,2025-05-19T20:32:23+00:00
sveltejs/svelte,7183886a73208d4ed34d990319ce2c0f455cad24,feat,2025-05-19T22:02:08+00:00
sveltejs/svelte,c66a43940aee4c24f4c003a50b433e64d316e40a,feat,2025-05-20T14:50:54+00:00
sveltejs/svelte,de8094910de7e2d491c2f26b891844c2f311f78f,fix,2025-05-20T17:32:47+00:00
sveltejs/svelte,4e72b7d28b5d8f469ee7ffaee02f94a111823bd4,fix,2025-05-21T13:18:33+00:00
sveltejs/svelte,50de8c53178d61f675c5fa1d2d1fc88ae94bb0cd,fix,2025-05-21T23:45:07+00:00
sveltejs/svelte,d1141a19b5eaa156d3cd39cb756f0a69dd3c3b8e,feat,2025-05-22T15:21:50+00:00
sveltejs/svelte,8e16c777e023ad8d4df7c4a05bd86217e1b00c7c,docs,2025-05-23T01:32:40+00:00
sveltejs/svelte,08346b51f28697676b95835ca10f93642e1c00fc,docs,2025-05-23T01:33:47+00:00
sveltejs/svelte,6928aaca06d8bcc37d17ce715ed04221d6eccc72,feat,2025-05-23T11:58:42+00:00
sveltejs/svelte,8860ca6c1db45fa0bb18a46b9b3bc067196ac256,docs,2025-05-24T13:49:10+00:00
sveltejs/svelte,4875cd6e67f82bd8da2fbe0679586c0e0113df96,fix,2025-05-24T21:18:08+00:00
sveltejs/svelte,94a2bca0e383b25ed436907b8884eb8d149d5830,fix,2025-05-26T13:56:32+00:00
sveltejs/svelte,f9d0df60417b60d72fbb73ff671b4c2918b15c17,docs,2025-05-26T22:54:19+00:00
sveltejs/svelte,4e3ff0944d3a45266ef5e4507b8e3f7acacd93bb,fix,2025-05-27T12:57:45+00:00
sveltejs/svelte,37488fa65c092c815584133b539ee79f570d2c76,fix,2025-05-27T13:02:19+00:00
sveltejs/svelte,81a34aa13426c6409da348b2a48f12f919276d43,fix,2025-05-28T21:33:04+00:00
sveltejs/svelte,b8d15135cffd395beabb27ca7efd8ab402cf1048,fix,2025-05-28T21:33:59+00:00
sveltejs/svelte,40e0e338835950a9b8fb407b59d9342edf3b8ddf,feat,2025-05-28T22:33:40+00:00
sveltejs/svelte,6351288c7b5c6f39aaca37cc522b742b3279d5a6,fix,2025-05-28T22:57:41+00:00
sveltejs/svelte,3ea2dbc6a1eebb0bc7692893a134e636f2ab4e99,fix,2025-05-29T12:44:05+00:00
sveltejs/svelte,c9ce4f439f4e8a2380aef3bd309f07335172317d,fix,2025-05-29T14:48:30+00:00
sveltejs/svelte,23d42fb8aca62455c401a917815744d083e0096e,fix,2025-05-29T15:18:51+00:00
sveltejs/svelte,ff72dd27bce84f9321e2000d41033b8e5cccad9c,fix,2025-05-29T19:03:50+00:00
sveltejs/svelte,54990f2329d3049be79284aa22947f6f85b1f90b,fix,2025-05-30T18:56:39+00:00
sveltejs/svelte,b5fcd112c60012276e3416e65feae3ac16bfdaf1,fix,2025-06-01T07:53:48+00:00
sveltejs/svelte,6a3066519cdcab1559dda6fc12707b48c5f5e823,fix,2025-06-02T00:27:52+00:00
sveltejs/svelte,1b5f6af276ae1a8987968442625f10a38dbf57ba,fix,2025-06-02T19:56:39+00:00
sveltejs/svelte,2d2772a4a15fbafcb101f55458ac6486f7853fd2,fix,2025-06-06T17:53:17+00:00
sveltejs/svelte,8d8fdb8a567fd74f5a5e656cf07bb0e966703261,fix,2025-06-06T21:25:51+00:00
sveltejs/svelte,669a32a61505bca1672a1a5e050b2e13d150cd45,fix,2025-06-08T11:00:57+00:00
sveltejs/svelte,fd08cb03ded78206c7d1727199a7c37485260d67,fix,2025-06-09T21:44:52+00:00
sveltejs/svelte,cc8d2f6c80cdc9bf0f93c60771e153a3e6ddf0bc,docs,2025-06-10T15:46:53+00:00
sveltejs/svelte,91272d702b9cafc310a0176e1e489bb487872fd9,feat,2025-06-10T23:23:42+00:00
sveltejs/svelte,292af8d38a53295b60ba66eb41a89edd2b1cabec,feat,2025-06-11T15:53:14+00:00
sveltejs/svelte,438349eb88335fce7f199aac0b95ef05bfb7f453,fix,2025-06-11T22:44:22+00:00
sveltejs/svelte,f5a020d56bdf07cba501895a496c036172a6d995,fix,2025-06-12T00:26:45+00:00
sveltejs/svelte,6a7df1cce82e2f7df21f056d89458d2fb47530cc,fix,2025-06-13T11:59:20+00:00
sveltejs/svelte,36315fece462cf1a2afc4f1d44f9f527df3ae7db,fix,2025-06-14T11:18:52+00:00
sveltejs/svelte,113a3daab2a2742127a5857b76d1314deb260e03,fix,2025-06-14T15:14:39+00:00
sveltejs/svelte,92ea58bee6f27dde6b1d29527c0e2f97047219f0,fix,2025-06-14T15:15:19+00:00
sveltejs/svelte,6636f748ae770e905ca9e88e9a921b4bc854164c,fix,2025-06-14T15:19:42+00:00
sveltejs/svelte,5c5536eaa158b4404f49ede3401e7cdee99be165,docs,2025-06-14T15:48:32+00:00
sveltejs/svelte,7e588857c2b92a98ebc25237112e29f6f8988992,fix,2025-06-16T15:49:43+00:00
sveltejs/svelte,d99d87251905abd57404f46f16df4d299ddf9d3b,fix,2025-06-17T05:54:12+00:00
sveltejs/svelte,b224c3fb4b019880a20f4286e60f078e1dcbacc0,fix,2025-06-17T16:43:52+00:00
sveltejs/svelte,061ab31d23b2bf882b490024deac9b433d74e048,fix,2025-06-17T21:07:21+00:00
sveltejs/svelte,838f881550e98d5fd6492f4a0d083d264dd9d376,fix,2025-06-17T21:12:40+00:00
sveltejs/svelte,a5f500e7c03320aa236122f1c0d06f7d886110df,fix,2025-06-17T21:13:27+00:00
sveltejs/svelte,579d0e663664d30c206ed955bbfbc396063dbad4,fix,2025-06-17T21:16:07+00:00
sveltejs/svelte,659198a95c0f547061600487c45131b00368bd2a,fix,2025-06-19T10:19:51+00:00
sveltejs/svelte,922bee9a6d44c2a0313766a9a996411acf451408,fix,2025-06-25T09:35:03+00:00
sveltejs/svelte,7019894fd9231cefcc0b4bbd13b6a2d8bb90ccb3,fix,2025-06-27T23:37:23+00:00
sveltejs/svelte,b6731456595ffc43620d76f2afb115a19bb7553f,feat,2025-06-30T19:47:25+00:00
sveltejs/svelte,2f68131e9a780f139d6bdcf1b27854d850542671,fix,2025-07-01T21:10:16+00:00
sveltejs/svelte,32882a956bc1283063d6da52401ac02b0aedefdb,feat,2025-07-02T12:12:25+00:00
sveltejs/svelte,eeb32a50d14d2ac69970b0e207746092a34d2fc3,fix,2025-07-03T15:47:26+00:00
sveltejs/svelte,c3348aea06b5dcc13159b96053351f36d6cb6d71,fix,2025-07-04T14:54:37+00:00
sveltejs/svelte,834cd91b367172859b26d35a23aad4e87800b881,fix,2025-07-06T12:57:45+00:00
sveltejs/svelte,cf2ff5e8dc908395853e3a7cc2022fe3552f7062,fix,2025-07-07T15:46:57+00:00
sveltejs/svelte,140462374a759d7c38262e9823a7db6c73bcc067,fix,2025-07-07T17:32:15+00:00
sveltejs/svelte,443e76e4baa6b57739b263d4dbb74868508ec2e1,fix,2025-07-10T14:56:41+00:00
sveltejs/svelte,96c1a10042475c4ef8b55dfdca8538a25e792626,fix,2025-07-11T17:41:59+00:00
sveltejs/svelte,58baf80a70433a27a58bf5a642b4ccfd0c23349b,docs,2025-07-13T09:40:26+00:00
sveltejs/svelte,0672e48223171f86b309e3de84c1c3846eee0bda,feat,2025-07-14T19:58:44+00:00
sveltejs/svelte,63b5ebf36eea3fb1fab138068f3731b122228edb,fix,2025-07-14T20:02:25+00:00
sveltejs/svelte,2e49783afa5185dc8ccdfede9feee3fe15248294,docs,2025-07-15T01:45:30+00:00
sveltejs/svelte,9134caca242f29170125e1c9fcb71bd8e2473ae1,fix,2025-07-15T15:55:30+00:00
sveltejs/svelte,9f591223b1ee79fb7ec83567e22077bde912bfe7,docs,2025-07-15T19:21:06+00:00
sveltejs/svelte,eb23028d8f8b188ca8a963b27d05815977acd2af,fix,2025-07-15T21:49:06+00:00
sveltejs/svelte,8e73fd4b0343cae992429b7e75812acf0ec6cb6c,fix,2025-07-16T12:14:19+00:00
sveltejs/svelte,6cf3a193428f08a1c15b403dad681627425c0f1d,fix,2025-07-16T13:55:15+00:00
sveltejs/svelte,4947283fa5547691adcb129e145eed77c38f39fc,fix,2025-07-16T16:08:45+00:00
sveltejs/svelte,ee1ef6083ad9fad44c677192d3dafefb4d731f1e,fix,2025-07-16T16:20:44+00:00
sveltejs/svelte,c11c5ec0e381fc45f9f6ead1bce42f219eb8de61,docs,2025-07-16T18:41:16+00:00
sveltejs/svelte,ead409120229a3c8677d357823b86242fa196dda,docs,2025-07-16T22:54:45+00:00
sveltejs/svelte,a67b5862f15ce763c0d3a038f88abbb4b08d2d80,fix,2025-07-16T23:24:57+00:00
sveltejs/svelte,b17557cd91a223a060041300a4761574d7f94e6e,docs,2025-07-17T01:14:55+00:00
sveltejs/svelte,b8b662a1ad74d54891fd854962e92d5aa3d72fe3,docs,2025-07-17T02:02:02+00:00
sveltejs/svelte,9e1e7139fb406e6ac94cf5fda99d04e6642aa522,fix,2025-07-17T08:41:21+00:00
sveltejs/svelte,f3431709279df1311f591c1a6b47e4c0caa9b45e,docs,2025-07-17T08:56:24+00:00
sveltejs/svelte,65e524929661fefcdeaadfa8aa79cc06b26d9a76,docs,2025-07-17T11:24:21+00:00
sveltejs/svelte,98fb1b1f8b95352c9882b653b45b230609fc95cf,fix,2025-07-17T16:14:03+00:00
sveltejs/svelte,c2da1ebb85d65ef044766d3f920cb935df65e359,fix,2025-07-18T16:07:06+00:00
sveltejs/svelte,27c90dfa8322c9f225e22a730a776c4f4cbd2c5e,fix,2025-07-19T06:23:27+00:00
sveltejs/svelte,63cbe2108ac35204ffc99d16e5a520502ec7ade7,fix,2025-07-19T18:35:43+00:00
sveltejs/svelte,ad0b58ee9606dd89038b055536e09c2b01112a0a,fix,2025-07-19T21:21:25+00:00
sveltejs/svelte,e1e7a75d719ab6826238ddaef4571ac6f6d22732,fix,2025-07-19T21:26:31+00:00
sveltejs/svelte,5033c8e965c39b903b2b0858c591926c9026f3bf,fix,2025-07-20T00:35:28+00:00
sveltejs/svelte,d3a01bd5a7d09384e29a599834d9b554a7a973ee,fix,2025-07-20T21:19:56+00:00
sveltejs/svelte,aabd333d89a4c9241bc3ed57752cb2616dd66b7c,fix,2025-07-21T13:22:13+00:00
sveltejs/svelte,8e2f4b51c50a2e10bc482fac6d900be921dd8b74,fix,2025-07-23T11:55:51+00:00
sveltejs/svelte,53417ea8f785f2ec884b095ac1bacd08aa30da86,fix,2025-07-24T05:48:32+00:00
sveltejs/svelte,7eb11e0e247d9da4edb88dc5652101ceb55fc530,fix,2025-07-24T14:00:43+00:00
sveltejs/svelte,0bba84cc203c7cab945527cc3928597d3612a37d,fix,2025-07-25T12:43:41+00:00
sveltejs/svelte,b0f9ea3ae62cfb9eb4437898bf8a6b90e0531657,fix,2025-07-25T22:57:32+00:00
sveltejs/svelte,c7851789d71cc3d0b5d89ce9c759a39be6caa51a,fix,2025-07-26T18:27:22+00:00
sveltejs/svelte,7cc4d56263f724c4d76ab6140af4d117cbb41f1d,feat,2025-07-27T02:16:40+00:00
sveltejs/svelte,1773df94845bc53d55a1c9e9eb033d08056c845a,docs,2025-07-27T14:17:50+00:00
sveltejs/svelte,99452053af5d3280caa9773ac45f9c7cc6b9ad5d,fix,2025-07-27T17:50:22+00:00
sveltejs/svelte,48f2fa22c0c941ac6e550151212845adc628b3de,fix,2025-07-28T19:04:06+00:00
sveltejs/svelte,a91e0154d4bc4b0a3209956647f868e518d0acba,fix,2025-07-31T07:45:52+00:00
sveltejs/svelte,f5950f866c51d9325a432ebfd5362bcf2647763a,fix,2025-07-31T09:11:52+00:00
sveltejs/svelte,72e46d31c075eeea232a1cc320efc272f5ef87d7,fix,2025-07-31T10:34:28+00:00
sveltejs/svelte,c04975d3db74e59f8612ffd0f64d3b3bb3133ef1,fix,2025-07-31T22:28:01+00:00
sveltejs/svelte,80678411706e99c0224b8bf995959c2d4e7fd4db,docs,2025-07-31T23:16:47+00:00
sveltejs/svelte,540f1b19ec56a69dde85f24471f25d9d465937e4,fix,2025-08-02T19:29:10+00:00
sveltejs/svelte,a3f18351af4f70df4b9029aaa7198ac5dfeac6dc,docs,2025-08-05T03:38:30+00:00
sveltejs/svelte,d8c3f3d87e4f008ee902bb084f2820202d3f97c3,fix,2025-08-06T00:47:58+00:00
sveltejs/svelte,bbd0b1ed8776cc34c19574a5f75a5cfe8ecddcfa,fix,2025-08-06T01:44:20+00:00
sveltejs/svelte,193f23fa055822635f0b3a2c06d717bac03a6dde,feat,2025-08-06T17:53:08+00:00
sveltejs/svelte,548ad7b7ebc6d495a78b3dfb5f34e7842d70e73d,fix,2025-08-06T21:24:28+00:00
sveltejs/svelte,d2ba2589fee2ec6985c0fe0fbd800ab34518378e,fix,2025-08-09T16:26:16+00:00
sveltejs/svelte,0480f040c0f220dc090a263e81cfcd4a8db9737f,fix,2025-08-11T18:41:34+00:00
sveltejs/svelte,ad19a1a0f5e4fccab6e2acd05e88eb58169ff74e,fix,2025-08-14T19:50:59+00:00
sveltejs/svelte,95e51755814329d596ced98fb1829d0f797e503d,fix,2025-08-15T19:27:47+00:00
sveltejs/svelte,2b85d2a544573d66c09a77c4100087cc183ae0fb,fix,2025-08-17T12:31:20+00:00
sveltejs/svelte,1dcced59e79dd04163ce4aa380948ca6eea777af,fix,2025-08-18T17:10:08+00:00
sveltejs/svelte,a60995abefc52a88493580e8b7f390efeb84456c,fix,2025-08-22T17:28:43+00:00
sveltejs/svelte,11a2d8e9371b2a1b456f05af7cd4adc0bf212e62,fix,2025-08-22T18:33:48+00:00
sveltejs/svelte,57fed6a267b719ff6ac49f9204a48e754f07fb3b,fix,2025-08-25T10:21:38+00:00
sveltejs/svelte,71057368289e146e825327751a0a47a6f854eed7,fix,2025-08-25T18:29:39+00:00
sveltejs/svelte,6534aa08e32b3c2d09c2ffb06e4ae7a18fdffa30,fix,2025-08-25T19:06:53+00:00
sveltejs/svelte,0d48916e020cb99f5573925a47b4231d0fb6ac5a,fix,2025-08-25T21:14:17+00:00
sveltejs/svelte,677af5723c1a80ccfdbab81cb7ef57edeecf0201,fix,2025-08-25T22:08:07+00:00
sveltejs/svelte,bde51ed7dc3554eee50edc0c29e70a05e9ee842b,fix,2025-08-26T19:59:46+00:00
sveltejs/svelte,9d1aa699b6a4ea3772a1b2bc06e6dc1170575316,docs,2025-08-30T12:38:50+00:00
sveltejs/svelte,be645b4d9f84cb7580683c7b2336d1023906c4da,fix,2025-08-30T19:52:08+00:00
sveltejs/svelte,2344b4052eb80ff745b849da759b0d28d2dcaff6,fix,2025-08-31T09:30:46+00:00
sveltejs/svelte,f51c04afcecd8496bc9ecd5d4d5bb4715a7fd0c0,fix,2025-09-04T02:06:17+00:00
sveltejs/svelte,08b3b66865db472e5e6d2262386c1dc030c10a78,docs,2025-09-04T19:36:34+00:00
sveltejs/svelte,18dd45640b14873ea3485fd1c19b0efaaaccf05f,fix,2025-09-09T14:28:14+00:00
sveltejs/svelte,7f9fe999270a727d1129ff11e0cf6bb3701b15e6,refactor,2025-09-09T15:53:35+00:00
sveltejs/svelte,f343b00cc6b6d2c14a5b6fe941e75928dd841a83,fix,2025-09-10T16:32:09+00:00
sveltejs/svelte,f09f25e6a3ba7aa3562f62713e7cdc00b267fac7,fix,2025-09-10T22:29:31+00:00
sveltejs/svelte,2743cd0fe5a305586e87b65301dc3466b7c265f9,fix,2025-09-11T00:20:04+00:00
sveltejs/svelte,a0598014d2b634566d8a62acca6b0c7601054e18,docs,2025-09-14T19:09:40+00:00
sveltejs/svelte,8b106b94f41a87ebfff251f70d602dda70265dc9,fix,2025-09-15T17:24:31+00:00
sveltejs/svelte,8c982f61013a517bec2edf68a82ce1a1188fcd8f,fix,2025-09-16T08:45:18+00:00
sveltejs/svelte,b8fd326d96c3a57feff3a4fafcd2d1651001b109,feat,2025-09-17T21:49:57+00:00
sveltejs/svelte,fc35d9fab8440a90c57368103f4a5e0bbd215381,fix,2025-09-17T23:21:23+00:00
sveltejs/svelte,6076bab730ee7752898926ac6e10bbaf5e665a22,fix,2025-09-17T23:30:45+00:00
sveltejs/svelte,e4ebca9289a28dc5e0d20c7fe7a06de132fec16e,fix,2025-09-18T02:29:43+00:00
sveltejs/svelte,1c8456885c9ad4ec42252fa11ae2fdc7fb71d3bd,fix,2025-09-19T18:03:34+00:00
sveltejs/svelte,0e75498c21df33fb4bb49140b8807133fef19291,fix,2025-09-21T19:51:41+00:00
sveltejs/svelte,cf35a22568be2e767c419a6b8ac36fe73c270eb3,fix,2025-09-23T10:04:45+00:00
sveltejs/svelte,562623d536e9e2c3473d13a5cccce8d14ce98870,fix,2025-09-23T12:55:46+00:00
sveltejs/svelte,7d9962a57268fbe02b6f5a6327e488e2b189f8ca,docs,2025-09-23T18:56:08+00:00
sveltejs/svelte,1ef297f25de64f220bce8ff020f38d399b69a647,fix,2025-09-23T21:47:50+00:00
sveltejs/svelte,24944e61f5ef5aebf00aa6f86f86edaf3ad70986,fix,2025-09-24T15:35:24+00:00
sveltejs/svelte,ac7e16002939f627bd961a9194e497f53ff466f9,fix,2025-09-24T16:35:51+00:00
sveltejs/svelte,e0dba165b49d4489a1e622dd5bdededd32fa3d1a,docs,2025-09-28T21:38:18+00:00
sveltejs/svelte,87f7e979635baa46acb594ecc7f2822920cb7aaf,fix,2025-09-29T15:05:13+00:00
sveltejs/svelte,25cbdc8cb1c672cfa0ce506e9d432cf5d86863e6,fix,2025-09-30T13:57:22+00:00
sveltejs/svelte,46c10d0476c38fae9dff28b812fa476d3202a21a,fix,2025-09-30T15:46:58+00:00
sveltejs/svelte,31541c88496d58850656005eb58570ff85b1d9ef,fix,2025-10-01T10:26:14+00:00
sveltejs/svelte,4f653ddceac466302b587830089c4cd5ffd7eff6,fix,2025-10-01T15:56:32+00:00
sveltejs/svelte,499973454af1081e19d7eaae87658f3b76d3d091,fix,2025-10-01T16:03:50+00:00
sveltejs/svelte,949c026259eb7d10cb50c92eec01f542b3916e05,fix,2025-10-01T16:04:03+00:00
sveltejs/svelte,fdb01fd9663937411f9d9a7a9306bf823d4acee4,docs,2025-10-01T16:05:53+00:00
sveltejs/svelte,01fc47d155ce7d4b94b32adf1db85179df6b9977,docs,2025-10-02T17:48:15+00:00
sveltejs/svelte,30e2b23b591ec560a8972caffc37b2974fabbfb0,docs,2025-10-03T03:29:55+00:00
sveltejs/svelte,2b49a5e3c0851ddba87d78b48551bd5f40e1ee13,fix,2025-10-05T21:59:58+00:00
sveltejs/svelte,303750a1241ac0ded3115ff879fa417e23fe7c89,fix,2025-10-07T14:21:43+00:00
sveltejs/svelte,edcd4b59e3d06b14e8b5bc216b7e8ea874dd4995,fix,2025-10-07T14:29:34+00:00
sveltejs/svelte,1b1f14439660fed4df5074b9a648e9a1858e3b26,fix,2025-10-07T15:11:39+00:00
sveltejs/svelte,78481862fb033bfaa1c31d84eba96460b0dfe19e,fix,2025-10-07T16:00:05+00:00
sveltejs/svelte,b5c84371510d39770243a4431e271dd2ae5b2289,fix,2025-10-08T10:58:21+00:00
sveltejs/svelte,7f8e60fd8a53e1eed28a60b5514bd07b49e97423,fix,2025-10-09T11:32:45+00:00
sveltejs/svelte,297afd057828a1bf04f15d5b22b4123fd3e522d8,fix,2025-10-09T16:43:41+00:00
sveltejs/svelte,93012e1e6fce4d26b75d065301330cbe8a9e489a,fix,2025-10-09T20:26:52+00:00
sveltejs/svelte,5d9b4c66ca4df817c0c8146b71d30fbbdb958872,fix,2025-10-13T18:25:35+00:00
sveltejs/svelte,b91f9de129d41c2674ff8bd818eb8bbcc984683e,docs,2025-10-13T19:19:55+00:00
sveltejs/svelte,ba782f9fdea1fd028a5e54abcb2c2ab05a67dcc7,docs,2025-10-13T19:20:22+00:00
sveltejs/svelte,e8330ee7bfff1eef61d5990e99c75dc6e225b5bf,fix,2025-10-14T13:56:41+00:00
sveltejs/svelte,28765f846e956c0da0e41e634de8c1066da9e6d5,fix,2025-10-14T15:59:02+00:00
sveltejs/svelte,99711d582263ce3dc0103baecf579e995363db86,fix,2025-10-14T16:25:52+00:00
sveltejs/svelte,f3c55e8e6c26bc8c006c84a656c845584abf3eb4,feat,2025-10-14T19:48:29+00:00
sveltejs/svelte,d6d13ced086f5ddb617db2bcd524b2417dd5eb14,docs,2025-10-15T00:45:29+00:00
sveltejs/svelte,8691391c0892f03731bc55e84a6d78ad56065871,fix,2025-10-16T15:02:55+00:00
sveltejs/svelte,9b5fb3f430d437ac94f752da87cff6d35dc9555c,fix,2025-10-17T10:56:04+00:00
sveltejs/svelte,ee093e4c86a2db0f2ce636d86856fbe0e5540070,fix,2025-10-17T17:12:31+00:00
sveltejs/svelte,53f2693b3b501c0bc0b8c129fa3e6a5d70903050,feat,2025-10-18T02:59:50+00:00
sveltejs/svelte,a57868ebce18662a3bb07d7ec71c612692272a37,fix,2025-10-21T19:56:18+00:00
sveltejs/svelte,4b32d6d8b30fdaf07e9bf4497c39283b5eb421d9,fix,2025-10-22T10:04:35+00:00
sveltejs/svelte,0b477871e870db59ad10c3c0c6be008752db7f2d,fix,2025-10-23T22:49:29+00:00
sveltejs/svelte,f45d9cfe2dd59804d46828b1015d8e2a8ad05459,fix,2025-10-24T14:29:50+00:00
sveltejs/svelte,c08ecba1b79a0d91f2c69eab6af2fa0dfb8dffd0,feat,2025-10-24T18:12:57+00:00
sveltejs/svelte,b7f39b464a00eda8eeb233dbf52d03a1fe0a740b,fix,2025-10-25T15:16:29+00:00
sveltejs/svelte,d8137b78a5ab747d0b51fd531288b113b974d830,fix,2025-10-25T15:29:10+00:00
sveltejs/svelte,657ec89caa93d39d2cf8d8cdbe27b0041615409f,fix,2025-10-25T18:12:22+00:00
sveltejs/svelte,8368a4beb98fd9ed07fc34500ddb689916fbf8ad,fix,2025-10-25T21:46:58+00:00
sveltejs/svelte,d2f453f8b099ee46eb5835fc2af2952bda0e2fe6,fix,2025-10-28T01:40:13+00:00
sveltejs/svelte,90a8a039889ffdf0566dff6b2aa1b55d6a176b98,fix,2025-10-28T09:48:35+00:00
sveltejs/svelte,1126ef318650792dcca883eeb72dbe58633b37cc,feat,2025-10-28T16:50:29+00:00
sveltejs/svelte,0e709e3fec59a66635962b8fac3bbbacdd765e9e,fix,2025-10-31T06:17:12+00:00
sveltejs/svelte,8ebbb3c7bccfba4f509456b5b4f5b81ccf13d65c,fix,2025-11-01T22:35:20+00:00
sveltejs/svelte,b7625fd42c067b7cd03fea9589ef45349f9dedbe,fix,2025-11-02T09:40:32+00:00
sveltejs/svelte,68d4f9c3b68040c7e8e5260d399008c0ad43fa66,fix,2025-11-07T22:40:33+00:00
sveltejs/svelte,14b09260089c9a333be1b67c3f6c5c729af9d3c8,fix,2025-11-11T05:55:13+00:00
sveltejs/svelte,a7a7d1e0144f36721809c3876b42b4841f22e2e4,fix,2025-11-16T02:01:27+00:00
sveltejs/svelte,6e571dc9095e292bd58e69846ac93aa2660258a7,fix,2025-11-16T02:19:30+00:00
sveltejs/svelte,c02ad03bfd5a5dbd85270ca4124a730c493aa338,fix,2025-11-16T17:35:33+00:00
sveltejs/svelte,7fd2d8660fb0e9cc2f325f1cca2e99c94d418935,fix,2025-11-17T15:18:20+00:00
sveltejs/svelte,a7a6d898d56cc0ff0518d0e744d23cb76c2ae1c3,fix,2025-11-17T21:58:41+00:00
sveltejs/svelte,99e670f63297ca86831cd4d786ef2adf8fdca5a4,fix,2025-11-17T22:00:00+00:00
sveltejs/svelte,3604fdac6bedb09e26dca250e757543910c0ed22,fix,2025-11-18T00:19:31+00:00
sveltejs/svelte,203c228174a144990ac45da3669c913a9a245482,fix,2025-11-18T15:13:25+00:00
sveltejs/svelte,e365890ef9d9051985ea54808228aeb60ed51d3e,fix,2025-11-18T22:34:02+00:00
sveltejs/svelte,056b201d805c9e07a58813a2bbfcc3bea38ad2b2,fix,2025-11-19T23:13:08+00:00
sveltejs/svelte,a17dc3c3025266da0fa5b12628011197488235df,fix,2025-11-20T16:13:57+00:00
sveltejs/svelte,91486fa807c85193b5a52f7558acd9997d96892e,fix,2025-11-20T16:23:02+00:00
sveltejs/svelte,53bbe3462b3c50393eb916c23436bc497dfd82b9,fix,2025-11-24T15:28:21+00:00
sveltejs/svelte,ea8838e96f063d274c989523e47f430bd9af9886,fix,2025-11-24T21:41:09+00:00
sveltejs/svelte,c2a110cd81ba83407464e13b65126f97bbd42d26,feat,2025-11-25T02:20:31+00:00
sveltejs/svelte,707b6b8c20d2f8f969d688c8c23d9f799b1b101f,docs,2025-11-25T20:42:20+00:00
sveltejs/svelte,f2dd4770312e98eef523952fbaa14c14555ab86f,fix,2025-11-25T20:45:04+00:00
sveltejs/svelte,52a36bdb350a5ed135de951259bf71a7bbb4da47,fix,2025-11-25T21:42:15+00:00
sveltejs/svelte,d0e61bc2529db2f83998f6a9ca6b02f841ecfcde,fix,2025-11-25T21:52:02+00:00
sveltejs/svelte,a7848c021a987d0efec1cda8d4f2a6066a39ceae,fix,2025-11-25T21:52:26+00:00
sveltejs/svelte,8addf203c42698c485a4379d188b33fb24a7c684,feat,2025-11-26T01:57:00+00:00
sveltejs/svelte,ae6004657d4f56768176cba54813bcfddb83ecea,fix,2025-11-26T20:55:38+00:00
sveltejs/svelte,bec7ca79186cbdbc40b6992b5a6188ad46a3a577,fix,2025-11-26T21:25:43+00:00
sveltejs/svelte,570f64963b6c740819b9d2d0464dfd36cb9318c1,fix,2025-11-29T19:53:26+00:00
sveltejs/svelte,649d8572a6e76fbfe3529b17b202360764b8cabd,fix,2025-12-01T18:48:54+00:00
sveltejs/svelte,0e1c98ea11e677d488aa61329e4873b33a901029,fix,2025-12-01T21:35:08+00:00
sveltejs/svelte,5b5f688dddc8021dfaaf6a2e257f71c8b9fe180a,fix,2025-12-02T17:52:11+00:00
sveltejs/svelte,794b8f3dfd14fad5d2d67dea7607bae8185cf800,fix,2025-12-02T22:27:04+00:00
sveltejs/svelte,190e64acd9fcd6d86de53f8d1e51242393716772,fix,2025-12-03T17:29:25+00:00
sveltejs/svelte,46603d93cbe072ea463a099894e2bccdd264051e,fix,2025-12-05T17:44:23+00:00
sveltejs/svelte,0990095aed863ce5edfb55417ab9e5cabe1296d0,fix,2025-12-05T22:59:46+00:00
sveltejs/svelte,ad91827a239bb4f76d2943918780c5c92b93e5c7,docs,2025-12-07T10:52:58+00:00
sveltejs/svelte,123fab27311b17ca49fc17ded3a99bcafcf5adf2,fix,2025-12-08T19:16:55+00:00
sveltejs/svelte,6ae3e908a1c9ad2fbfa52a576c286f6577dc3bf0,fix,2025-12-08T19:22:40+00:00
sveltejs/svelte,5efbfa8e2b73244d2a9b55bee16f92e97587b55d,docs,2025-12-08T19:51:17+00:00
sveltejs/svelte,7ec9e4b3b182b2ac2b5c0e3c8cbdda7d962b19d6,fix,2025-12-08T20:07:51+00:00
sveltejs/svelte,3cabb525345c21185c3cca607e6605c6424694b2,fix,2025-12-08T22:19:29+00:00
sveltejs/svelte,a584ff134703cb340c90fef608646209d585cfb5,fix,2025-12-11T00:31:58+00:00
sveltejs/svelte,866ae6cdc759f04f83373251cbca38070e6f1536,docs,2025-12-11T01:11:22+00:00
sveltejs/svelte,b268ccbf44a68353abd5e5dd9e48376afcd8a1ba,fix,2025-12-11T20:19:40+00:00
sveltejs/svelte,00459a1d78a657e7372b2c92a8604cef8af1c511,fix,2025-12-12T03:23:05+00:00
sveltejs/svelte,c86c4fdca10f9d46a024c1f672e60e1737c1f110,feat,2025-12-12T20:59:26+00:00
sveltejs/svelte,acd752524b0973036295aac2420a515ec55a5dd8,feat,2025-12-22T20:06:54+00:00
sveltejs/svelte,31ac74fac7b1d6a1dc7aff1e462e657730aadfde,fix,2025-12-22T20:09:30+00:00
sveltejs/svelte,b1f44c46c3336df55ee6ebe38225ad746841af70,fix,2026-01-03T15:43:31+00:00
sveltejs/svelte,41e86438145d42c8ddf00fe1a44eaf3a7b8319c8,fix,2026-01-07T16:39:10+00:00
sveltejs/svelte,044dce9da54cdf2dc1c8d268038364c4ac22b110,fix,2026-01-07T18:37:01+00:00
sveltejs/svelte,ac7c7646bcee53870dd96e9174728ffa1d63411d,fix,2026-01-08T14:10:13+00:00
sveltejs/svelte,7ad5772309dc27313ff044b183e44b67e8e14d2b,fix,2026-01-08T22:28:30+00:00
sveltejs/svelte,ae224bea4937d1349366cb170a62cd438a1eb580,fix,2026-01-12T19:59:07+00:00
sveltejs/svelte,17c22969d8f7b1723eae58075fbb32b530518e22,fix,2026-01-16T21:33:11+00:00
sveltejs/svelte,645eb1225803a5042f7e1c622ac7fb0634e6bf2a,feat,2026-01-18T21:53:11+00:00
sveltejs/svelte,4ea7631bf583c8db67c10c2b04a4002eabe5747e,fix,2026-01-19T18:15:47+00:00
sveltejs/svelte,c9ebd6a88553a3041d68c6063ec095fdd601f4b7,feat,2026-01-21T21:09:30+00:00
sveltejs/svelte,d95887deb6e1f6222b6aadef6c4493f43755fae3,fix,2026-01-22T18:30:44+00:00
sveltejs/svelte,f9cc2d25b9b348fb6c1c2b6b6f973804e6a5ed8c,fix,2026-01-22T21:05:26+00:00
sveltejs/svelte,7719d0312ca27b9347a04290e94a6a9097fefe94,fix,2026-01-22T22:34:56+00:00
sveltejs/svelte,1ff7dd6123e4a8d79e0f8336a24cc2db53aaa79c,fix,2026-01-23T20:10:54+00:00
sveltejs/svelte,917ea2d4aea9e6a9da9cf0c5b4affa837097b4b5,fix,2026-01-23T21:43:31+00:00
sveltejs/svelte,7ab62a5878b5452fbc222a1f1a6adc9c424501d0,docs,2026-01-23T22:05:30+00:00
sveltejs/svelte,6046bbb4564cc3cc44332313a6293cf06f148227,fix,2026-01-24T14:37:04+00:00
sveltejs/svelte,fe12ffc2a3ebfb4fcf43f283fccb984363c1ea84,fix,2026-01-25T15:16:45+00:00
sveltejs/svelte,c041d122ba229695a77e4ac750d006ece1350347,docs,2026-01-25T15:55:47+00:00
sveltejs/svelte,bec90d4801d81bd0b013540676d31ae0b90283f4,fix,2026-01-25T15:56:14+00:00
sveltejs/svelte,c3fcc15cfa5db621d1ac808a1885748377edd7da,feat,2026-01-26T14:11:01+00:00
sveltejs/svelte,efcb7353bb4526a64d8d69e2d43ce8314d8ceb8c,fix,2026-01-26T15:29:12+00:00
sveltejs/svelte,5e0d18d2102c05c14ba71a52a222f4f126215f31,fix,2026-01-26T22:26:16+00:00
sveltejs/svelte,5872b89fb8e6e01dac9c9c9d4fdc3e9ae416014c,fix,2026-01-26T23:00:12+00:00
sveltejs/svelte,83eb9dac64109eb43c906dd5ea73d7b2bdc076a3,fix,2026-01-27T15:50:32+00:00
sveltejs/svelte,8c8a22add47693e9e2c9b1e7bfedd4dd4cf56469,fix,2026-01-28T00:06:24+00:00
sveltejs/svelte,30cea1f9a0cbf41f466083f9761a8f4d544d700a,fix,2026-01-28T00:16:59+00:00
sveltejs/svelte,0cbf718aefd458953c84b8a9210c6fd1d2774d28,feat,2026-01-28T00:37:26+00:00
sveltejs/svelte,16fec7207a39d6f913e1ec32fbe5b2a6f2db838f,fix,2026-01-28T16:17:38+00:00
sveltejs/svelte,3256a75b547d9ee440be0c2b51865b31cb6d9c88,fix,2026-01-28T17:56:17+00:00
sveltejs/svelte,37cd40d2e5d1868810b87705287eedd4f0370bdd,fix,2026-01-28T19:23:27+00:00
sveltejs/svelte,ece2e83eb9d0e2a97d7db50d41f68ce2edfb697d,fix,2026-01-28T21:09:32+00:00
sveltejs/svelte,3608b3c8691cf855ec2cdeb623b904d2b95eddcc,fix,2026-01-28T21:59:40+00:00
sveltejs/svelte,1c131f11ca6a49d1ffba07d3d02bb895c668ef00,fix,2026-01-29T00:00:13+00:00
sveltejs/svelte,82fde88780647ac9699d9dec4108580f1865e55b,fix,2026-01-29T02:54:29+00:00
sveltejs/svelte,ebe583f2bb1d341b9e0474374124796d0f035e5c,fix,2026-01-30T00:28:36+00:00
sveltejs/svelte,8933653fbea644699ca2a2d316f017ad3cdfb269,fix,2026-01-30T01:40:40+00:00
sveltejs/svelte,bc4dc1d10d54ecbc61398a248f8a45a4f4bcfa13,fix,2026-02-04T09:28:32+00:00
sveltejs/svelte,baba15ab981a3b090eaabefe3425f5f4ea9a8074,fix,2026-02-04T16:31:33+00:00
sveltejs/svelte,4f41e816baa007fb6a4e31164da49576e87e342e,fix,2026-02-04T18:07:46+00:00
sveltejs/svelte,d7a8e3d1300fbb802b84a6ebf0f3f71ed734a556,fix,2026-02-04T19:51:50+00:00
sveltejs/svelte,a75866f34d5b64e0c40b2888a5f89a69ec1151f9,fix,2026-02-05T22:03:40+00:00
sveltejs/svelte,bc449758695ec0b5cd34b4cdfa7aaf1ccbc5105b,fix,2026-02-06T09:19:14+00:00
sveltejs/svelte,6e5f2b157a02df4dd1f4e2ad3275655bc52cd023,fix,2026-02-06T15:54:15+00:00
sveltejs/svelte,989492f0572cb6dd4beaf621dfbba0bcd409913c,fix,2026-02-06T16:01:41+00:00
sveltejs/svelte,0c715afdab2c3077b32793a41a7ddccb3be65c64,fix,2026-02-06T16:03:58+00:00
sveltejs/svelte,4453e4895d407df6895f481257b675a43ed702c6,fix,2026-02-06T16:04:42+00:00
sveltejs/svelte,57cb393796841538c1b38ef99dd2be48815604a5,fix,2026-02-06T16:57:49+00:00
sveltejs/svelte,6ad6eb1bbf5bce809eb8e2f4495b422fc7c60c51,docs,2026-02-06T23:38:22+00:00
sveltejs/svelte,d047bc6e2a7238fadff45d09a779a17dc14aeafd,fix,2026-02-08T00:49:03+00:00
sveltejs/svelte,0a404c986380f7a9880733864229c4be9e08e098,fix,2026-02-08T00:51:21+00:00
sveltejs/svelte,67c4a3811770daeac3ec1df48a99f39659e4a980,docs,2026-02-08T00:52:56+00:00
sveltejs/svelte,f09785424b87e52cefe27d7ed725c2559829e2e6,docs,2026-02-09T19:37:05+00:00
sveltejs/svelte,bd5480b9d08ef0022c03345b914694aa73e30d33,fix,2026-02-10T14:45:34+00:00
sveltejs/svelte,15fe6b85c09ab543f603f64121fb86df9dbb02f7,feat,2026-02-10T15:06:26+00:00
sveltejs/svelte,b0ca0b84dec787697d76fe077c7acca8e102ab01,fix,2026-02-11T15:25:14+00:00
sveltejs/svelte,684cdba2538bd7cfc695fcd8516ecbd21b3c08b5,fix,2026-02-11T20:53:23+00:00
sveltejs/svelte,bcd170ceb009c4b6bcd11134c71a06d380a7d857,fix,2026-02-11T21:45:52+00:00
sveltejs/svelte,4eee2f7c924e3bbd48e288b97e9395fb902079f4,fix,2026-02-12T14:15:32+00:00
sveltejs/svelte,b65702968708b220fa8de1aaed2e3dfbb1d76432,fix,2026-02-12T21:52:31+00:00
sveltejs/svelte,45a796b32722878a03303eb389a637d5c6e047f7,fix,2026-02-12T22:23:43+00:00
sveltejs/svelte,75e1992141fddb539b287a0cc969476b7100b37b,fix,2026-02-13T01:47:19+00:00
sveltejs/svelte,7cdd8740c6f17e875295592437426eef5e5d7875,docs,2026-02-13T04:19:04+00:00
sveltejs/svelte,0565dca1f7cbfb862ebf66c390e4b281a67ca6c1,fix,2026-02-13T16:23:47+00:00
sveltejs/svelte,86d55220960f78a7f057439346ec294c38f6b35c,fix,2026-02-13T17:03:47+00:00
sveltejs/svelte,220b526d3aac9db5ba06181165a9c24a663f178b,fix,2026-02-13T21:47:16+00:00
sveltejs/svelte,743d52a893cb67e10e1ee09707e7852459febf2f,fix,2026-02-14T12:30:01+00:00
sveltejs/svelte,01f1937a98ff26589524fb1c8bcab0de2649133f,fix,2026-02-15T09:44:23+00:00
sveltejs/svelte,ff70ab1b76f0fea051c932bb2b8eac948ac2de96,fix,2026-02-17T10:11:05+00:00
sveltejs/svelte,6557a0a591d7e312103de8ea5c75d988f1b8e7c9,fix,2026-02-17T13:12:09+00:00
sveltejs/svelte,60a425193c643665c99dfd7e0d5cea5b052127a9,fix,2026-02-17T14:54:15+00:00
sveltejs/svelte,e47c747338a99ae9699d9f13297140f145a34aec,fix,2026-02-17T14:57:06+00:00
sveltejs/svelte,f855a0b770f0e327fe1c9b2f42c006c2dad45dee,fix,2026-02-18T19:02:46+00:00
sveltejs/svelte,9f48e7620f5bf017a04b2a57af82b839a4e8f496,fix,2026-02-18T20:34:38+00:00
sveltejs/svelte,be24b0dca70e3959b38c1264077f5ac3a31f1e6c,feat,2026-02-18T20:54:46+00:00
sveltejs/svelte,09c4cb5084acb6962f33561e7368097491001a80,fix,2026-02-18T20:56:44+00:00
sveltejs/svelte,696d97ff3e2671e5740d6f8e85cde904e627d435,fix,2026-02-18T21:10:32+00:00
sveltejs/svelte,2661513cd3ca959049b1b6a42ce24cca8f85b141,feat,2026-02-18T21:50:51+00:00
sveltejs/svelte,92e2fc1209ee552b6f95e3a94e64028f9b265e86,feat,2026-02-18T21:51:23+00:00
sveltejs/svelte,c98ce6945df1ac92c845cfb323c809211e275b40,docs,2026-02-19T09:06:24+00:00
sveltejs/svelte,0c7f815143c878d4c2819e45e5f2992da1209f63,fix,2026-02-19T22:18:05+00:00
sveltejs/svelte,6aa7b9c64a14a1e5f97510d7801c9d6173cb48e3,fix,2026-02-21T19:33:48+00:00
sveltejs/svelte,d75d1f7dbb6b943d8ab672d7ac2a5bf2c3ccd53a,fix,2026-02-21T19:34:38+00:00
sveltejs/svelte,f67d03df5b49e7c9c2e65ec66739f30c9d3d403a,fix,2026-02-22T13:40:49+00:00
sveltejs/svelte,7deedc5bb4fd6d0f033d00fa9741c7141fffd730,fix,2026-02-22T13:47:28+00:00
sveltejs/svelte,9360563c948cdd7c6f8bf8ed695c6b293715588d,docs,2026-02-22T20:07:54+00:00
sveltejs/svelte,fcdc0289db5e6b0f7cf68cd3988450dad567392f,fix,2026-02-23T17:57:51+00:00
sveltejs/svelte,3a289797bd205182e7677f58daf472caf537afc2,fix,2026-02-25T00:24:59+00:00
sveltejs/svelte,673a1ab9643644fe31beda33eacfdec9ee1f2668,fix,2026-02-25T00:25:48+00:00
sveltejs/svelte,1b3e6605190ab8ca21292ddd3ccf2a71387d79fe,fix,2026-02-25T16:02:55+00:00
sveltejs/svelte,d83e4be1f0e2c30a741f4cd0bc130f8638b5d019,docs,2026-02-26T20:07:06+00:00
sveltejs/svelte,10380c2309bd0bb76b418b6a9ac89cad7d7ed97b,docs,2026-02-26T20:45:41+00:00
sveltejs/svelte,16a13517ef8833e38e11105d42772a1a67b1487b,fix,2026-02-26T21:59:04+00:00
sveltejs/svelte,18db0cab86cf15198be059c60c044b66512e573e,fix,2026-02-27T19:26:53+00:00
sveltejs/svelte,e3d277b000dcca2bcb391b1cb92899484d7173e7,fix,2026-02-27T20:01:13+00:00
sveltejs/svelte,b6faa2a905804f77a6c486729f9ce8325c273273,fix,2026-02-27T20:08:42+00:00
sveltejs/svelte,361b32c7cdb5257f3b4db2ef0997cdbce78ccbab,fix,2026-02-27T20:41:56+00:00
sveltejs/svelte,7717ba01b42625f2022b7034063a25d8507560d7,fix,2026-03-02T20:46:22+00:00
sveltejs/svelte,b7bc1309aa72cd942fabcf0aa29b9100c6cc7cf1,fix,2026-03-03T15:20:58+00:00
sveltejs/svelte,e3f06f9fc7ea0703bc89f94fd82ae4b7855e7a0a,fix,2026-03-04T22:15:09+00:00
sveltejs/svelte,0206a2019ec55ab62e8dbfd4449e371e9d76eb5c,fix,2026-03-07T00:11:16+00:00
sveltejs/svelte,2deebdea8ffbdb74790ce7021e3b6992b39b77bb,fix,2026-03-07T00:59:58+00:00
sveltejs/svelte,13042089708581cc5c2687eaa79ed481bf7bfed4,fix,2026-03-09T14:31:05+00:00
sveltejs/svelte,1892988074685064d4a2a6ea09c069eada7580de,fix,2026-03-09T14:40:06+00:00
sveltejs/svelte,be36c934c4ed5d6e43818a7b1ff6cdb7ecb65412,fix,2026-03-09T21:43:06+00:00
sveltejs/svelte,51d305d18a455c7ffce8e50ffebf092f408fd809,docs,2026-03-10T14:08:26+00:00
sveltejs/svelte,58f161dee2e59c79412e3906b17c1f05a119f193,fix,2026-03-11T17:48:42+00:00
sveltejs/svelte,e4e089310d0fdf2b7dece779b58048e71c6ac02c,fix,2026-03-12T10:17:56+00:00
sveltejs/svelte,667896a753031b5d58157feb4b4eb7df49222ac0,fix,2026-03-12T11:22:42+00:00
sveltejs/svelte,7c9ff8fc697a0723129d781e5bf116cf38e016f6,fix,2026-03-12T13:28:43+00:00
sveltejs/svelte,f598b4b3c08fead2683369a29e76483321052563,fix,2026-03-12T14:21:20+00:00
sveltejs/svelte,3dbd95075c324304d668d72e0c08ed958173fb8f,fix,2026-03-13T02:07:57+00:00
sveltejs/svelte,1ebed6832270b7ae6abf5251d2e659a39687dd13,fix,2026-03-13T21:25:45+00:00
sveltejs/svelte,98e8b635fab10be1d82c593097276af373300a55,fix,2026-03-14T21:43:04+00:00
sveltejs/svelte,d4bd6ad8f3605bed53eb223a3c31769b911d86e1,fix,2026-03-17T11:48:25+00:00
sveltejs/svelte,b472171de66fe8290b55f28623df3fc0e9f34aae,fix,2026-03-17T11:49:28+00:00
sveltejs/svelte,32a48ed174868e6fdf1fd8f078d2e296ed12353a,fix,2026-03-17T12:45:22+00:00
sveltejs/svelte,1cd06451aff585a0d654bfd39c1abb7c26c239e2,fix,2026-03-17T13:52:06+00:00
sveltejs/svelte,5faf102782b6efc60df4290ad2858650594f1ff2,fix,2026-03-17T20:06:37+00:00
sveltejs/svelte,c89f6abae863c6db00557e0a283aa0e6f31b45c6,feat,2026-03-17T20:11:32+00:00
sveltejs/svelte,0adc22c9ae5f98718bf5b7b83753767cc919b0e1,fix,2026-03-18T16:43:17+00:00
sveltejs/svelte,803c565febd07be8fd08377ffc51f23d7bf6b8f3,fix,2026-03-20T07:37:21+00:00
sveltejs/svelte,425fba33fed0572e952d364d1c59f7af01aedd07,fix,2026-03-20T21:23:57+00:00
sveltejs/svelte,6b33dd2a1e8aa48dc88c9ce6e19c4a49a2eac51a,fix,2026-03-21T12:29:39+00:00
sveltejs/svelte,7123bf3a131a53b1ba9414f0d44150a94d0132e3,fix,2026-03-21T12:34:31+00:00
sveltejs/svelte,0c669d9bc98f7a7dfc5da666deaf4f672e07c847,docs,2026-03-22T17:09:14+00:00
sveltejs/svelte,a94924b67721e8b3151ebf1622691b1902c9bf85,fix,2026-03-22T17:29:52+00:00
sveltejs/svelte,1773cb5b593cb650b109f38113b597cf9191714c,fix,2026-03-23T00:46:36+00:00
sveltejs/svelte,54ba176d2c9068f2e6df9249764bb7766ec1b69d,docs,2026-03-24T15:31:17+00:00
sveltejs/svelte,669f6b45a3d02aa55b4011576b8d4ded2b5b7135,fix,2026-03-25T08:27:46+00:00
sveltejs/svelte,a9d8439ad1eecde5c4a91dca1eb1f034abfe7d81,fix,2026-03-27T23:02:04+00:00
sveltejs/svelte,957f2755faaeeecb6774d2c57ec4b0d7b622453e,fix,2026-03-28T16:30:48+00:00
sveltejs/svelte,04eadbc8a9ea905878fec90e61b5a62a2f9a4045,fix,2026-03-29T19:56:27+00:00
sveltejs/svelte,4879f9da999c2919a60e5bd60afd89042adc7ea7,fix,2026-03-29T20:04:18+00:00
sveltejs/svelte,97d45f85c6cbaa15bbac1c45b08cf302bb115482,fix,2026-03-31T16:47:54+00:00
sveltejs/svelte,e0f925116ce38bea80daac50d4d75513536bd690,fix,2026-03-31T17:04:10+00:00
sveltejs/svelte,51629ec7bd4aeaa3cf165db2a2841ebafd0bd118,docs,2026-03-31T17:05:52+00:00
sveltejs/svelte,edcbb0e6403e5b90e72c3ef1f46a938a52cc2d53,fix,2026-04-01T08:36:26+00:00
sveltejs/svelte,c93e251654a3193f294d6a4171d4087b4cb2fb80,fix,2026-04-02T12:42:41+00:00
sveltejs/svelte,7a2a17557cd24c14eb1f7bbfcc6d228bb593da50,docs,2026-04-06T14:24:56+00:00
sveltejs/svelte,14adb8caa9eb44b3b4c38233e00740b01bb65e7e,fix,2026-04-06T14:34:33+00:00
sveltejs/svelte,adba758067e0e68f9fbdcd72a6103437ec061a27,fix,2026-04-06T14:52:29+00:00
sveltejs/svelte,d86cb5cc327a29e7e509ada93a3338d2118aab93,fix,2026-04-06T14:59:37+00:00
sveltejs/svelte,0395ef0df7ff12c4b633b650c5f2db512d382836,fix,2026-04-06T16:11:08+00:00
sveltejs/svelte,a4ce7760705bc58454e954488719e2ef6d17cafa,fix,2026-04-08T16:57:59+00:00
sveltejs/svelte,3937ec03bdaae8d9c097f4f015560ee4b9e32cf3,fix,2026-04-09T18:21:47+00:00
sveltejs/svelte,0e9e76f29262b5f64ac7a5d4db37ec83c9181634,fix,2026-04-09T20:45:07+00:00
sveltejs/svelte,15588f5fbfe736f65e189e56047ee08678f5509f,fix,2026-04-10T01:05:26+00:00
sveltejs/svelte,273f1a85a4dbe2937f2d97afa2511e828eb8ebba,fix,2026-04-13T09:33:02+00:00
sveltejs/svelte,671fc2ea11b56f050f37f7e03564fb070bc8abea,fix,2026-04-14T12:47:56+00:00
sveltejs/svelte,48dc9b40c0249ffba7067f3c3605e4f1fb376b5e,docs,2026-04-20T12:12:58+00:00
sveltejs/svelte,8e7319063aa609cca2cbf8cdf1958e5392dd2fa0,fix,2026-04-20T14:35:09+00:00
sveltejs/svelte,bd29b9ef2ba2a140e7e7d8835177e5ad34c6bf18,docs,2026-04-29T16:34:09+00:00
sveltejs/svelte,ada3076967c34054a7450816f933f3c879f137fe,fix,2026-04-29T17:45:55+00:00
sveltejs/svelte,69b4c9f561a6dc14899889d815d555d398799a91,fix,2026-04-29T17:47:12+00:00
sveltejs/svelte,4c96b469f809c2615bf1a634521bdbd1ca91fbcd,fix,2026-04-29T18:50:11+00:00
sveltejs/svelte,bc82a55647745db00d2c3e565e6b1f4125d6e391,fix,2026-04-29T18:57:10+00:00
sveltejs/svelte,146cb5ea6c0fc6c49677a732c047b3ff497936a1,fix,2026-04-29T19:10:19+00:00
sveltejs/svelte,9521b9f3dcd4a2c214cad6733717ed78fb046a07,fix,2026-04-29T20:47:11+00:00
sveltejs/svelte,90a70cb012733be22858dc4db9a18868159bd9fa,fix,2026-04-29T22:18:09+00:00
sveltejs/svelte,572444a6961ca73b0972280b9c955c74a02f15a4,fix,2026-04-29T23:20:43+00:00
sveltejs/svelte,dc5bd887b50c593033408b7faa079d56f38e74b9,fix,2026-05-01T19:57:15+00:00
sveltejs/svelte,89b6a939fe40ac657f27219d29c601fa67202eed,fix,2026-05-05T18:48:50+00:00
sveltejs/svelte,d4c5a917356a4ef0905681bdd98113c84707db42,fix,2026-05-06T07:59:39+00:00
sveltejs/svelte,1c150a460fdb67703aeba9eb515c0a30e2348ccb,fix,2026-05-06T20:37:46+00:00
sveltejs/svelte,908c9d031283955629f784a9a9cd523172c10353,fix,2026-05-07T08:30:24+00:00
sveltejs/svelte,fcaa8ce7236069755912df5f7d29c7e5e5c57974,fix,2026-05-07T18:34:26+00:00
sveltejs/svelte,9950b22869b084052cee9e708a79d7cc3bd12be8,fix,2026-05-08T16:08:04+00:00
sveltejs/svelte,e00944ffd1940110e4c1aeb8912fa26858e610bc,fix,2026-05-08T16:08:26+00:00
sveltejs/svelte,9ffc13d7c3a9360591e1ad45209b10024e3a8333,fix,2026-05-08T16:55:29+00:00
sveltejs/svelte,5122936edb3c14e9a602e579727479b49cbd3239,fix,2026-05-13T20:06:56+00:00
sveltejs/svelte,ef4b97dfabfd7a23b27933e18f7393587c343d66,fix,2026-05-14T12:31:42+00:00
sveltejs/svelte,eb10a70cf1f003c3e93f3c4ecc9749870e7581c6,fix,2026-05-18T15:36:17+00:00
sveltejs/svelte,1e899cba354d2b25593afc1bbf04bf3555b5d26a,fix,2026-05-18T15:36:41+00:00
sveltejs/svelte,dc1f037fa67bf2fbdeb1c5f18b2b1f7d023077e3,fix,2026-05-18T15:37:01+00:00
sveltejs/svelte,2bc3592eb1ba1b37bde6c893e84b28e2f630db59,fix,2026-05-18T15:53:31+00:00
sveltejs/svelte,a5df6616ea6c8ee0984ff0fc7b04e51472f1d01d,fix,2026-05-18T18:53:10+00:00
sveltejs/svelte,be8ffeb2a4b0c36657fb5c1bdcf36971da814227,docs,2026-05-19T14:58:35+00:00
sveltejs/svelte,000c594e05d27e3e56c08cf30274689615d99092,fix,2026-05-19T20:16:03+00:00
sveltejs/svelte,d654db83ef3c299e0b7833e6c418ce02d6127abd,fix,2026-05-20T01:04:31+00:00
sveltejs/svelte,91a42e2ed6bda52205b269d28e70b9d15cd87292,fix,2026-05-21T18:25:51+00:00
sveltejs/svelte,4656e6895dde764e99c01d9dd86379df2c881c8a,fix,2026-05-21T18:26:09+00:00
sveltejs/svelte,a6002b587c9d2f40fe2dc48391c372360abbaf0f,fix,2026-05-21T18:26:47+00:00
sveltejs/svelte,078f901f611237d4c6fed16ef894f33572f9ccba,fix,2026-05-21T18:27:13+00:00
sveltejs/svelte,8b961be0b190078815219e614b739b170e1087b1,fix,2026-05-21T20:24:11+00:00
sveltejs/svelte,fe9ab936b6aa646ef87c636ec8803d42f8b7bb1d,fix,2026-05-22T15:48:31+00:00
sveltejs/svelte,871e590c594c2c4ec42ad9fa160bff7f3e445784,fix,2026-05-26T16:14:35+00:00
sveltejs/svelte,60eaa92b0bdd576d8ad791a8ed7ad56bcb1575db,fix,2026-05-26T16:16:27+00:00
sveltejs/svelte,d2c7fa34945272aae500f90536aa9fdffdc35e7e,fix,2026-05-26T16:21:51+00:00
sveltejs/svelte,c01e598fff2a851323fb61c6325ef51b87f019fd,fix,2026-05-26T21:18:51+00:00
sveltejs/svelte,b40c359d44196b7b87745259243333763ed61ec5,fix,2026-05-26T21:37:17+00:00
sveltejs/svelte,ec08dbc7ee156d34816586feb49bb8650579e41f,fix,2026-05-27T08:20:27+00:00
sveltejs/svelte,e705369dee060e74ad9456e45824f36b1ee3c6cf,fix,2026-05-27T18:41:35+00:00
sveltejs/svelte,0da9f9e2ab515da16d624c5bc48b554beb179f92,fix,2026-05-27T19:58:57+00:00
sveltejs/svelte,638ab370a561f97552229589f2f334655426fe5c,fix,2026-05-27T20:52:40+00:00
sveltejs/svelte,27e74c4df7b49f6b7663e00acd065a68ddaa337f,docs,2026-05-28T18:19:56+00:00
sveltejs/svelte,59d3a36f825d9f2ca29dbdbec0ad27e4f5bf1105,feat,2026-05-29T12:05:13+00:00
sveltejs/svelte,6a955758a67a3c9c80f58c45961c0db2a52d463f,docs,2026-05-29T20:22:55+00:00
sveltejs/svelte,11985c020fe1f7f7755494929c5d59f44a45e990,docs,2026-05-31T15:41:49+00:00
sveltejs/svelte,378bb25097088c2277aa063408c62818cc1f6c4e,fix,2026-05-31T16:16:37+00:00
sveltejs/svelte,b76b937e0053b7368b9a94bf2b351b181bd2eda6,fix,2026-06-01T07:59:37+00:00
sveltejs/svelte,c74f44fff99de06270c26098600f891835a15288,fix,2026-06-01T08:03:41+00:00
sveltejs/svelte,2afb895ffabe918d69f8463e06637b060b7a4dce,fix,2026-06-01T21:36:18+00:00
sveltejs/svelte,56013a2c01454388ea5f58642377038f29cdec4a,fix,2026-06-01T21:39:50+00:00
sveltejs/svelte,5b8db1be35555fee3b938f9d7eab93f2aee48b7e,fix,2026-06-01T22:01:39+00:00
sveltejs/svelte,a81f96549d6768586b6bdace0a3e5467cff114ce,fix,2026-06-01T22:44:43+00:00
sveltejs/svelte,1b4c43b8e59e22c1b8185421307fbab91e573866,fix,2026-06-02T23:12:25+00:00
sveltejs/svelte,94bd27953e0a5ffef80e9451b27e122d185d093f,docs,2026-06-03T02:41:15+00:00
sveltejs/svelte,bdb1a0f847ba4f04252e9d26a7690dbfb0683da7,fix,2026-06-04T00:59:57+00:00
sveltejs/svelte,3d5c4ab620a597dfa296486e96642cff88bf90ec,fix,2026-06-04T01:49:19+00:00
sveltejs/svelte,3d83c9abe606415c2ceee215c76582ea9bcfa7b1,fix,2026-06-05T13:35:31+00:00
sveltejs/svelte,71a6515bd648202b2795a80e68e7c9c7ac9ad4ee,fix,2026-06-05T19:17:49+00:00
sveltejs/svelte,0510174bc0c908c9d4980274717191fdf46a38c6,fix,2026-06-15T16:08:45+00:00
sveltejs/svelte,a6985bcd24faa8ec4a8de671b2013d98b0bc629f,fix,2026-06-22T11:03:18+00:00
sveltejs/svelte,36ae0622a8da4c6e60d32cde199af3d7c3121cd3,fix,2026-06-22T18:09:04+00:00
sveltejs/svelte,8fb7ceeba5dd1d3b7fc3f587f4e2138bf1b978ed,fix,2026-07-06T11:50:56+00:00
sveltejs/svelte,41642b70ee471dfe024dfface4c0c9939fa60d3b,fix,2026-07-09T13:06:08+00:00
sveltejs/svelte,5edd8b0602c81494ebdad7f1a5d8077f869c2097,fix,2026-07-09T21:59:23+00:00
sveltejs/svelte,bfbb026f2f7db6ced0d86ba0feb40587c0e8f598,fix,2026-07-10T13:42:01+00:00
sveltejs/svelte,08a9e9e7e43453e2146357dd72d44cca1e41e29e,fix,2026-07-10T13:59:34+00:00
sveltejs/svelte,b4d1583ae20f3869a88a731d9a265c546c099f66,fix,2026-07-10T14:01:48+00:00
sveltejs/svelte,199ffebca375b29b65fcac53fc1825b452175a53,fix,2026-07-14T09:51:13+00:00
sveltejs/svelte,22e0adb75a07442015feb0465cee1d3a61729e90,fix,2026-07-16T08:42:31+00:00
sveltejs/svelte,d9e40d17cf751e22dbc3ec42b9cb50920e2d1229,docs,2026-07-19T01:00:02+00:00
sveltejs/svelte,26786e92985842a6d563c67049a43bc5857bf792,fix,2026-08-07T19:37:07+00:00
sveltejs/svelte,3ed9db4ba78f61792b875b7651755a9c0a018037,fix,2026-08-12T15:40:28+00:00
sveltejs/svelte,a1d5035d1777be6ab177d3749668f599ccefc445,fix,2026-08-12T17:13:47+00:00
sveltejs/svelte,ee6dff80cae6fdcb068647322090765c77f67ee4,fix,2026-08-12T17:34:47+00:00
sveltejs/svelte,135f4439c300b4bb996782e90f9d610b3373d574,fix,2026-08-14T05:49:51+00:00
sveltejs/svelte,7725f77cca667aa1f7fb4b7b3219467f34e89313,fix,2026-08-14T07:53:47+00:00
sveltejs/svelte,221dcae8ca50c84c99c9bf5475e91dc3aa25480e,fix,2026-08-14T14:34:22+00:00
sveltejs/svelte,a224dd58671eb11f9b21e2a1c9f8fc48c0ece63a,fix,2026-08-14T16:07:16+00:00
sveltejs/svelte,c0987c09f816b5d7dcb5564d19c849f7e28b9e7a,fix,2026-08-14T20:50:35+00:00
sveltejs/svelte,248a2e1db4a497bc13cda883d1d8b2be4bb3a8e3,fix,2026-08-18T12:26:56+00:00
sveltejs/svelte,9414eaa41b4a14109594589f275495aafff2968a,fix,2026-08-18T14:29:10+00:00
sveltejs/svelte,a5ea12ee9313cf3f117b43ca38d3a594b888cbb2,fix,2026-08-18T15:34:51+00:00
sveltejs/svelte,384ee73aa27b41beb214fe5f3e4cc4339b489ddd,fix,2026-08-19T02:18:47+00:00
sveltejs/svelte,fe4a56b0a8b065777c4f01dab63e4fbd260ef758,fix,2026-08-19T14:06:15+00:00
sveltejs/svelte,8835003d41d23751d64e99492b7548ca554abd76,fix,2026-08-19T21:13:06+00:00
sveltejs/svelte,9c2494b134717141186887fab011972b9293d4ea,fix,2026-08-20T08:42:04+00:00
sveltejs/svelte,ee1249b43cb702d1ea97274ba7849fb8153bd4e2,fix,2026-08-20T10:02:07+00:00
sveltejs/svelte,a4c60ccdbb4b68469444af216bdf5f565ddc2916,fix,2026-08-20T12:48:02+00:00
sveltejs/svelte,a166761b041922978b35126f60a7b4092fcc1148,fix,2026-08-20T13:15:27+00:00
sveltejs/svelte,24130c18e210dac351710fcdeb878235d2449bd9,fix,2026-08-20T13:16:47+00:00
sveltejs/svelte,388840b1b29d9f02aebc649f705f4a01ca1c4b51,docs,2026-08-20T13:23:11+00:00
sveltejs/svelte,ffc0e6e7ef5961ec81a9df90cd166e5d06ec33fd,fix,2026-08-20T15:19:42+00:00
sveltejs/svelte,950e2a837c344fa2d656cb98f471eba9a15ec4a4,fix,2026-08-20T15:22:27+00:00
sveltejs/svelte,5ccdfe355739229573b20a2fa2ee49e38e3868fe,docs,2026-08-20T16:05:45+00:00
sveltejs/svelte,a7ba9e85aa47583f84a19a622667bc4c97514c2f,docs,2026-08-20T20:34:02+00:00
sveltejs/svelte,faf1e103c53675cbe71860f331d4fedd84c8d612,fix,2026-08-20T20:50:44+00:00
sveltejs/svelte,cac27c783ed0c12011fa223825b6877dc6760825,feat,2026-08-20T20:51:54+00:00
sveltejs/svelte,f4918d86f3f82cb03535836c329457b1a57e1fdb,docs,2026-08-20T21:30:04+00:00
sveltejs/svelte,38ef714f1a2fa0e74b60e74ca46a8977ddac26b7,fix,2026-08-20T21:30:19+00:00
sveltejs/svelte,07dda4056b56024dd263eb93c8d7d1c16c9a72d6,docs,2026-08-20T21:30:33+00:00
sveltejs/svelte,793e309d4e2c2442ad62e5b44d5ded5ee530fd2a,docs,2026-08-20T21:41:46+00:00
sveltejs/svelte,44bd73f3e59f7f9f74ed16bb577d355a71d895f1,docs,2026-08-20T21:43:25+00:00
sveltejs/svelte,2d2e5df26e0defc3ad5d0feb3b61e86a7145633f,fix,2026-08-21T10:58:47+00:00
sveltejs/svelte,9d0062d60784474ac9e618733e51d8ef6315d13c,fix,2026-08-21T11:08:14+00:00
sveltejs/svelte,6266debb21f0a7e6971ac9a117c9180e480022e3,docs,2026-08-21T11:35:44+00:00
sveltejs/svelte,b2a24b0426f1a302a3d741526a33555fde28f269,fix,2026-08-21T11:51:00+00:00
sveltejs/svelte,06c9b7929a1cb5294e7f00faa3d24b7a65556a58,fix,2026-08-21T12:16:19+00:00
sveltejs/svelte,8bf9ec87000fffd3805ebaac3586a0502cf92900,docs,2026-08-21T13:45:41+00:00
sveltejs/svelte,224fcadbd5034f0ac6d89b6f8525a58acde8eed4,fix,2026-08-21T13:54:15+00:00
sveltejs/svelte,3405b5e735e46aaff057bfa8e5fcdb21391ca89a,fix,2026-08-21T15:05:32+00:00
sveltejs/svelte,3b559bbf96cffb48e782e89aca251e0ca4ccc5bc,fix,2026-08-21T20:08:53+00:00
sveltejs/svelte,a6153f1d2a9168f8371149fbd775fa428c718a9b,fix,2026-08-21T20:16:30+00:00
sveltejs/svelte,a6560bbe08bd25105152e23cb80465a9e7d0c95a,fix,2026-08-21T20:29:02+00:00
sveltejs/svelte,63b4c3652dfe0d4b692dd9278b5f668a0b67a76b,fix,2026-08-21T20:59:35+00:00
sveltejs/svelte,15720b16a5ef33e3e1f4301c77b94ec375070e73,docs,2026-08-21T21:32:03+00:00
sveltejs/svelte,4b61851ec80054c465b23603aafe2a7d69819438,fix,2026-08-24T11:59:50+00:00
sveltejs/svelte,721244ad3ba75675414521d02af8581dcb5902c6,fix,2026-08-24T12:14:18+00:00
sveltejs/svelte,6f5dd04a0040db09c3171afd9d5e39071db6069d,fix,2026-08-24T20:15:27+00:00
sveltejs/svelte,2b740e496e857ae9e53bd15f5d5d7a2d4398139b,fix,2026-08-25T08:14:43+00:00
sveltejs/svelte,1b02aa28c8d746280617f59d6126b8b60f6cd748,fix,2026-08-25T08:28:46+00:00
sveltejs/svelte,c894afd8c73e4f08a377909f29aa58177a256277,fix,2026-08-25T08:37:34+00:00
sveltejs/svelte,135f1ec004352048454e732202c0bc8332816242,fix,2026-08-25T09:24:45+00:00
sveltejs/svelte,b433f3cd878814d6d141be359e5dafa9959b5f9e,fix,2026-08-25T12:22:56+00:00
sveltejs/svelte,c575b07bca37178cd8ce8c10389ece6dd33e8c96,feat,2026-08-25T14:15:19+00:00
sveltejs/svelte,68e7c9b5218b613c2b58be98bc5910bfa0dbacd4,fix,2026-08-25T14:24:46+00:00
sveltejs/svelte,c7d8233a5ce70546971413ba84282ba0518a0828,fix,2026-08-25T14:47:30+00:00
sveltejs/svelte,955b701df2d4c44215844a07a6112462558c2a1e,fix,2026-08-25T14:48:09+00:00
sveltejs/svelte,0f458d5abaafaeaaeb15009700e6f7747c8f4121,fix,2026-08-25T15:43:16+00:00
sveltejs/svelte,bfc9b65b3d3c929046ba3ff594d4ae4ac300ffea,docs,2026-08-25T15:48:20+00:00
sveltejs/svelte,aadc97ce1be06e3dad4b98469ac385a07f34fd06,fix,2026-08-25T16:06:14+00:00
sveltejs/svelte,4d5139552dac8593c5e020846fa7ce8e96ea97b7,fix,2026-08-25T19:51:14+00:00
sveltejs/svelte,2e8b57bc580b47004e4c48bf7dce11d4696ac785,fix,2026-08-26T08:11:35+00:00
sveltejs/svelte,7c6f36aa924700baca30f8fb0f03dde4d46a1d21,fix,2026-08-26T08:19:59+00:00
sveltejs/svelte,05b69164d11aa241f16c9d3904d91fb4aa357970,fix,2026-08-27T13:44:40+00:00
sveltejs/svelte,edbe11ebc93c26410867748a34c4ed311d128de0,fix,2026-08-27T14:27:08+00:00
sveltejs/svelte,74197ccbe1d84cab76c1eefbf3def43903661691,feat,2026-08-27T15:05:23+00:00
sveltejs/svelte,4ae5eb3f23df00de4d60bf40ff5a96580a0719dc,feat,2026-08-27T20:58:40+00:00
sveltejs/svelte,214dd3d005e78c90d6c93e76a07b801303f53b53,fix,2026-08-31T06:38:45+00:00
sveltejs/svelte,4bf15ae6f304b9aa49a4396c3f51dc423d0722dc,fix,2026-08-31T20:23:00+00:00
sveltejs/svelte,d16099ef0fa666f3610ef75ad9fca3252b0b47d0,fix,2026-09-09T08:58:29+00:00
sveltejs/svelte,ce89035ecbf88ee131838527d29584b968d450fb,fix,2026-09-09T09:47:41+00:00
sveltejs/svelte,34b13ac3e4a8c7919eb8d044a7c31d2d16f72678,fix,2026-09-11T10:35:15+00:00
sveltejs/svelte,6be176df2f760e314023e3ddbf42b45fc5575dbb,fix,2026-09-11T11:24:55+00:00
sveltejs/svelte,a8a9b02e380ce8c22e1893c0964cfc9a4916a468,fix,2026-09-11T11:35:22+00:00
vitejs/vite,4a04d8102ae9d76939c8462461d1ac01fdefbe8c,feat,2020-04-20T08:45:45+00:00
vitejs/vite,33488fe7e63921ace334db6da0e0ae287a913668,feat,2020-04-20T09:32:52+00:00
vitejs/vite,bfb4b911aef4747fb8998747f4d921451b652466,refactor,2020-04-20T22:14:26+00:00
vitejs/vite,91d76bf6af1c25349143fe37df29f05eec71a213,refactor,2020-04-20T23:13:22+00:00
vitejs/vite,bb9baa2f61136a7083c92ef67c92eb727eba3b40,fix,2020-04-21T14:36:10+00:00
vitejs/vite,36f1a18d404d4782f01765afed176fd4b486ded4,refactor,2020-04-21T22:27:43+00:00
vitejs/vite,df93fdac2709dc771ddceee566d9e67d566efe73,refactor,2020-04-22T02:32:57+00:00
vitejs/vite,a18379177c2efc69396765277df6b5a316fc5870,feat,2020-04-23T13:50:49+00:00
vitejs/vite,3e5076d41c908e7662ac4e8ba07dd084947fede0,feat,2020-04-23T15:16:44+00:00
vitejs/vite,b1006830488367e3119af7e383657cf00582aced,feat,2020-04-23T15:28:00+00:00
vitejs/vite,169e31f872e54b76fd86458e491d14cd71b56e65,refactor,2020-04-23T19:18:07+00:00
vitejs/vite,aa7c8d0b076ed0c615b3132fc2d0a5229ef78d08,refactor,2020-04-23T20:20:07+00:00
vitejs/vite,0ea79707334b4e6769a8450bd2f51e2507e73bc4,feat,2020-04-24T03:04:29+00:00
vitejs/vite,cdcb930e62fe46cf4cdb229f747eefdf09385fc8,fix,2020-04-26T20:14:04+00:00
vitejs/vite,78ae1b745bc5cf269b6ccfc12b129b404f0e9026,fix,2020-04-27T13:53:17+00:00
vitejs/vite,e0c73543a6c792046f9d7e9a0a481f567f4e21ec,fix,2020-04-27T14:34:57+00:00
vitejs/vite,1b0b4ba340b5d552abd7fa0457f9b2de55fc1647,feat,2020-04-29T02:56:43+00:00
vitejs/vite,6125ee90ce6496ed7a7b6db1c1dd6ae9ca995f34,docs,2020-05-01T13:14:47+00:00
vitejs/vite,3ff579c7de84787d2533ae0f1e2695900949e7d9,feat,2020-05-02T02:37:21+00:00
vitejs/vite,5d7ac468091adf2d6809e6a735990bf20b28de87,feat,2020-05-02T21:12:46+00:00
vitejs/vite,63b4de6405e5a2e1375f8360420c7cd11fdcd665,feat,2020-05-03T01:43:45+00:00
vitejs/vite,8ef6d4d12b5fc75b137fed7258114a2c5a17101c,feat,2020-05-03T02:13:51+00:00
vitejs/vite,67b82dca062f10e14aac1d5ebae8d50d6ea15d31,refactor,2020-05-03T02:40:16+00:00
vitejs/vite,348a7e88e4cd104b110eb6296f5a18fdff351d32,fix,2020-05-03T17:13:56+00:00
vitejs/vite,0187d3f525fd76fa9855284b23836f4c3b68952a,feat,2020-05-03T19:57:52+00:00
vitejs/vite,c9c9c87c855994e2f307475353c1cbb7bf9cc46a,feat,2020-05-04T00:29:08+00:00
vitejs/vite,1782f831c62e73d961fcf71de4d1024a1f8acaf7,feat,2020-05-04T16:19:22+00:00
vitejs/vite,a5c608d2a0b98fc7b121d9c5eb1a4b7238dfb74b,feat,2020-05-05T15:30:04+00:00
vitejs/vite,8c6cf4ae7f2935b9f85d7b66a8982c1f27fa15d0,refactor,2020-05-05T21:23:03+00:00
vitejs/vite,81ffbc548c3d5f9db1f040c360167f95963674d6,feat,2020-05-06T02:35:41+00:00
vitejs/vite,8262108db14b35126bcaae3253bf3f6391c9d283,feat,2020-05-06T03:30:09+00:00
vitejs/vite,73d94b9ba75836b995ed276747a32ce94344c1eb,fix,2020-05-06T04:10:47+00:00
vitejs/vite,5f05f1e1cc6b166a18e1d44162e2922bd56dcab6,refactor,2020-05-06T19:42:05+00:00
vitejs/vite,7aaf45816fe5ceadb163b5faa294eebf26044c62,fix,2020-05-06T20:41:12+00:00
vitejs/vite,72e021b8009d0aac1dc7500064f893ce1a679c3e,refactor,2020-05-07T00:36:26+00:00
vitejs/vite,ca421cdf9348076a53ad1ff1a9e6ee4095776eae,fix,2020-05-07T01:59:15+00:00
vitejs/vite,b1d6be7cf3e436fce7b187d2139ee43349ca5f40,feat,2020-05-07T02:29:23+00:00
vitejs/vite,82414b88bb057630f096123fb820105817c4707c,fix,2020-05-07T18:48:32+00:00
vitejs/vite,7f952c71e370d021fb5e9171fe39957d17941ff9,refactor,2020-05-07T19:54:15+00:00
vitejs/vite,4c5a31e7b32e63ffb219cf75d8c69ce482a5753d,fix,2020-05-07T23:16:15+00:00
vitejs/vite,9061e442a7de8f94ca2931299450464f78f82148,feat,2020-05-08T15:12:08+00:00
vitejs/vite,12a5d47b2bf2cb7e1badae2e2ee1129c0ae29fe5,feat,2020-05-08T15:15:25+00:00
vitejs/vite,e5cf447762c73aafd686a69a8b0d8e24c4e00048,feat,2020-05-08T16:44:21+00:00
vitejs/vite,74405d12f5c8db95c0745ea8d979a7908dc06bd4,refactor,2020-05-08T18:12:33+00:00
vitejs/vite,7ffa9c0b953f4a78251a8c379a2edf8e31fd368b,fix,2020-05-09T01:02:00+00:00
vitejs/vite,122851ee802c8e6374be42e704883e6ed91b0b02,fix,2020-05-09T11:48:09+00:00
vitejs/vite,9336dacaeaae37bd2adf36ab1816c063eddbd4eb,fix,2020-05-09T17:11:49+00:00
vitejs/vite,49e79e7603f5a53756f016494dd17ee5f76f37b6,feat,2020-05-09T18:08:35+00:00
vitejs/vite,d6151bf06d555693211693d9a45ef11cb45adc13,feat,2020-05-09T19:02:05+00:00
vitejs/vite,ab940fdf409ea44754b5e5e9550ff9dcc5ee562d,feat,2020-05-09T21:03:19+00:00
vitejs/vite,b85de93c49952b4de56a319915ef1527c30b8f93,fix,2020-05-10T02:08:57+00:00
vitejs/vite,b0713fed745988162ed507ea2bd06fff10d85280,feat,2020-05-10T19:19:32+00:00
vitejs/vite,02491a4be84cce43a4c84598e4a51b9b247d0b71,feat,2020-05-10T22:17:55+00:00
vitejs/vite,185a9cdec34b7f0e2f2bb7a365c1e0c5201be9fd,docs,2020-05-10T23:00:01+00:00
vitejs/vite,8cd235451f91b9a73c5419067af0c1bf7c992655,feat,2020-05-11T01:43:28+00:00
vitejs/vite,3d1695100a17502dcb49d074ed15627604cd03f0,fix,2020-05-11T01:53:41+00:00
vitejs/vite,b2377bf3b6b14ed972327930644fe6937fa814dd,fix,2020-05-11T21:02:34+00:00
vitejs/vite,b5871eba505e5a109b8b8ae07d6f8a70c6d970eb,fix,2020-05-12T17:42:36+00:00
vitejs/vite,c8a1ffd71db0916cd6386130e3eb170fa09c31d2,fix,2020-05-12T21:37:36+00:00
vitejs/vite,02753b7fda300bd15b7fa61d5e9ed2cce1a6ac4f,fix,2020-05-13T16:02:58+00:00
vitejs/vite,4f2953e429718c28ec4f1a8e6559d7c75630e70b,fix,2020-05-13T16:19:27+00:00
vitejs/vite,c243d09dbb7cbc7aaf5c79e2e2ea3be899d37933,fix,2020-05-13T17:31:20+00:00
vitejs/vite,49a44b648f263ff058f730913ea1ee6c62e3cd2d,feat,2020-05-13T22:00:14+00:00
vitejs/vite,b1726d84e1bf694797f30c62ca509644577ef583,fix,2020-05-14T13:16:22+00:00
vitejs/vite,e49742e40dcc385c03c1e16a3a0a3fad60fcb417,fix,2020-05-14T15:41:41+00:00
vitejs/vite,a6a76a7946bd4d4c68edd22eb0295f758ea48990,feat,2020-05-14T16:11:21+00:00
vitejs/vite,00f4a8319fcc79ebdf939ecb5aea990c46690fd8,fix,2020-05-17T18:10:34+00:00
vitejs/vite,1f3a9b1adc73e2569425e7ab4c129734d59bdfcd,fix,2020-05-17T18:51:23+00:00
vitejs/vite,89ac24552f5cf644d416230058293d0d0d8eef5f,fix,2020-05-18T22:29:34+00:00
vitejs/vite,f6a21b268b262ddbdd585288e599fed2b3a41ec6,fix,2020-05-19T01:59:07+00:00
vitejs/vite,0e68cc18bc0ad60b6d469b41da66d5bfa7f86109,feat,2020-05-19T04:09:01+00:00
vitejs/vite,dafaccbe291f8cc1db9716827366ddd418637f40,feat,2020-05-19T14:58:51+00:00
vitejs/vite,45fde5ba3171c7788535a67a5abc0b171b38e3f1,fix,2020-05-19T15:13:49+00:00
vitejs/vite,ce4032b4e12adf2dd4c5480b596d532e0f27d086,feat,2020-05-19T19:24:49+00:00
vitejs/vite,86e9fb598ffb702074f8b6153493ca5c6597f671,fix,2020-05-19T19:40:55+00:00
vitejs/vite,6683bb8fb819c6f4935b40f25c2a377037e5ec7d,fix,2020-05-19T19:51:04+00:00
vitejs/vite,c553de26234e64ed3cdccd216630a6b5cd49f8f8,fix,2020-05-20T15:08:44+00:00
vitejs/vite,4a0b6cc573840f3f74ac4f1b59bc957f1c626a92,fix,2020-05-21T14:36:15+00:00
vitejs/vite,029de6b30bfc307d4b02f28703cd8d73a706b1cd,fix,2020-05-22T17:24:10+00:00
vitejs/vite,1be61219d1e253d6edec812ff7828b69d775c093,fix,2020-05-22T17:38:01+00:00
vitejs/vite,0a1d2ac133a208c6cd971adf487b3e9ec2a3291d,refactor,2020-05-23T17:34:31+00:00
vitejs/vite,db8b6b23d6e230505b48890cc95e0d8642e98804,feat,2020-05-25T15:52:06+00:00
vitejs/vite,3486d2117faac0d83bc093f0c8c21b783b8f9f2d,fix,2020-05-25T16:55:26+00:00
vitejs/vite,8816d3bca6aef8df11f70f934031178accde5163,fix,2020-05-25T17:21:49+00:00
vitejs/vite,4fceaea1b60ba71f954796dfc601e91300344d3f,fix,2020-05-25T19:12:24+00:00
vitejs/vite,a68bfc307dd636d5e1b5d42d6df248da1beea2ff,feat,2020-05-26T01:09:56+00:00
vitejs/vite,5435737d126a2d08e7e950dbf4952fc903574d19,fix,2020-05-26T14:01:51+00:00
vitejs/vite,d229a5b9014d71cf81f76f8328a5d29c0f02c3a8,refactor,2020-05-26T14:10:36+00:00
vitejs/vite,e86da9e6b56aeaf985ecf590fd775582952279b0,fix,2020-05-26T15:27:39+00:00
vitejs/vite,e2594dffe42776cf8c53725d79525fb0b8b08d68,fix,2020-05-26T19:52:17+00:00
vitejs/vite,9a4424822a8d3b3583504b827e1b7089b4319a30,fix,2020-05-26T21:55:28+00:00
vitejs/vite,ae6b49d5bd71a18f917d3a5e57ec3c4b9351da59,fix,2020-05-27T02:02:19+00:00
vitejs/vite,3045112780a8eeb5b8f455b82939cb00da1eef7d,fix,2020-05-27T15:39:42+00:00
vitejs/vite,801951e28a92aaf7437647094081825ec308e645,feat,2020-05-28T22:40:55+00:00
vitejs/vite,cddbebcb4da74a41887475913b6cdbfc37cd5f2a,fix,2020-05-29T13:28:35+00:00
vitejs/vite,28d9714f035848e61f55ddd9e85b83342094e194,fix,2020-05-29T13:42:00+00:00
vitejs/vite,8144044f95a03f74fee6df38429b7f4d97f3adb1,fix,2020-05-29T15:08:19+00:00
vitejs/vite,3fdfe8a78c803b712c2064c1defb43845b2a0039,fix,2020-05-30T03:05:11+00:00
vitejs/vite,7afadbf60f37b7521fc322ac9681016abb140804,docs,2020-05-30T16:39:42+00:00
vitejs/vite,ee60f64d9011fe54358fc8fa88739f8fff8586ec,fix,2020-05-31T03:34:11+00:00
vitejs/vite,a719a65c480e77ad5eacfac418e9a141b66c5fa5,docs,2020-05-31T03:42:42+00:00
vitejs/vite,050e01fea73bdb8bc05b1977af5632479b7486ae,docs,2020-05-31T17:58:49+00:00
vitejs/vite,26ce249819680fbd8d393bb9b5544c5e8b795a9a,refactor,2020-05-31T18:31:21+00:00
vitejs/vite,34c92338ba3f6631e22a8d4ef34927ad5f1c2f8b,fix,2020-05-31T19:49:43+00:00
vitejs/vite,f28b88f42dd485718f9ae2bce7de3710e94b7a9e,fix,2020-06-01T14:41:24+00:00
vitejs/vite,ad14ef48c895c0db0698e3c4a904472109030e6a,fix,2020-06-01T16:32:19+00:00
vitejs/vite,c400d2a7e79eb4c493dc91e67751acca8756459b,fix,2020-06-02T19:35:41+00:00
vitejs/vite,cd1dae46b6a77608c80e74454f4134a2eaec4148,fix,2020-06-03T14:55:23+00:00
vitejs/vite,2e44e7133066110fda46aa00393e5e17e4f5e289,fix,2020-06-04T16:47:02+00:00
vitejs/vite,944e16301bba660df7a51a76c9995cba357cf924,fix,2020-06-04T16:47:36+00:00
vitejs/vite,fc59642b1322d101879bade11abffc0323808f7e,feat,2020-06-04T22:26:15+00:00
vitejs/vite,5b1e25d710a6f7e56d4d364a78c332ce7840cb63,fix,2020-06-05T20:20:08+00:00
vitejs/vite,a8c22de895646aba3aa80fe3f0323a1a44a7324a,fix,2020-06-08T13:35:06+00:00
vitejs/vite,4ed19b9b6008f4ba7b498b1b58dd90b4a95d40ae,fix,2020-06-08T14:17:02+00:00
vitejs/vite,6ed9f0bbee3b7042158fab777d1e73df32b47e7f,fix,2020-06-08T14:37:59+00:00
vitejs/vite,ed5b668f08424e8730c1de15dc4dedfc9fa75474,fix,2020-06-08T15:07:43+00:00
vitejs/vite,e6182c37358a055306ccd56e121fab23b6be57aa,refactor,2020-06-19T14:13:47+00:00
vitejs/vite,7a4606de89826583f8a8b9adb5e996516a8227e7,feat,2020-06-19T15:16:32+00:00
vitejs/vite,74ef32c815becb770dcf525acd2f308882924c30,fix,2020-06-19T16:06:28+00:00
vitejs/vite,4a776f7d272f867f8e05aeb7b9f11f6eb0a916ae,refactor,2020-06-19T18:00:27+00:00
vitejs/vite,f4fd8329f130926c4cac3efd2f117df9ca77c174,feat,2020-06-22T14:55:04+00:00
vitejs/vite,8af15d20b8f318987d8c1af04d8196ebd0a44053,feat,2020-06-22T16:33:24+00:00
vitejs/vite,77dad04f9d8ff51da616a5c1487c646ce6749b29,fix,2020-06-22T20:02:53+00:00
vitejs/vite,640f85014b34ce8e94470e160c503ad3c0126fbe,refactor,2020-06-22T20:40:36+00:00
vitejs/vite,b31e56a42bc8d230dc5067a956b1bf75183a39e6,fix,2020-06-23T14:19:33+00:00
vitejs/vite,0ff8ae3ee68052b676b7619323b22e0d56fbbe2a,fix,2020-06-24T01:47:39+00:00
vitejs/vite,7fe66cceced93b4b1acbc3f1c031e4919f85ba3b,fix,2020-06-24T02:28:50+00:00
vitejs/vite,298c78df55b300a6969bf66b0b426c841acdbb13,fix,2020-06-24T02:47:27+00:00
vitejs/vite,e0a02581d8a1709c229e345155b5281edb081b08,fix,2020-06-24T03:01:33+00:00
vitejs/vite,07af6f4090de7ad106697a007c0ff1af843d2ea3,feat,2020-06-24T15:09:01+00:00
vitejs/vite,7305c5bc5f16fb37b909809f328e4410309f3fb5,fix,2020-06-24T15:37:53+00:00
vitejs/vite,f5729069daca9f6a0c804545f7ede999bad6e7fd,refactor,2020-06-25T01:42:48+00:00
vitejs/vite,bc4ae27f4e4b37c65db51f9ca90a34f21d91f160,fix,2020-07-02T15:52:31+00:00
vitejs/vite,1b61550bfbcbb772b3202a2a3d1e19c8ee2f9d9f,fix,2020-07-02T16:04:14+00:00
vitejs/vite,b6e91e06ed455cd11a7e22927bad348d63556f31,feat,2020-07-02T16:48:59+00:00
vitejs/vite,1fa4d9a32d987bf3c83fdb3e681b1e748b2375fb,fix,2020-07-02T18:03:48+00:00
vitejs/vite,4c21121bfb9565253715366b133d8bf18f5ae42d,refactor,2020-07-02T19:31:38+00:00
vitejs/vite,02cc24f5e7c3219eb0dd77480f9df8208e81c09c,fix,2020-07-15T19:07:39+00:00
vitejs/vite,cc1e8e823b8c094b05d3b77c61b9fc082911aafd,feat,2020-07-16T18:30:23+00:00
vitejs/vite,3314d209b47aeff29959de6a5f7beace472e4bdb,feat,2020-07-16T19:45:42+00:00
vitejs/vite,8ae073e59c77a092cbe505415f59a76e1cadffd4,fix,2020-07-16T20:51:52+00:00
vitejs/vite,2da41f1011cc6f33fc8ee4dc279dcbb9214f0bca,feat,2020-07-16T20:52:24+00:00
vitejs/vite,6388e699617f7c72e753f9d961278b46a468da60,fix,2020-07-16T21:04:02+00:00
vitejs/vite,5d06b0c018259a6ee2a2e0ae75f49951934cf8c1,feat,2020-07-16T21:06:08+00:00
vitejs/vite,abfe6f8732b057b256f152e71e2e450861636e30,fix,2020-07-16T21:44:47+00:00
vitejs/vite,cdaa2cab63e28834f4f0550d23e9ae2ac3d0a111,fix,2020-07-21T00:33:39+00:00
vitejs/vite,8c0034dad23a8a766a3d87ee3b9d367f312e03d3,fix,2020-07-21T15:16:02+00:00
vitejs/vite,59938bc2765528ea1bfa84742fa5c48943a82cd5,fix,2020-07-21T20:20:13+00:00
vitejs/vite,1a6447de45a325f1d27f80e7b5dfa155498fea14,fix,2020-07-29T20:40:57+00:00
vitejs/vite,8a52d8bbf46810bb233ea4e031a1608f9e3f972c,fix,2020-07-29T21:11:09+00:00
vitejs/vite,ab5d6f6864f059ea88b5328f97bfdaa4b5146c6a,fix,2020-07-30T16:00:12+00:00
vitejs/vite,c9a27643f4ca612c8280c4485a6feadbc973c1ca,fix,2020-08-28T03:37:45+00:00
vitejs/vite,fb85cb2a75dd49bfe6df1a8a1038411b3744a4a2,feat,2020-08-28T07:52:19+00:00
vitejs/vite,5d98994d2c0fb790458a30d4badb7bf83c48691f,fix,2020-08-30T10:01:26+00:00
vitejs/vite,9bea946397e2f63d1580e3f2c6410495f6e05e19,fix,2020-08-31T01:43:54+00:00
vitejs/vite,d2ac431e03a9eb91bd819b37100493edd4949530,feat,2020-08-31T06:00:44+00:00
vitejs/vite,760cbacc963e4df37779ff49c8c14f68487dea81,fix,2020-08-31T06:49:25+00:00
vitejs/vite,e24133e51cb9d2fc4a338a6efd44a455978e5020,fix,2020-09-01T07:32:52+00:00
vitejs/vite,304f321c6160ea8c97acb0b6ee1f6022ac873431,fix,2020-09-03T16:31:58+00:00
vitejs/vite,ec295aaf75b48b554cd0aa339b99a8d4b4ec1a47,fix,2020-09-06T00:36:31+00:00
vitejs/vite,3328076261a8bdded73a25c73b509f140cc1ab6e,fix,2020-09-10T10:34:29+00:00
vitejs/vite,12c7c5dabda62bf5745cf0e3c25f609d2cc1438f,refactor,2020-09-12T13:33:15+00:00
vitejs/vite,38f811c5b077f437ffff072276531e8f75953e94,refactor,2020-09-17T08:05:46+00:00
vitejs/vite,ed2afe61c90847fba0191ce8633b41ecde20c73b,fix,2020-09-19T10:42:58+00:00
vitejs/vite,e3e7059e9403138c63198f2269056e0db1139d0e,fix,2020-10-23T19:05:06+00:00
vitejs/vite,8acd49ee931e315b9b506e816972beb7e4786b59,fix,2020-10-23T20:51:59+00:00
vitejs/vite,28678a96055839a7b3c6320fd486ae04f58d4dc3,feat,2020-10-23T21:05:38+00:00
vitejs/vite,aa81eb34c19f55d6617de25a5aa9ad7adbe2eb8c,fix,2020-10-23T21:07:12+00:00
vitejs/vite,e06b73e98c16decb79801293cb63076dc7bd4eee,feat,2020-10-23T21:14:48+00:00
vitejs/vite,ba7442fffd1f4787bd542f09dae93bc3197e33f9,fix,2020-10-23T21:30:09+00:00
vitejs/vite,1760658de19e9df6ab67677993fc4defb329354a,fix,2020-10-23T21:31:20+00:00
vitejs/vite,dcf1eaa74ad53d63af5605f1be1224c019c7533d,fix,2020-10-25T12:08:33+00:00
vitejs/vite,cd3666ac6175344d7c0d88450ffdb824794e1e58,feat,2020-10-26T03:22:04+00:00
vitejs/vite,ebb964e58568b818160ae8b2aa3168197d16720d,feat,2020-10-26T19:30:42+00:00
vitejs/vite,1c2a9b981c70ead236b4d91460ed23e3f619f41c,feat,2020-10-26T20:19:48+00:00
vitejs/vite,ec47ab82f8127bbc174200267a93d1c8918c0ba2,feat,2020-10-26T20:19:48+00:00
vitejs/vite,f5dee8611194cb81dcdd44787c83777c92fddefc,fix,2020-10-26T20:19:48+00:00
vitejs/vite,76fcfa71e9fe8ee69f0bbb35cdfeeede6fe3bfe0,fix,2020-10-26T20:40:18+00:00
vitejs/vite,5e7c309baa16b78fbfdfbf3fffff7af775c26047,fix,2020-10-28T13:47:10+00:00
vitejs/vite,d1599f94fb6c0fc7fdeb67ae54ad18407ce16a10,fix,2020-10-28T13:47:10+00:00
vitejs/vite,b8e80ba7142dbddd7dd7f37ca74037bc9dd193f2,fix,2020-11-02T16:10:33+00:00
vitejs/vite,226209cb21d1d59a94321bb8d51d11b2877f7a0d,refactor,2020-11-02T16:20:24+00:00
vitejs/vite,9c2d43530406c73d350efba804af8a8ea7718ae7,feat,2020-11-02T17:25:35+00:00
vitejs/vite,5b16cf9f5c627327e53e89c49defe853d358b383,fix,2020-11-03T08:12:03+00:00
vitejs/vite,6fbae678683d3be358b7270497fd9cbd03c39e9a,fix,2020-11-03T15:22:04+00:00
vitejs/vite,bc1a8eeef725de57d0e74d7eb43803f3ea929ac8,fix,2020-11-08T15:50:18+00:00
vitejs/vite,2055b0c21c5fd7f9e69dc38e19ae092a6656962e,refactor,2020-11-11T07:50:49+00:00
vitejs/vite,ac5ee6f5e7024aa69c6e07149885f0b6e00a4f38,fix,2020-11-13T16:20:57+00:00
vitejs/vite,88bb4ff7d7b70d5668c889188cd95a61d2dc3c1e,feat,2020-11-13T16:52:09+00:00
vitejs/vite,4d97add1221dde3f64df9b587b378a83fc8d01fc,refactor,2020-11-15T16:09:33+00:00
vitejs/vite,f0e50bd7ff708f56669a9b46aaff913b3526f58c,fix,2020-11-15T16:09:33+00:00
vitejs/vite,ce332d1415ce50760ed993c7a65042888c25c5cd,fix,2020-11-24T03:36:19+00:00
vitejs/vite,275365862a1a94976686d5d5f8f1775f8a724b6d,fix,2020-11-25T17:06:46+00:00
vitejs/vite,59fed49e511789d8dcc1036019113c08e0ef2049,fix,2020-11-26T07:54:25+00:00
vitejs/vite,a73c29b18a78103ee45099aca685ad1dfec9baf5,fix,2020-11-27T03:20:42+00:00
vitejs/vite,18c2c6fc74862ff07c33cad798002e242acfc195,fix,2020-11-27T16:54:49+00:00
vitejs/vite,fca0892395a7aaaf9393a16708af79225a0608d6,fix,2020-11-30T15:05:50+00:00
vitejs/vite,b8dea1b85fb17707d3bc6919d954b9ae32e4dfdf,fix,2020-12-01T09:13:48+00:00
vitejs/vite,9904cb1a758578a508d1e45717b6293162397bb3,docs,2020-12-04T15:41:09+00:00
vitejs/vite,4f7f51820cb627d3354c914b00e699ad2d5ad1c6,fix,2020-12-06T14:51:08+00:00
vitejs/vite,cb9f750e887d33edc7986f7f1f70b6f0aae1ec64,refactor,2020-12-06T23:21:10+00:00
vitejs/vite,04f10075de1cda8bdb4148ec8a62219857a6d4ff,refactor,2020-12-15T14:37:06+00:00
vitejs/vite,9cccdaa0935ca664c8a709a89ebd1f2216565546,fix,2020-12-18T21:05:46+00:00
vitejs/vite,1f0fefb9bf9235f9be74bafc07811647742d01c6,refactor,2020-12-21T16:49:42+00:00
vitejs/vite,a173b62d2cccd4e6ac5ef5066e2d4ba8c9967a69,fix,2020-12-22T22:03:31+00:00
vitejs/vite,64cd625aa11540143c64d2ee5afc912af74e1285,feat,2020-12-23T16:50:40+00:00
vitejs/vite,4bfd82393a2b0a8f4c9da900ce3d6959a5b06469,fix,2020-12-24T03:51:49+00:00
vitejs/vite,7cbbca4a939e9b78427a96a19e40473b4fd4ccea,feat,2020-12-24T17:09:38+00:00
vitejs/vite,085599b242c58eefc88db3135dad210a0250483f,feat,2020-12-24T20:30:07+00:00
vitejs/vite,89558a635d68de74f9e68e92759892d9db032252,fix,2020-12-27T03:21:46+00:00
vitejs/vite,48a24c1fa1f64e89ca853635580911859ef5881b,fix,2020-12-29T06:04:06+00:00
vitejs/vite,ca02b9b7d3f89e9fefa7ee23e8b643eafe87ac26,refactor,2020-12-29T23:04:20+00:00
vitejs/vite,a28419bafc649192cdb6eca3f6014e3b823d1c0a,fix,2020-12-30T20:01:59+00:00
vitejs/vite,6a287a176dd4be6e290d3be0490e39b92916a0d0,fix,2020-12-31T03:14:54+00:00
vitejs/vite,6b3278eff8702c45bd8dbace35baca337fb89682,fix,2020-12-31T05:20:03+00:00
vitejs/vite,25d68c17228be866152c719f7e2a4fe93cd88b8e,feat,2021-01-01T21:46:52+00:00
vitejs/vite,bbbc803c40db8423126043ae528e2847f3b5af7a,docs,2021-01-01T21:46:52+00:00
vitejs/vite,2ac631dc7f5e7adea6c3e165a2be9440a8332d38,docs,2021-01-01T21:49:47+00:00
vitejs/vite,7785958d28316464d2309981d9d0b0ac716da95e,feat,2021-01-02T04:47:56+00:00
vitejs/vite,2168ed0f5019363d71956eabcce60bc31a36d30b,feat,2021-01-02T05:23:49+00:00
vitejs/vite,a8a8e2231c8f64188074da1cbbe192e61c4085be,docs,2021-01-02T09:53:38+00:00
vitejs/vite,e1ff9cfce6b81e1e068ecff5cdea2076dcf2f0bb,docs,2021-01-02T09:55:03+00:00
vitejs/vite,00c737024a72ab3e2c5c17f74b2bf28c5b0d158f,fix,2021-01-02T16:18:30+00:00
vitejs/vite,e27fe30e7920d22f4ad786e5bfb14415d73cc2cc,fix,2021-01-02T17:00:51+00:00
vitejs/vite,b3147710e96a8f88ab81b2e45dbf7e7174ad976c,refactor,2021-01-02T17:58:54+00:00
vitejs/vite,d135949013ea0e572fe0a7b22bb9306644036c08,fix,2021-01-02T18:34:11+00:00
vitejs/vite,56bcb0c475a5dff31527cad6dcd7c61fde424f5e,feat,2021-01-03T00:09:22+00:00
vitejs/vite,b665b92323521475a568f8c5204a83c0e80a6b75,fix,2021-01-03T00:15:02+00:00
vitejs/vite,7858e629273269ca2aedf9891d560521a4bd0c8d,feat,2021-01-03T03:35:33+00:00
vitejs/vite,1f89b0e704d4315246836d2cd7faf3cdcdf89dd9,fix,2021-01-03T21:37:27+00:00
vitejs/vite,0a94c88238f265a14c116c2f1306d3be74b182e6,fix,2021-01-04T02:17:13+00:00
vitejs/vite,b5b14962b53d8dcbae850b9eb6abf2ca5820b3db,feat,2021-01-04T03:34:11+00:00
vitejs/vite,ef7e38de61d6787b75452165c2d0fad3133cb1d0,docs,2021-01-04T03:43:28+00:00
vitejs/vite,563c8924ae5c7792bee60ac4bcc86509aa1fd70f,docs,2021-01-04T03:49:33+00:00
vitejs/vite,62cef4dc36af562f8599944539b1f4e07771a628,docs,2021-01-04T06:05:18+00:00
vitejs/vite,87d55f43e90edb36c2f0d49d71ffadd20f82e97a,fix,2021-01-04T06:08:25+00:00
vitejs/vite,8d2dde308fd8fc336d235d7edc9bce55e8705bcd,docs,2021-01-04T06:44:39+00:00
vitejs/vite,59035546db7ff4b7020242ba994a5395aac92802,fix,2021-01-04T06:46:31+00:00
vitejs/vite,804c9a30e673386c419a0582d0da11f805c285c4,fix,2021-01-04T07:50:55+00:00
vitejs/vite,355cb5b44a17bed0d1175c7c724f3dccff99c214,docs,2021-01-04T18:44:02+00:00
vitejs/vite,e65308dd6687e07e84c1d5ff2428f2237f56554f,docs,2021-01-04T18:49:37+00:00
vitejs/vite,e447b7604921c0eb177d68f02a173bbb732df3e0,docs,2021-01-04T18:50:06+00:00
vitejs/vite,a9b7402a2a01ff4b8468a02d495125847d67617f,docs,2021-01-04T19:18:27+00:00
vitejs/vite,fa1d32962dd0991ff8b05c13f46ef6c69ca288d8,docs,2021-01-05T01:34:20+00:00
vitejs/vite,d914b542450cd7b4bbeb057a0fee8f79efd2bb9d,feat,2021-01-05T02:20:02+00:00
vitejs/vite,ef100d09cbd1c6745108afc2877396fe69b08bdd,feat,2021-01-05T02:20:02+00:00
vitejs/vite,7b9dee020785022acaa8e6989dcb2cc7ec03c3f2,fix,2021-01-05T05:05:17+00:00
vitejs/vite,a7b6e2ac77351c7343fe5c143b61753678f0bc8f,docs,2021-01-05T05:47:03+00:00
vitejs/vite,2b39fce9450dc0d8bc99b06a6d757f4e48193001,feat,2021-01-05T15:59:39+00:00
vitejs/vite,68eac643f907fb4d57bd25925a342692441b1d97,fix,2021-01-05T17:32:01+00:00
vitejs/vite,ba08310b9e82668670af8a95e889e7cb68388e84,fix,2021-01-05T17:41:01+00:00
vitejs/vite,61aec651b470d5b97f2340a1b692b82cfe0c8ba5,fix,2021-01-05T17:51:15+00:00
vitejs/vite,742926fbe7c556eb7ceb73f9fa29c8d36a3e9bf5,refactor,2021-01-05T18:30:17+00:00
vitejs/vite,245303ca35ff2a40eca49e102b4f82cb1210f597,refactor,2021-01-05T19:03:59+00:00
vitejs/vite,724aa8a5fcb0ccaea283b3bf065d29ebf2cdf5a2,fix,2021-01-05T20:21:33+00:00
vitejs/vite,756a0f26911e5bff9c1ea3f780a0a1eccd1f1cfd,fix,2021-01-06T04:26:55+00:00
vitejs/vite,f209ad9c858235ea317db6beb3bf2ab5ec26c153,fix,2021-01-06T14:43:26+00:00
vitejs/vite,eb35bd546333f4edea94607d05581b887b2ce9b6,fix,2021-01-06T20:28:50+00:00
vitejs/vite,8c34870040f8c2f4be7d00245a3683f9e64d894e,feat,2021-01-07T01:47:00+00:00
vitejs/vite,11c407a085e9facd810914a5d4256946c11a1ca9,fix,2021-01-07T17:01:52+00:00
vitejs/vite,1437129541b36c0453fcecb1f1d44b574cc3326f,fix,2021-01-07T18:01:23+00:00
vitejs/vite,cf7e43f8484e21ebd3efb3c86899eadb4f949848,feat,2021-01-08T00:28:43+00:00
vitejs/vite,351ad4ee56d46eb8837b6a90af19ef953e3fe28b,feat,2021-01-08T15:06:51+00:00
vitejs/vite,cf3323329d5cd2e35f9250f442c363d357896d37,refactor,2021-01-08T15:28:24+00:00
vitejs/vite,f2829396e9d36c5f6e170eed5095388a6f083aff,refactor,2021-01-09T03:08:42+00:00
vitejs/vite,7f399e1a628240fdcd866cddc45c5522b07fd7f6,feat,2021-01-09T04:29:56+00:00
vitejs/vite,b10111435f82dbc337df063ccd0733786b493af3,docs,2021-01-09T04:30:02+00:00
vitejs/vite,98bc7675a0f515ec6a908c6f18b2947a4a117836,fix,2021-01-09T04:37:42+00:00
vitejs/vite,dce245629651edab9719127deaf07ecfbcf20c5f,fix,2021-01-09T16:01:59+00:00
vitejs/vite,d7ceabe92efe1c523ee05a6941e3f5042733b2bf,fix,2021-01-09T20:27:17+00:00
vitejs/vite,4647e072cb89d6eac648a66314f26cb6b65c68b4,docs,2021-01-09T20:58:19+00:00
vitejs/vite,80071b2b83f1d7d2e54eca7266b2b844d4a6757c,refactor,2021-01-09T21:07:25+00:00
vitejs/vite,23d0f2b85d8eb8677e30456342000cabed8e684e,refactor,2021-01-10T02:53:16+00:00
vitejs/vite,8b8d5061ea44affd3b9bed97da2e629254a6ec28,refactor,2021-01-10T03:53:51+00:00
vitejs/vite,60b9e10405c513c440c393925d74757d5c2fa15b,refactor,2021-01-10T04:19:34+00:00
vitejs/vite,1ea016823975f3d0e37bf7b65614eded213e0869,feat,2021-01-10T04:40:53+00:00
vitejs/vite,bbfe06ce1af8f89490032e609377c6516f7da773,fix,2021-01-10T04:54:30+00:00
vitejs/vite,936fb18a74d7781c99f13d06ae881ad64563649d,docs,2021-01-10T06:34:56+00:00
vitejs/vite,f8c34eeb89e327f484293f3156119ba6d14f6aee,fix,2021-01-10T17:18:34+00:00
vitejs/vite,e524ef09c7d868c3e4b3d450a3e679f9a12056b0,refactor,2021-01-10T19:30:50+00:00
vitejs/vite,2da0f2f66e6efe454755d663d00ba984c09031be,refactor,2021-01-10T22:29:44+00:00
vitejs/vite,6ed8e286f149f9474e0fc624110de5f787551d62,feat,2021-01-10T23:19:09+00:00
vitejs/vite,1865e6ee4c3e07c0f4a199c1ba7e1c1c4f68862f,fix,2021-01-11T00:17:40+00:00
vitejs/vite,d9c3fdb4073d49d427d825007154e873d8aa3d9a,fix,2021-01-11T02:20:41+00:00
vitejs/vite,e5576c32c08214766c8bac5458dfcad8301d3a1a,fix,2021-01-11T08:46:19+00:00
vitejs/vite,ca258962957c32df0196f30267c3d77b544aacbd,feat,2021-01-11T22:39:26+00:00
vitejs/vite,47777050e6e6d2d7e4084cc8a6ccdd4b7f71c1ce,docs,2021-01-11T23:03:11+00:00
vitejs/vite,2d6f5243e16f7debd7ba0de4bf22706df35ccf73,fix,2021-01-12T03:59:39+00:00
vitejs/vite,cf5f3ab2c33aca6ab6bff8d600854f93586adcf0,fix,2021-01-12T16:50:53+00:00
vitejs/vite,0f4e70ee0b6c482fba64e041858324fd0f24a12e,refactor,2021-01-12T23:13:57+00:00
vitejs/vite,ac9ec0d7262a6fbe03ce1409d0f16b5b0547c920,docs,2021-01-13T03:31:13+00:00
vitejs/vite,ae6cc27349e66945a0964635e6ad64933fe33960,feat,2021-01-13T03:55:07+00:00
vitejs/vite,98e57deb9d16b23b7ae0c382cca49a9420443b47,fix,2021-01-13T15:56:10+00:00
vitejs/vite,97b84c05a352e28cbbd271a9d14eabd4f1c53742,refactor,2021-01-13T16:08:14+00:00
vitejs/vite,774667408997907a20134b25a0f4955d352fa7ff,docs,2021-01-13T16:12:54+00:00
vitejs/vite,f39a2aafd35a70effc298d53b0b7539fbac79e89,feat,2021-01-13T16:15:20+00:00
vitejs/vite,54ff2b4e86e16aa49d9d929048627ac5e5519f62,docs,2021-01-13T21:42:22+00:00
vitejs/vite,49d294d36d0f32d00a025a03017c9049d3f48ebd,fix,2021-01-14T03:07:56+00:00
vitejs/vite,db9731753abf36563172b02961ded54be23dd215,fix,2021-01-14T15:27:04+00:00
vitejs/vite,506bf2d542a27ee19a1b1b2d05aad845f4387cf6,fix,2021-01-14T18:43:28+00:00
vitejs/vite,4579c382d4a1b0385510bb708f74305c87c4a68a,fix,2021-01-14T20:26:40+00:00
vitejs/vite,9f54510b30e624e10f13bb7d52722a00fc185242,docs,2021-01-15T14:28:45+00:00
vitejs/vite,2ce1efa0871b9d7111ae8265c3f362fb45037664,docs,2021-01-15T14:37:32+00:00
vitejs/vite,12b706d6ecd99c98f326deae53f9aa79cd8a81f4,fix,2021-01-15T15:28:22+00:00
vitejs/vite,4a7d2ebca1719d83c22d7dce5214e61f7906a772,fix,2021-01-16T18:45:16+00:00
vitejs/vite,a93ab23491ee9fee78345ddc20567e1b0ceec2a7,feat,2021-01-18T14:14:18+00:00
vitejs/vite,e954ed25099d9217d30a5a4d38e5dfee5acee0fd,feat,2021-01-18T14:14:18+00:00
vitejs/vite,42187567061da86178680f1757ffc58e4e183609,refactor,2021-01-18T14:14:19+00:00
vitejs/vite,b204bcb6430bdff085269b036ca6503e354f3d50,refactor,2021-01-18T21:47:29+00:00
vitejs/vite,a1d1dde70c4626ab603ed07234fe296ef8d5a65f,fix,2021-01-19T15:12:12+00:00
vitejs/vite,30885d1673a282a12e0c7471fc80236b72ebeb16,fix,2021-01-19T17:08:39+00:00
vitejs/vite,7d0854a460ac62522ad7dba3256abd3677a57577,docs,2021-01-19T20:01:43+00:00
vitejs/vite,ca8442c19e51526e2fa75f0c4976941a2b9089e6,fix,2021-01-19T21:10:02+00:00
vitejs/vite,c6d5ed833befafaaea14fbd2fb62a7ed8d58c409,fix,2021-01-19T21:38:18+00:00
vitejs/vite,123b6f67f7e159d098109d5c65a74dc0d17bd495,fix,2021-01-19T22:29:59+00:00
vitejs/vite,3d09b50b8774cf85a8c1dee24b3e379cbd3e9eb5,fix,2021-01-19T23:21:28+00:00
vitejs/vite,940d48333f6572314576da9312f36018fd70bdc8,fix,2021-01-20T14:06:19+00:00
vitejs/vite,2bc1f22536b2b9d48a556e5eb28ebae6719e0d6b,docs,2021-01-20T17:40:39+00:00
vitejs/vite,9ed49085ae860fb96d51ac50845f96ceb9fa649f,feat,2021-01-20T17:41:49+00:00
vitejs/vite,ec18bde7ee4045a47362240a6f5ff4997657c7ba,fix,2021-01-20T18:19:07+00:00
vitejs/vite,edd2fd9de904a194f25e18136dfe298c7bcbbd8d,feat,2021-01-20T22:45:41+00:00
vitejs/vite,d9afa8dc4a1e987a53c99ea6f876fe76aa653aed,docs,2021-01-20T23:10:30+00:00
vitejs/vite,85c89bea9807090d928942a72b972183ebf8483a,fix,2021-01-20T23:28:19+00:00
vitejs/vite,259d6be9666732d39e2789d99520e794a1f82fc3,docs,2021-01-20T23:29:34+00:00
vitejs/vite,037e1e536fe2144bbfe2e24fff9956dc67ece7ae,docs,2021-01-22T14:06:15+00:00
vitejs/vite,cf81aa399b2df1ee8441a1b8922908f4e36358d6,fix,2021-01-22T15:14:42+00:00
vitejs/vite,843c87915082b36f7d1ffeb81515b45d5d65aabb,fix,2021-01-22T20:22:37+00:00
vitejs/vite,6e7f652d89dde43806a2323560486c9b4b771a35,feat,2021-01-22T20:52:06+00:00
vitejs/vite,38524f6c6e864f9805dd0083da1dfa8ce20fa816,refactor,2021-01-23T03:04:51+00:00
vitejs/vite,16248c02844c5447eeb7c441cc4b051becef2346,fix,2021-01-23T04:02:24+00:00
vitejs/vite,8693c362ab03f644ae69d4d3d03b59f94fe66beb,docs,2021-01-23T04:43:56+00:00
vitejs/vite,ce2d49ab396aa7b4ed582650e569d7f2f6d3ef9f,fix,2021-01-23T05:20:34+00:00
vitejs/vite,b15e90e6893582d04f9506ef56cc9d03c9c6d775,fix,2021-01-23T07:11:11+00:00
vitejs/vite,bdb9b3c5a5c8da83d8b8082e936cb3cc16eeb1e0,fix,2021-01-23T07:36:49+00:00
vitejs/vite,2824d067d5239b506f93dc9c073c21d7e059bbe3,fix,2021-01-23T18:47:45+00:00
vitejs/vite,d4909b936994d4fec37dfbafd27cd24494de8d14,fix,2021-01-24T02:07:57+00:00
vitejs/vite,60f9782a8481a4ce4d4c90ca246f5de44065d314,fix,2021-01-24T04:21:59+00:00
vitejs/vite,13da32e9ce22b1916a1b98bba7ad83bd145563c1,fix,2021-01-24T06:33:50+00:00
vitejs/vite,4ac7e7ec9915bd044454f90a6a3d5a9676b3615c,fix,2021-01-24T08:06:01+00:00
vitejs/vite,a92f4303253c9423093bedad6b06744d66dd1d39,fix,2021-01-24T08:32:54+00:00
vitejs/vite,7f83deb7fe5add6117f8f715fc3165511761d07b,fix,2021-01-25T02:31:33+00:00
vitejs/vite,6c96883d794d3396e890907df6b799d79a027420,fix,2021-01-25T15:58:24+00:00
vitejs/vite,68960f7867be13cfdce9ea49a8cc05448dff5e60,fix,2021-01-25T16:30:51+00:00
vitejs/vite,e6120d582051f3535951698df40dc9b6fc485ae0,fix,2021-01-25T17:10:05+00:00
vitejs/vite,45d8bf4da234f73badcf47e574e1e3ee3dc55b6c,feat,2021-01-25T22:08:11+00:00
vitejs/vite,1e67d669318fac320c61ea00e0e01e972183fa27,fix,2021-01-25T22:21:56+00:00
vitejs/vite,c5fe45fdd2c90436e2ee00754aedde2a32325ac6,fix,2021-01-26T14:59:37+00:00
vitejs/vite,35e1f520c99581248f8241b82a1d568518e72d3f,fix,2021-01-26T15:54:57+00:00
vitejs/vite,477f1749d938d5ce95df3093de7154b749fe3667,feat,2021-01-26T21:12:04+00:00
vitejs/vite,0aa5849c3d1ceb39bd0a35eb4482bf27556ae78b,refactor,2021-01-27T00:13:16+00:00
vitejs/vite,ce71d71e83785a1072204bf8117a61ab7e4e772c,feat,2021-01-27T03:03:20+00:00
vitejs/vite,73196e517643af88a790ab5222d3e6b68dbbf987,fix,2021-01-27T05:44:32+00:00
vitejs/vite,a6ed213b31ee31fbf8313c11a7b09abffd8c645b,docs,2021-01-27T06:04:35+00:00
vitejs/vite,ebe71c42a481c140bbb1999f3bfa37dc15699170,fix,2021-01-27T06:46:58+00:00
vitejs/vite,fd5e7c01bae67f7dfc3e631aa87a8d08429b819a,refactor,2021-01-27T07:07:17+00:00
vitejs/vite,64ba807f25df82e51eeacbc11d525df75cf84235,feat,2021-01-27T17:33:32+00:00
vitejs/vite,470b4e4a8cb040ec368b3702d82f8caa145b6698,feat,2021-01-27T22:02:21+00:00
vitejs/vite,c2e88060624d73b544c31f92e5fee5d84503f6a4,fix,2021-01-27T22:08:53+00:00
vitejs/vite,b5987c1f603f628ce6c075bbc83e37cafb5ea923,fix,2021-01-27T23:32:17+00:00
vitejs/vite,ca862a2ea12853876e38100e8894fa22d9dbbc6e,fix,2021-01-28T15:05:20+00:00
vitejs/vite,c3e52f2b204cdcfcab46e4b5e4992a6cefecba6a,fix,2021-01-28T16:36:34+00:00
vitejs/vite,be0e6981f764cb653d107966a755c8daa18d20c9,fix,2021-01-28T17:19:12+00:00
vitejs/vite,02053a2bfc2db82f277625fdf0563b257ef9c221,fix,2021-01-28T18:30:27+00:00
vitejs/vite,925c3ba543230f85b347324060701a01f01ab263,docs,2021-01-28T18:34:06+00:00
vitejs/vite,04f9dc670f5ba886a40044d0c21ebc3594db3797,refactor,2021-01-28T21:22:01+00:00
vitejs/vite,0f2c2ce4875c3ed87264c4904b047f06ee1c5d2d,fix,2021-01-28T22:55:50+00:00
vitejs/vite,59c4e7f824a7d7db689215568b66d68570e3f3da,fix,2021-01-29T15:55:31+00:00
vitejs/vite,40dde2b87f283199854c27cad4b5cf0815d5e605,docs,2021-01-29T16:33:30+00:00
vitejs/vite,a9ca3da4f1d2c584499bbbf2f16bdbf60d4f12e9,fix,2021-01-29T17:50:03+00:00
vitejs/vite,dbe1f4aeadfb9f927f8cd0eec95a32aeee9c3601,feat,2021-01-29T19:52:52+00:00
vitejs/vite,d3397e61cd9d0761606506dcc176a1cbc845d8b5,fix,2021-01-29T20:39:49+00:00
vitejs/vite,a748896b2058b0bbc2a45ef9cf84969f5681b49e,fix,2021-01-29T20:45:45+00:00
vitejs/vite,b132e820297707ad0f64a4590a350b42ace11c0f,docs,2021-01-29T21:10:12+00:00
vitejs/vite,6a72190ad94c5ae36c8a41386c7b95fa92104bc3,refactor,2021-01-29T21:18:05+00:00
vitejs/vite,59fe913f122696ed94ac3f78655576fe7eef98d6,fix,2021-01-30T18:52:02+00:00
vitejs/vite,bb7da3f0f07da6558f0e81bd82ede4cfe1785a56,fix,2021-01-30T19:21:12+00:00
vitejs/vite,febff7b837a09eec64bfe8a7cf380dd8001bba67,fix,2021-01-30T19:51:11+00:00
vitejs/vite,dce82bfe80811c23ce094d4d515caf2f16405765,refactor,2021-01-31T02:57:44+00:00
vitejs/vite,97915221c4289af9346751281ee0d9203742c6ff,docs,2021-01-31T04:32:46+00:00
vitejs/vite,4b6ebc3f3b117cbe45aff55746dd5f588dfe1587,fix,2021-01-31T19:24:44+00:00
vitejs/vite,045e519d51fbce94bddb60793e9e99311acc5aa2,feat,2021-01-31T19:26:08+00:00
vitejs/vite,a018594be2e253a323ce9ada9bb0fd1ed8bd4f3d,docs,2021-01-31T19:26:48+00:00
vitejs/vite,8ace6456b682a9ae7d550225817f3270524d96a3,fix,2021-01-31T19:39:29+00:00
vitejs/vite,23bd257435ab3aaaf45175fabca093e907c1e65f,fix,2021-02-01T15:10:42+00:00
vitejs/vite,41783fade0604adb98e468d4a4f8b50c9624899a,fix,2021-02-01T16:45:19+00:00
vitejs/vite,da1b06f3771371b72c8ba68f3428c48ebf2082ad,feat,2021-02-01T23:01:40+00:00
vitejs/vite,be9bc3ff6eb72386876af17b61ccabae1ee249db,fix,2021-02-01T23:12:05+00:00
vitejs/vite,435da60785aac2d1336cf62e3c5335523606fd7a,feat,2021-02-02T16:06:46+00:00
vitejs/vite,f8e4eebcc48ad5e98e52d12ce6595da014a43276,fix,2021-02-02T17:29:00+00:00
vitejs/vite,4ca98b405e96df8a97be6d22c78453a016e535f6,docs,2021-02-02T20:44:43+00:00
vitejs/vite,1d5437d56bb0974c21561c1cdf5ad1588baefea3,fix,2021-02-02T20:48:10+00:00
vitejs/vite,24695fe47727b7b4e3ac85bb389477f673c57c18,fix,2021-02-03T00:55:53+00:00
vitejs/vite,8ad7ecd1029bdc0b47e55877db10ac630829c7e5,fix,2021-02-03T14:28:44+00:00
vitejs/vite,cd13ef009abd23d2676dda470638c81895034a91,fix,2021-02-03T14:32:52+00:00
vitejs/vite,000ee62ef41e4964d1002ab7862303cec0419c47,fix,2021-02-03T15:17:04+00:00
vitejs/vite,8ec2d6f77eb04e015156769f4f004a4792077770,fix,2021-02-03T20:57:58+00:00
vitejs/vite,578c591ffe7b7c1ffa68e711a7df043afe013daa,fix,2021-02-04T14:47:18+00:00
vitejs/vite,5d3107a4a787929810fbfaef37bf3002aa0bcc17,fix,2021-02-04T18:13:53+00:00
vitejs/vite,159cc799f19482da3626f906cde45accdf780823,feat,2021-02-04T21:57:15+00:00
vitejs/vite,fee739325fd4dbf7f6d842c205608e39271db513,refactor,2021-02-05T15:50:52+00:00
vitejs/vite,3c7b652f24fdb5e67c5f56db3cea0769bcd9263b,feat,2021-02-05T15:57:09+00:00
vitejs/vite,6869d0e6fb81cf500d22da4c378d2b8cf1e8069a,docs,2021-02-05T17:23:38+00:00
vitejs/vite,a3de585be31304e9795eb00e9e0be61153ddd466,docs,2021-02-05T17:33:26+00:00
vitejs/vite,da997386e2b377f9480f2ed415c6d56aa752e1bc,docs,2021-02-05T23:28:04+00:00
vitejs/vite,185a727715db4a011964cf0c48f998379a7b9ff1,docs,2021-02-06T12:30:29+00:00
vitejs/vite,db3c324134db2bf371700cc4d838a49ac6148045,fix,2021-02-08T14:53:34+00:00
vitejs/vite,b433607aca0986c6e1592c3f64adb2ef30689c5e,fix,2021-02-08T16:31:32+00:00
vitejs/vite,a93e61d02405728278ac905a9539450927dc7364,fix,2021-02-08T19:24:05+00:00
vitejs/vite,9066f27c591b356107239e9cef36c1cad73864c0,fix,2021-02-08T20:14:00+00:00
vitejs/vite,8a1c602b29413b297c811577a9f6690bef88e01c,fix,2021-02-08T21:26:43+00:00
vitejs/vite,0f692ce05838726a896b06f97d73226334589c9b,docs,2021-02-09T03:09:57+00:00
vitejs/vite,9af1517e47f66bb793447d998cf1a4d2fa3ef758,fix,2021-02-09T14:10:25+00:00
vitejs/vite,7a6aa2ad2689bf8221389924a608876866db7b0a,feat,2021-02-09T14:56:13+00:00
vitejs/vite,ad1024c15b55cc15c78d76202517a3ee29570607,docs,2021-02-09T16:17:26+00:00
vitejs/vite,03b323d39cafe2baabef74e6051a9640add82590,fix,2021-02-09T20:13:56+00:00
vitejs/vite,2f9549c910b954b0ed4257a7a3a2e0ae6004c701,fix,2021-02-11T01:42:28+00:00
vitejs/vite,108be949cd814ec8fc6214c6cdfa440c0dfd7e13,fix,2021-02-11T22:26:37+00:00
vitejs/vite,0048bd10baad03a9b28acb7533f9b853490675a8,docs,2021-02-12T16:21:22+00:00
vitejs/vite,e85e3a58f7c1f42e0115f364555737730f36a1be,docs,2021-02-13T19:50:54+00:00
vitejs/vite,7b3da0320e9d43816e467d7ac8daef3fcdd1dc1e,fix,2021-02-13T19:54:16+00:00
vitejs/vite,24ed098eedf9e90da69c328bb4d2749fec957fb3,fix,2021-02-16T14:27:16+00:00
vitejs/vite,ad50060ed43c8d84c22a5c60592404a4e1180e2d,fix,2021-02-16T15:43:01+00:00
vitejs/vite,24c001c08da291d4b2d601f729f33bac82ddde36,docs,2021-02-16T19:54:05+00:00
vitejs/vite,e303c4e9395e6770b1f00104f28dee03e37c26ac,fix,2021-02-18T20:30:52+00:00
vitejs/vite,b2ca7ba74f305a9760bbeb6cebcbb2a94bf55a4f,docs,2021-02-18T20:31:48+00:00
vitejs/vite,038f78660042454935ef343bce240a5220328760,fix,2021-02-19T20:03:24+00:00
vitejs/vite,8733a83d291677b9aff9d7d78797ebb44196596e,refactor,2021-02-19T20:53:07+00:00
vitejs/vite,d2804588f80fb9111bdcc203ffff66a7dc75f08d,docs,2021-02-19T21:46:41+00:00
vitejs/vite,cbb3eff96f54ed76c6ed7ca793d50914c96a67da,fix,2021-02-22T16:09:58+00:00
vitejs/vite,87cfd9e556a0e633694805ae2497a656722d3abb,fix,2021-02-22T16:13:27+00:00
vitejs/vite,a763ffd5135fbd34bc1bdebe349e80b51884e1d4,fix,2021-02-22T18:09:42+00:00
vitejs/vite,8ed67cf6782bec72f8fbb4237fadfb415f86129d,fix,2021-02-22T20:29:51+00:00
vitejs/vite,e5324cabb47a5c0144187e2f7d664ad63d87638c,docs,2021-02-24T03:31:13+00:00
vitejs/vite,7a1b5c670e2088a65f9866ecfe1b98f041980683,fix,2021-02-24T04:10:23+00:00
vitejs/vite,58bed165e996cf8131ba3439ef6d8bf8d33598af,fix,2021-02-24T15:00:14+00:00
vitejs/vite,0f17a74c64a6664c68f23c92d572c22d1a4de059,fix,2021-02-24T15:53:30+00:00
vitejs/vite,5095e041deaced2db8fc3c3af504367bc57bb93f,fix,2021-02-24T16:15:43+00:00
vitejs/vite,39820b96cec2c672e849e160b92b42c979b85285,fix,2021-02-24T18:00:31+00:00
vitejs/vite,167a9c31b9709f3c9627149fa5b6da378f8e09ad,fix,2021-02-26T15:38:26+00:00
vitejs/vite,2900a9a6a501628588b31f7453e2fe5a71fe45ce,fix,2021-02-26T16:08:43+00:00
vitejs/vite,e9f4c295924b7488b0bc22008811ef28f34f35fa,refactor,2021-02-26T22:16:47+00:00
vitejs/vite,4ce972df23dfe68543bd960ecf95091a6ffc4fdb,fix,2021-02-26T22:23:35+00:00
vitejs/vite,de33d3233708088a94217045069b4a1d9d38d1a7,fix,2021-02-26T23:02:57+00:00
vitejs/vite,209232cc0417f46ea73458650efa5bf6d9306e65,fix,2021-03-05T13:17:11+00:00
vitejs/vite,b5cd8c8dc33e920a301ef03c097147d841d08200,feat,2021-03-06T06:57:53+00:00
vitejs/vite,2cdb3f6cdf742e42aa62e60f8fce1dadcab225d8,docs,2021-03-15T08:54:24+00:00
vitejs/vite,1dbf24627d0fed4d6936f53fb84bc94b79372652,fix,2021-03-15T13:53:17+00:00
vitejs/vite,b18af15fe83d1fcea7800fab9b550018476f740f,fix,2021-03-15T13:57:50+00:00
vitejs/vite,9243cc9e8ea6271eb5d548ff459eb7cc5f260598,feat,2021-03-15T14:12:22+00:00
vitejs/vite,63bd2502781b87a2c04a375d9e7b770f63d8857c,fix,2021-03-15T14:52:03+00:00
vitejs/vite,24c866f0de4fddec45fd6aa757185d5e74d0e7f3,fix,2021-03-15T15:12:34+00:00
vitejs/vite,cbfc3e9dbabc4b4863a7f659b59d2e5115a81481,fix,2021-03-16T13:38:12+00:00
vitejs/vite,613ca0e6993b397f4dd9e1e02be1670c04c255a9,docs,2021-03-17T01:36:37+00:00
vitejs/vite,9a2ce7580772cb783a9f8fda7e45e4a9adacbec2,fix,2021-03-24T05:35:21+00:00
vitejs/vite,9499d26ead3214cebeab43cfb6f91adad69ae2a9,fix,2021-03-24T06:01:44+00:00
vitejs/vite,57f2a698dcce47e11510bbff4c4716aac49a202b,fix,2021-03-29T17:11:00+00:00
vitejs/vite,631ba04fb5bb85ba1c73ab367ad4c473fc94e29b,docs,2021-03-29T17:13:31+00:00
vitejs/vite,a4acc161e10fb6d122f808ad6211feef389d41a9,fix,2021-03-29T17:18:26+00:00
vitejs/vite,6743e07a791c011e4f246bab54630ac88f9ea3bf,fix,2021-03-29T20:20:21+00:00
vitejs/vite,8f527fd09c494fd23121aded0b836ff60a62835c,fix,2021-03-30T00:51:28+00:00
vitejs/vite,9fa282e9209185c70ac80e2fe1fbe4b7e92dae07,feat,2021-03-30T20:37:29+00:00
vitejs/vite,be3a4f5beb39a83bb62aef19f9e18177047618fa,fix,2021-03-31T00:37:23+00:00
vitejs/vite,23c41149ddf74261f7615d22e59b39a017b79509,fix,2021-03-31T00:49:43+00:00
vitejs/vite,804ca0328bdaa8cde30bdabf056fb36f44970467,docs,2021-03-31T13:24:34+00:00
vitejs/vite,aee8b3770cd081632fefb327b38ab704b97aa860,feat,2021-03-31T19:39:24+00:00
vitejs/vite,16412e3a9452cbb7d82f72dd3cebfbc822061f05,fix,2021-04-04T13:53:05+00:00
vitejs/vite,2a89c57d3fb2dedbe595c4d49c454f3d138e6414,fix,2021-04-04T18:27:15+00:00
vitejs/vite,0dc6e37298e2e3efda74a1042f37bd70e3f5d3a5,feat,2021-04-05T16:43:47+00:00
vitejs/vite,ffcb7ce0ac4fe61fbd02da05090d48835a0dd1e4,feat,2021-04-08T17:29:19+00:00
vitejs/vite,0825f7ee3574ae3f28f566da27835fbf3b210fac,fix,2021-04-12T11:21:18+00:00
vitejs/vite,705a2b394e574ac5fd8f583847f0474acf5e3769,fix,2021-04-12T17:19:23+00:00
vitejs/vite,8b38168f7bc5be1d3417f3115ac723baec736ed6,feat,2021-04-13T22:42:53+00:00
vitejs/vite,8b02abf537cb731fcfe84cf8e93ba3e923e83114,fix,2021-04-14T12:47:53+00:00
vitejs/vite,81b80c69d6bb00f54aae0481ea78f869db35725d,feat,2021-04-14T19:23:12+00:00
vitejs/vite,8c51bc03de8ed58029ade80a4437874d441f8bfd,docs,2021-04-15T12:14:22+00:00
vitejs/vite,7445aea4623b0bb3b57053707b2eacd165d161fd,docs,2021-04-16T13:49:55+00:00
vitejs/vite,0d4f803d6edc51f31a5e20a161aa77688823b689,fix,2021-04-16T15:32:42+00:00
vitejs/vite,57980d27ee10f1f92e532a0975d4ab39ce27d3ed,feat,2021-04-17T22:57:31+00:00
vitejs/vite,59871ef16142412d78ec79fe5ed06390d86c49e6,fix,2021-04-17T23:03:09+00:00
vitejs/vite,da11d43d9a246b0e721d6c33cd6a47a0675843cf,fix,2021-04-17T23:18:34+00:00
vitejs/vite,fbecf1e5349ea5da8ff6f194efdcb152e2995398,feat,2021-04-19T07:33:13+00:00
vitejs/vite,d34fd88e46cdcbbfbc266f431f47af285b1e8702,feat,2021-04-20T19:03:34+00:00
vitejs/vite,0f09eaff374065a866c0f23db1217704eeb637a6,fix,2021-04-24T20:53:07+00:00
vitejs/vite,6d602a0a4d2c1e77ded1344d59733eb93d4009c3,fix,2021-04-25T07:50:29+00:00
vitejs/vite,7cd8d7832e12e2facf7dfc163320a8798e19c6fd,feat,2021-04-27T10:13:46+00:00
vitejs/vite,19a28692209564202ce7303a5664696cfbf3ef28,fix,2021-05-01T14:15:35+00:00
vitejs/vite,474fe9a3abbdf4845447eaab821d2ba51fda6207,fix,2021-05-03T12:59:39+00:00
vitejs/vite,b1e73951ed402a64882fb771bf433938ad171e19,fix,2021-05-05T07:56:59+00:00
vitejs/vite,05fd1e26be1c64c665b5c01161f2e789c1deb6aa,refactor,2021-05-05T14:05:51+00:00
vitejs/vite,da5743445571044f0662b4e29325fec1fe81768b,docs,2021-05-06T15:03:36+00:00
vitejs/vite,fd4146b8624100a609ae43b2d73681d260dfe131,fix,2021-05-07T08:15:38+00:00
vitejs/vite,d2b3ba1a1c3d614b2d7e5d8ea3cab052488a31b9,refactor,2021-05-08T12:16:31+00:00
vitejs/vite,d555dd6cfdcdcc9bddaeaa6c3f9f4d82d2b9a847,docs,2021-05-08T12:18:35+00:00
vitejs/vite,78647a8f5d443e419390dba4a88523ae3e574fb1,docs,2021-05-09T08:05:23+00:00
vitejs/vite,fe9da97c96e63d82cd6bda4e0dd9b5d0ded55930,docs,2021-05-09T15:36:23+00:00
vitejs/vite,13d41d864219bcc0e952f42f69adb97147e15520,fix,2021-05-10T05:13:17+00:00
vitejs/vite,7231b5a882a2db8dd2d9cb88a0f446edb5e2cf43,fix,2021-05-10T12:22:50+00:00
vitejs/vite,b10d90e26cb67ee344923a596d5fef8ec8f74283,docs,2021-05-11T07:10:59+00:00
vitejs/vite,deb465ba412312ccae2d5b767de327d6f8562e7e,fix,2021-05-12T05:43:50+00:00
vitejs/vite,30ff5a235d2a832cb45a761a03c5947460417b40,fix,2021-05-13T05:15:50+00:00
vitejs/vite,5348c02f58bde36c412dbfe36c3ad37772bf83e5,fix,2021-05-17T14:13:21+00:00
vitejs/vite,87bf0d813e1225a052a1f8945e782e3441fa74c2,docs,2021-05-18T12:06:25+00:00
vitejs/vite,b31604e08c4333bed5a3c4cc6876d1eb337a100b,fix,2021-05-21T12:42:56+00:00
vitejs/vite,d852731622a1c009d15a5172343fc166c4bb5cb7,fix,2021-05-21T13:13:05+00:00
vitejs/vite,ba8b7afa650277b7218e0bd53564b5fb45bf4549,feat,2021-05-22T14:16:31+00:00
vitejs/vite,5979d0e3b2c071ee15408aa67974af04f7bb1c3d,fix,2021-05-23T12:06:28+00:00
vitejs/vite,13bda3368e73ade311f1c113894c2dcb329cef8d,fix,2021-05-24T10:29:18+00:00
vitejs/vite,472ba5d7198e5db631ddafc1fd2adf78ce26003e,feat,2021-05-28T17:42:22+00:00
vitejs/vite,421c530eae668f0ddadd9b4ef6d366a58d74febc,fix,2021-05-29T02:59:30+00:00
vitejs/vite,3cab2c2202c2c7188b4f76d872c94a9f6acaf122,fix,2021-05-29T14:04:32+00:00
vitejs/vite,03ac6984877dba096c4c0de264d807008bceb38f,fix,2021-05-29T14:04:50+00:00
vitejs/vite,a30724c8a492016a3f4fd1b209975b49e6972135,docs,2021-05-30T03:47:03+00:00
vitejs/vite,3ed7bda12c47286e6dc4f21d4f4769e532b0f8ee,refactor,2021-05-31T23:49:51+00:00
vitejs/vite,4d2e68b96394c22b55dab205ecbdf4cbd47cc883,docs,2021-06-04T15:02:05+00:00
vitejs/vite,294d8b472ca5d5079d8fe35ecb1b0bf6cf7720db,fix,2021-06-05T06:41:01+00:00
vitejs/vite,665d43872914c7a79a5a79aa4b6349961e68a10d,feat,2021-06-08T07:06:43+00:00
vitejs/vite,9703bcd7e594769792779306f8f978dcc010d92f,fix,2021-06-12T05:47:02+00:00
vitejs/vite,9abdb8137ef54dd095e7bc47ae6a1ccf490fd196,fix,2021-06-13T10:46:00+00:00
vitejs/vite,74d409eafca8d74ec4a6ece621ea2895bc1f2a32,fix,2021-06-16T14:30:04+00:00
vitejs/vite,385ced9c2e9b5f06e9c06669fe19a0a98cc82c8b,fix,2021-06-18T15:57:47+00:00
vitejs/vite,6eaec3ab74d126310d93f8a93f8577bed1c3f474,fix,2021-06-18T15:57:47+00:00
vitejs/vite,7362e6e9a7a0f0177b467f1cf80552acf22c46a0,fix,2021-06-19T15:52:06+00:00
vitejs/vite,bb095db11db5c7a12db6dcee866694f1f68d1e15,fix,2021-06-21T20:39:05+00:00
vitejs/vite,bd8723eb36be368b4a45240e1f0159fbd40a81a4,fix,2021-06-22T16:45:24+00:00
vitejs/vite,ddefe8410efdb2104763b9d03fec0e42b9f7bf17,fix,2021-06-22T21:00:35+00:00
vitejs/vite,dd46cd1d030dcfffcbb2f20aff2b388cd18700f4,fix,2021-06-23T21:01:34+00:00
vitejs/vite,2d01e62a70e534694ee1d87f4a328e796ae4c8fe,fix,2021-06-24T11:56:32+00:00
vitejs/vite,5999444496b6309460687b0769afad018aa21859,fix,2021-06-24T12:34:42+00:00
vitejs/vite,f623ba37dbc517656a7ffb10bc1b3cb221a4bc72,fix,2021-06-24T13:06:14+00:00
vitejs/vite,cff2fcd8db98bb1c046816fd2e01dcbffbe86629,feat,2021-06-25T14:43:22+00:00
vitejs/vite,c45a02f0279103be922a2d24b8cd05141e0ff165,feat,2021-06-25T18:06:08+00:00
vitejs/vite,dd5931d9c1cf382849047332b2c3409755ceebf5,fix,2021-06-25T18:07:01+00:00
vitejs/vite,5551dff351f77d6ba670c77b707446840067fa1c,refactor,2021-06-26T05:19:52+00:00
vitejs/vite,7381d27564045a05cffbe4229d71d64b5a791042,fix,2021-06-26T22:12:45+00:00
vitejs/vite,d2a51ca4eda2ca9f99d9a066836d76d2253cfc24,fix,2021-06-26T22:18:46+00:00
vitejs/vite,8467f64aee218dcb3135bb832ccaed36d647052f,fix,2021-06-27T11:49:42+00:00
vitejs/vite,4954636c859fbfce76d02aea7881e59435fa3211,fix,2021-06-28T20:35:52+00:00
vitejs/vite,5507b4c912d2e0e36e63488f5db8e9d1bb0a80f6,feat,2021-06-29T01:25:04+00:00
vitejs/vite,eb2e41b098fb3d5f367c1f4fdfcad12f7538ac16,fix,2021-07-01T00:21:06+00:00
vitejs/vite,cca92c47d54e0f96b56964f13fbe0b2d050c5ed9,fix,2021-07-02T09:04:08+00:00
vitejs/vite,d697ef35aa6f0ea1101d51066ca23655b3e40fc5,docs,2021-07-02T11:42:25+00:00
vitejs/vite,5c177db9597344b8151c8e421ddbced36c4151c7,docs,2021-07-02T22:17:41+00:00
vitejs/vite,09c6c94690ea3fc8b66bb6781995b3e15faedf8f,fix,2021-07-06T09:41:28+00:00
vitejs/vite,9c455b287b3015c12655f2016f43de71a517c9da,fix,2021-07-10T12:17:34+00:00
vitejs/vite,eac779c3d7c306288b01a35239e9eaaa2273c1a5,fix,2021-07-12T07:56:50+00:00
vitejs/vite,b5ab77d878d7bdc5c68dbbf144395f2a590f7d99,fix,2021-07-12T13:04:28+00:00
vitejs/vite,b465d3eb87d415b2f484dae77daab57adc3415bf,fix,2021-07-14T10:37:47+00:00
vitejs/vite,0316f14eddb6854321ed0c1bbeb29c2668c6f08c,fix,2021-07-14T12:21:36+00:00
vitejs/vite,179a0576b2b8da4fc0c32a574b8ae487b8b5265a,feat,2021-07-19T15:45:33+00:00
vitejs/vite,decc7d885d108a3e96ffc82abcb4057f54aa6db5,feat,2021-07-19T19:37:13+00:00
vitejs/vite,3a9764403722a32b8d51222025e6516ef557e178,fix,2021-07-20T12:24:50+00:00
vitejs/vite,e1de8a888ea9adb9dc415cf74aec43dfa83aa526,feat,2021-07-23T02:06:07+00:00
vitejs/vite,9f5489fa9efdc2c547ab8445311e6bd7de5a8eae,refactor,2021-07-23T02:20:05+00:00
vitejs/vite,41a00dff62ee2ae60099953b1d3cc91f7bad0d7d,fix,2021-07-23T12:39:12+00:00
vitejs/vite,f097aa10c17faf0b73b239a34ca72934d38188d7,fix,2021-07-23T15:27:13+00:00
vitejs/vite,c90b7d9d89a803b51d56f2885e5e61bbcf1c1c43,fix,2021-07-23T20:34:25+00:00
vitejs/vite,2f900ba4d4ad8061e0046898e8d1de3129e7f784,fix,2021-07-26T07:46:04+00:00
vitejs/vite,33ce885ab679cfd47fc29c0d88e5910b227370d6,docs,2021-07-26T15:25:55+00:00
vitejs/vite,318cb43380ed05c1f5490f6127ca358711c3b764,refactor,2021-07-27T21:11:45+00:00
vitejs/vite,832d7f39dc5bb86f940c6c168384c724f70ccfda,docs,2021-07-28T16:11:35+00:00
vitejs/vite,bd7c1481cecf5eecc87a69ff8e8f54fa4bf4bfed,fix,2021-07-30T11:27:14+00:00
vitejs/vite,6b98fddd84545a8500ac7767c514c6ce3bf3bf96,fix,2021-07-30T13:07:25+00:00
vitejs/vite,c0a3dbfa66266378f6f329f1981d5827b781fdbb,fix,2021-07-30T13:08:45+00:00
vitejs/vite,7d340a6339cb5497ef54d3684697c4660ab97302,fix,2021-07-31T13:38:10+00:00
vitejs/vite,3df736b602b7059d397acf0776d87ac7a0fa5b67,docs,2021-08-01T22:02:56+00:00
vitejs/vite,a5b2b4f11c5335828fd8179721aee73191df46e9,fix,2021-08-02T05:48:47+00:00
vitejs/vite,76dbef62741d4a53be1e6e8a0e04d3727759cc93,fix,2021-08-02T05:49:45+00:00
vitejs/vite,f9e5d638431dc27619d0cafdd7ea0dd8543133d3,fix,2021-08-02T08:13:09+00:00
vitejs/vite,59841f0b65a2e554db964e530b18dcdc9b3b9586,feat,2021-08-02T09:52:15+00:00
vitejs/vite,d53dc92fb8c97b2d5d6f86ceb73465ef52495910,docs,2021-08-02T15:24:10+00:00
vitejs/vite,2faef0b3b9b9f265609976b1a56781c58dd83d75,docs,2021-08-03T06:50:53+00:00
vitejs/vite,86f673abf4af38ab7a1e408f96e3447fdfcc5396,fix,2021-08-03T10:14:17+00:00
vitejs/vite,7ad8ba242fd00595a88f5170b5b622286488859f,refactor,2021-08-04T07:33:15+00:00
vitejs/vite,77933ba86e7b15cb32ba80c27ae707db2a598cec,fix,2021-08-04T12:33:34+00:00
vitejs/vite,a03e94419ef4da3b842f0211536afb1501bc0919,fix,2021-08-05T15:45:51+00:00
vitejs/vite,4253333625f3296e54805874e85f5384ce011405,feat,2021-08-09T05:18:05+00:00
vitejs/vite,a05593894bb76ac46897c6833dffed04de71b960,feat,2021-08-09T07:26:59+00:00
vitejs/vite,ff9b009fa318755c291b968a822fdce385e013ef,fix,2021-08-14T01:36:57+00:00
vitejs/vite,89e7a419d7108dc3344d0bc5690798f695a46fd1,fix,2021-08-16T07:46:01+00:00
vitejs/vite,b97afa76ec0b6ccd6e7dd99a254e109f67692bf7,feat,2021-08-16T20:48:20+00:00
vitejs/vite,633c03aa05755da47c2f2e00aa52f3f6460ac382,fix,2021-08-17T18:18:24+00:00
vitejs/vite,8048f900908009757bd20d13ee4af90ce15cd32c,refactor,2021-08-21T14:06:05+00:00
vitejs/vite,ff50c22f9c71ac968f0fc4503e892452ccdf5ef5,fix,2021-08-24T07:45:30+00:00
vitejs/vite,e8c19069984835114084dbc650f2a01335d6365f,fix,2021-08-25T06:56:18+00:00
vitejs/vite,4c7af0a1344166028c96ff679e8e4002baa261f8,docs,2021-08-25T07:32:26+00:00
vitejs/vite,cb90de00814f28cfe62c3f045aed3671ac3a8f8c,docs,2021-08-25T18:55:46+00:00
vitejs/vite,7be6c0c90a6224d3525af9c44b29ba48ef63ebf2,fix,2021-08-25T19:11:41+00:00
vitejs/vite,c287c20cf27ae79b43ea1521cc4119e3c6211499,docs,2021-08-26T14:07:35+00:00
vitejs/vite,da0abc59935febdd7522941100d235c84c08d5b4,feat,2021-08-27T14:29:16+00:00
vitejs/vite,2cbf3f36cd85036135ad84501094e84aa8fbb97d,fix,2021-08-30T07:01:55+00:00
vitejs/vite,bf0b631e7479ed70d02b98b780cf7e4b02d0344b,fix,2021-08-30T07:07:25+00:00
vitejs/vite,101236794c5d6d28591302d5552cb1c0ab8f4115,fix,2021-09-01T12:25:57+00:00
vitejs/vite,de7140853140029a3f48600b60e700464e7662b5,fix,2021-09-01T12:26:56+00:00
vitejs/vite,c87763c1418d1ba876eae13d139eba83ac6f28b2,fix,2021-09-01T13:23:07+00:00
vitejs/vite,46ecda4df229e4cf3e9e364cb6271198f9fdfc40,docs,2021-09-04T16:41:32+00:00
vitejs/vite,8d956f6e585bed9ce4f02b7c9fed6631144f638d,fix,2021-09-06T08:31:43+00:00
vitejs/vite,1f068fcec38fc07c34e75a19821064386e460907,fix,2021-09-06T10:58:47+00:00
vitejs/vite,74af8c4055d3cab2f9bc863f30c8e4ae4dfa078a,docs,2021-09-06T14:30:23+00:00
vitejs/vite,fdc3212474ff951e7e67810eca6cfb3ef1ed9ea2,fix,2021-09-06T16:00:34+00:00
vitejs/vite,b3b8c61b37f36713605d61baeb98cfc0deb0b020,fix,2021-09-08T02:02:31+00:00
vitejs/vite,38de2c9fe530f4c0074f0b3473ce2ced97dda31b,fix,2021-09-08T12:32:03+00:00
vitejs/vite,85612fe69da98759dbf3b5352cf47a74f20374ff,fix,2021-09-08T14:01:02+00:00
vitejs/vite,7e929ae4932ef89e56b92acdd46856ae41171302,fix,2021-09-13T11:27:50+00:00
vitejs/vite,9e51a76b3fce27cb0a4a4ae558c4499e9dd540cd,feat,2021-09-13T11:42:10+00:00
vitejs/vite,9e06b81973cf298aeb0a1f48c67a496bf984c663,fix,2021-09-14T07:16:04+00:00
vitejs/vite,4b90e0fee981faa9e734402bd482c168e4bbdf9f,docs,2021-09-16T07:35:11+00:00
vitejs/vite,398456966df54fa8f74c3cfa42cadeb7540792ff,feat,2021-09-16T13:35:02+00:00
vitejs/vite,b9e837a2aa2c1a7a8f93d4b19df9f72fd3c6fb09,fix,2021-09-17T13:36:22+00:00
vitejs/vite,714a78c0bd5e73c353f78ee536cad4113cb37bde,feat,2021-09-17T17:17:03+00:00
vitejs/vite,ba89bd6df9231da85cebd089199bc4ad097af243,fix,2021-09-17T21:22:47+00:00
vitejs/vite,5491143be0b4214d2dab91076a85739d6d106481,fix,2021-09-18T19:33:03+00:00
vitejs/vite,ed88df30a93d759e5c4ac0f079b9f604fad2ce40,fix,2021-09-20T02:56:23+00:00
vitejs/vite,b17b5ae68de50413a95fb992ceda92ec0fceaa86,feat,2021-09-21T19:01:26+00:00
vitejs/vite,a34dd2725e64fedf626e23ba9ced480f5465a59b,feat,2021-09-22T18:08:15+00:00
vitejs/vite,35bd963cb4bcab9d1bfb9757c5baec69d734b875,fix,2021-09-23T02:33:29+00:00
vitejs/vite,57b9a37ea677e7d63f2e5085a4d018787c025e98,feat,2021-09-23T11:29:51+00:00
vitejs/vite,6a600805f0c2803e843a0af279d5f8cc1a2c4d89,fix,2021-09-23T11:45:37+00:00
vitejs/vite,d0f7bf16b4949a3c0766ab1119ec166501fd5a63,feat,2021-09-23T23:48:26+00:00
vitejs/vite,de3de578f5181d5c91afec0860498d00b90e3454,docs,2021-09-24T06:52:34+00:00
vitejs/vite,60b6f5595a00cbf014a30d57721081eb79436a97,feat,2021-09-24T13:56:53+00:00
vitejs/vite,06d86e4a2e90ca916a43d450bca1e6c28bc4bfe2,fix,2021-09-24T21:40:40+00:00
vitejs/vite,28fc88f53bfb76b7a709a1a8058e9f7af448900c,docs,2021-09-25T15:01:29+00:00
vitejs/vite,fb37a6315711eb6bae3030e98acdad1b819f0893,fix,2021-09-27T11:24:25+00:00
vitejs/vite,e4ef6ddbbf6cef689537fe35d8f8378150e87f6e,fix,2021-09-27T11:25:18+00:00
vitejs/vite,6010e56a1af03ed3392e67e7e67c82cf057cb4ac,docs,2021-09-28T21:48:17+00:00
vitejs/vite,7d257c38356f8195ca44b39b55f9d791c6b8c33e,fix,2021-09-30T15:26:12+00:00
vitejs/vite,70e882f06a80bcfb6f5189902984751d9c06cf8f,fix,2021-10-02T13:32:24+00:00
vitejs/vite,10694dd6ad98933b7d857919c09c0f5f8c22da21,fix,2021-10-07T10:15:37+00:00
vitejs/vite,f94a720478c4905463ddf36f4c666431b2a438a9,feat,2021-10-07T21:24:06+00:00
vitejs/vite,96a9ee4f3566e273db53ef9023222699520e4f8f,feat,2021-10-07T21:31:58+00:00
vitejs/vite,7255fd5f04e71e81d80a0a28fad3ac72bffe186e,fix,2021-10-09T06:46:00+00:00
vitejs/vite,bbb406764da73ec3fbf6e4dd0b77c9fcc16ec567,docs,2021-10-09T10:07:14+00:00
vitejs/vite,7674cf2e558c6209f667a112a7862058fe7290c8,fix,2021-10-12T15:35:05+00:00
vitejs/vite,1d6e7bb38570a65f54f813a2dc2165f719a1391b,fix,2021-10-14T07:20:42+00:00
vitejs/vite,3ac08cc78432e3640e3d2925ca854247493b4903,fix,2021-10-15T16:13:58+00:00
vitejs/vite,8ce2ea17d51b80c660f2cdca7844d4fc6991baed,fix,2021-10-15T16:22:50+00:00
vitejs/vite,d3aa321d831f7be3701f682713395f7bbde5eaf0,docs,2021-10-16T11:23:13+00:00
vitejs/vite,9afc2e7c5d6e7289bf035e9ad3cbf5a7758a0732,docs,2021-10-16T16:50:53+00:00
vitejs/vite,ea0c221f3d1c47048ebeb4dbbf3cc40ad944a2b4,docs,2021-10-21T11:37:51+00:00
vitejs/vite,9af4f7c7fe89bfd3b450ef0c7db37c7ccf324161,docs,2021-10-22T08:59:10+00:00
vitejs/vite,e73281c806276740c337aea69a233e39235f5a0b,fix,2021-10-25T08:24:35+00:00
vitejs/vite,8556ffe3c59952d7e64565422bf433699e97756e,fix,2021-10-26T00:15:00+00:00
vitejs/vite,414bc45693762c330efbe1f3c8c97829cc05695a,fix,2021-10-26T15:45:51+00:00
vitejs/vite,4331c26a5e5d7a9efc08a8b7bf7056785a1bcd94,fix,2021-10-27T05:36:58+00:00
vitejs/vite,d5e51f4840e4e75756c55cc5af58673c07ff643c,refactor,2021-10-27T14:06:19+00:00
vitejs/vite,c93bc3df90b5c4e8e25ffd864ae53a3ae7559315,fix,2021-10-28T07:13:43+00:00
vitejs/vite,cc9c2da7b816a41987000dd662f04dbc2033a600,fix,2021-10-28T08:00:52+00:00
vitejs/vite,7977e92e0610cfcb814b45af8432bab1054863d2,feat,2021-11-02T16:08:49+00:00
vitejs/vite,4d3bfae1b7d757c6ee417de0802185b0cef64435,docs,2021-11-03T08:39:14+00:00
vitejs/vite,fb712732d606e2821cbf1fc0c4fccc9ca05122ce,docs,2021-11-05T01:22:38+00:00
vitejs/vite,d383c2a04159a2e5d2f2618ac4e590bdb3172f77,fix,2021-11-05T05:34:56+00:00
vitejs/vite,b803b24f95e4dbd3aa84d776053bc5cdc8a4a45c,fix,2021-11-07T19:26:44+00:00
vitejs/vite,a473570777b02c3b9d8006084b148d42d70896dd,docs,2021-11-08T14:43:42+00:00
vitejs/vite,03b77bd01677cfa2ac76d1a8438af0ce1c7c5678,fix,2021-11-09T09:20:18+00:00
vitejs/vite,c4f9db2cb375729b06f438298560045d4c488c14,fix,2021-11-09T14:50:06+00:00
vitejs/vite,cfd2c5e8deb9fe1e80ec611deff7834a89dcdecc,fix,2021-11-09T19:45:26+00:00
vitejs/vite,0713446fa4df678422c84bd141b189a930c100e7,fix,2021-11-09T21:50:04+00:00
vitejs/vite,afd6b6d5408745b6f376318a15762ca6f34e8c68,fix,2021-11-12T12:36:36+00:00
vitejs/vite,502b8f2b31f06d4e524d36b5566197db76f6ccda,fix,2021-11-13T06:36:28+00:00
vitejs/vite,41a7c9ccfbc1a7bc60aec672056eac3966ddd036,fix,2021-11-13T19:26:42+00:00
vitejs/vite,b937ea4cb1642a76d7a650802c0db2fede338474,fix,2021-11-16T07:56:05+00:00
vitejs/vite,8dbc17a20f22be35c25eae7c0b868784260a38f5,fix,2021-11-18T16:00:00+00:00
vitejs/vite,dcaaa0fcfe84f7ccbd908af94db58df294fe5b56,docs,2021-11-18T16:05:13+00:00
vitejs/vite,2cacc6b231662d0f23745edeb37f3d944cce6cf6,refactor,2021-11-18T16:56:28+00:00
vitejs/vite,650b56e0414d772294817bc2dc399e70563ed699,fix,2021-11-19T14:52:27+00:00
vitejs/vite,37e561755030e87383897af3ea28b9a08e8c2773,fix,2021-11-19T14:55:56+00:00
vitejs/vite,1425a162e768f569e5d9a3929e31ed5f421a5ca2,feat,2021-11-19T15:29:45+00:00
vitejs/vite,9d3e4e6ca53ba0e9e5c6efbdd84cd347123f93ed,fix,2021-11-19T17:17:38+00:00
vitejs/vite,d2887729911d52e3117a7649e85460b346f04b54,fix,2021-11-23T18:51:05+00:00
vitejs/vite,f6fcd2190e18f2ad20766a164411351b2220cf52,fix,2021-11-25T06:12:55+00:00
vitejs/vite,20481950dce58e21d06d0d7da0325a3788e683c5,fix,2021-11-25T08:24:35+00:00
vitejs/vite,00d8c9b7ffcfa2a3f888ef5752f57682cdea91b2,fix,2021-11-25T09:26:02+00:00
vitejs/vite,f1b8b5fc9600e4c8607dbd572f5a9d7d8a588e78,docs,2021-11-27T16:43:34+00:00
vitejs/vite,4bc9483718804ef794c4a3c79006a424a2a05202,docs,2021-11-30T20:03:56+00:00
vitejs/vite,efec70f816b80e55b64255b32a5f120e1cf4e4be,docs,2021-11-30T21:17:29+00:00
vitejs/vite,7ed870273206b5e9dcedda6f0149b7b3324dea45,fix,2021-12-01T16:35:39+00:00
vitejs/vite,731b43cabe5fdb2cedb1037fa89d31342a5b70e1,docs,2021-12-02T08:47:56+00:00
vitejs/vite,5b8c58bf9d2fe141cea9bde9492ccbedf9b76213,fix,2021-12-02T15:19:55+00:00
vitejs/vite,ae3a44357896dd73d0eaf67fa42e8920bfa2c601,docs,2021-12-03T19:51:25+00:00
vitejs/vite,4ece719229ac606aac93e5a267228582f54574bc,docs,2021-12-04T12:00:24+00:00
vitejs/vite,a47b663ad06af8c5bf87128035f6b112de0ecd16,fix,2021-12-06T07:15:01+00:00
vitejs/vite,dc0845c582de96a94166c6d027a91d19876f2219,docs,2021-12-07T09:23:59+00:00
vitejs/vite,ce8b0feae334cc224b3f4d2fdb2bffbb62322acf,refactor,2021-12-12T03:54:26+00:00
vitejs/vite,1ded1a835bfb64f2c70c8c153e979b7911c9a8c1,fix,2021-12-12T16:15:13+00:00
vitejs/vite,9c2843cf0506844ee32f042a04c22c440434df2a,fix,2021-12-12T18:09:30+00:00
vitejs/vite,611fa037a72a1179c27794353ffad6ed27e10d1a,fix,2021-12-15T11:04:16+00:00
vitejs/vite,dd79858ab70d2591e1239ddb19e1ce38d9913b4c,refactor,2021-12-15T11:10:00+00:00
vitejs/vite,b9871bbed57c5964b3393e798b0ef2526471d692,fix,2021-12-16T05:52:39+00:00
vitejs/vite,e002f4f4a578ae63156e756abac0487f42b4cdcd,fix,2021-12-16T12:25:55+00:00
vitejs/vite,79d139783868bfe2a2741f6e8cffcb72cee65351,fix,2021-12-19T18:32:26+00:00
vitejs/vite,09467969e608d0056073354e34cb62d6a9f4a1f7,docs,2021-12-20T16:01:04+00:00
vitejs/vite,8e65babc26a2c66e9a9efcc8e50b801a29cb4ea5,docs,2021-12-21T11:59:48+00:00
vitejs/vite,4114f844f876fabfa9beaa6ec65e4002d7c36fbb,fix,2021-12-21T12:01:00+00:00
vitejs/vite,1d97ec336a6ee2915faae42d5f82110226929347,fix,2021-12-21T20:13:39+00:00
vitejs/vite,d51259b73c484dea67d4c4afb6b76fbbb866631c,fix,2021-12-22T07:03:24+00:00
vitejs/vite,1a6e2da634a138fac908d70750734098a17b6a9f,docs,2021-12-25T10:24:44+00:00
vitejs/vite,394539c613b1fdee444079dae4275027705e85ae,fix,2021-12-27T21:29:23+00:00
vitejs/vite,5a111cedf31f579e3b8c8af5c4442d2e0cd5aa12,fix,2021-12-28T20:23:42+00:00
vitejs/vite,6d4ee18e0c45e7c1fedd36c24b631a8f97f40c0f,feat,2021-12-28T20:27:49+00:00
vitejs/vite,d856c4bd6798707e0cbdfc127a2e8b6c00c65dae,fix,2021-12-29T16:25:59+00:00
vitejs/vite,6dd7d1a7cb99737dd48e070607d0fe9ece35adab,fix,2021-12-30T06:08:09+00:00
vitejs/vite,a8a0d840deb743653545577d23d4091ac019ac4e,docs,2021-12-30T08:13:37+00:00
vitejs/vite,d8502e24cf971f6c7f1801c9db16fe34cf4cd6ea,docs,2021-12-31T07:49:05+00:00
vitejs/vite,8613423c6251b3aef3ff45f34d8ea3fa134b5dfa,docs,2022-01-03T05:31:17+00:00
vitejs/vite,f144aa9f1df2134dc6695db6e8eff25cac2b5263,fix,2022-01-03T14:14:17+00:00
vitejs/vite,1ff1103ade691b0a3f564609fdc4e76d5122227b,feat,2022-01-05T12:30:50+00:00
vitejs/vite,596494948a6e2f697232371b200c2d7a51d386bc,fix,2022-01-05T12:34:13+00:00
vitejs/vite,a34561490b4b866d8d4f98c697435dcb68a5c3ed,feat,2022-01-06T08:40:35+00:00
vitejs/vite,647168b2b44b82b1a1cbd8e639f74ddf52a5d5cd,fix,2022-01-07T16:24:44+00:00
vitejs/vite,5d7b4c31b8e44add7c192ae8af4b90b9378ae1fe,fix,2022-01-11T14:41:30+00:00
vitejs/vite,6408a3ab9bd97f1542982755b5044871a78b59d4,feat,2022-01-11T22:08:09+00:00
vitejs/vite,669d7e0f4b6ea4a73d3598ab1473b58c72bf093b,feat,2022-01-12T12:37:58+00:00
vitejs/vite,e57d8c63042c2701e797c797b25af65d9dab9eea,fix,2022-01-13T19:22:47+00:00
vitejs/vite,ea615b07ce8c5dc55d24f293803c7f5886ce425b,docs,2022-01-14T21:41:02+00:00
vitejs/vite,4a764f52e4964b02c02f1ce6863ae3454daad55c,fix,2022-01-15T15:45:36+00:00
vitejs/vite,3546d4ffcfbc011d78f9ba26e0dc689853575a1e,feat,2022-01-16T13:54:27+00:00
vitejs/vite,962d28508dce63b395e79b79f3b0e2cf0e381a71,fix,2022-01-16T20:39:29+00:00
vitejs/vite,e87ae41ae57857f387a67b5140bf7d5689a3e14b,feat,2022-01-16T22:08:05+00:00
vitejs/vite,dd3bbb8e21aff812ec482f760e1abceb6bd67aef,fix,2022-01-17T20:55:47+00:00
vitejs/vite,e6b06e535fb26e064f5c341703df4bcb30aa6432,docs,2022-01-18T17:09:11+00:00
vitejs/vite,3fb4118026e2745140894afb9755298656750f43,fix,2022-01-21T09:35:56+00:00
vitejs/vite,9631e6a2e37b77466633146cd904ea76c8df7e6b,docs,2022-01-27T16:20:01+00:00
vitejs/vite,fb956c922435d581c7ce7bf1eb08b6de7470a586,docs,2022-01-28T06:33:35+00:00
vitejs/vite,f48255e6e0058e973b949fb4a2372974f0480e11,fix,2022-01-28T11:56:56+00:00
vitejs/vite,c2f00214e41b62196fab9108da76609aa8edbaa4,fix,2022-01-31T13:39:08+00:00
vitejs/vite,104bdb5b5e44e79bf3456cabe15f3753f7c1ef28,feat,2022-02-03T21:38:29+00:00
vitejs/vite,e38be3e6ca7bf79319d5d7188e1d347b1d6091ef,fix,2022-02-09T20:26:38+00:00
vitejs/vite,2c02ce7061f9d4a9a8e70a96d89e930b4e6ed448,docs,2022-02-11T09:12:03+00:00
vitejs/vite,f63a72e77214ea31884680a3c5facf4fcee5d226,docs,2022-02-11T09:29:14+00:00
vitejs/vite,de20c73ef37b179c1791c0f96da04d29cfd48840,fix,2022-02-11T11:51:32+00:00
vitejs/vite,997b8f11cb156cc374ae991875a09534b5489a93,fix,2022-02-11T20:37:07+00:00
vitejs/vite,78e84c80c0f49d6f7c8a0e10c4257a477a221280,feat,2022-02-12T20:50:18+00:00
vitejs/vite,a9a1ae2db6a81a2fd31db370b58686e442047d9e,fix,2022-02-15T16:17:28+00:00
vitejs/vite,983feb2cdc5180dc46c3f5fc5b99baaa8d6b7078,fix,2022-02-19T16:06:03+00:00
vitejs/vite,2debb9f4cbb6003e7d24444cf049b45582d82ff1,fix,2022-02-22T20:30:03+00:00
vitejs/vite,8fd8f6e0e501c9e46bc3e179c900d31fa5cafce1,fix,2022-02-23T06:19:41+00:00
vitejs/vite,c84601cee5232bad0f65c8fcc663e38bb457a0b3,fix,2022-02-23T15:53:19+00:00
vitejs/vite,67d164392e8e9081dc3f0338c4b4b8eea6c5f7da,docs,2022-02-25T06:32:19+00:00
vitejs/vite,7a1a552ba710bad5714ef0fbb16fdd29ac58ae0b,fix,2022-02-27T11:56:00+00:00
vitejs/vite,065ceca5c7b8f1843e220fbdbe8a0da4cbb78935,fix,2022-02-28T10:45:20+00:00
vitejs/vite,66cafca61c8eefe67c8371249a2fc6e043b91e43,fix,2022-02-28T16:06:04+00:00
vitejs/vite,d9f8edbd5b243f60212cc4bb9271c01b7e3fdd76,fix,2022-03-01T17:01:47+00:00
vitejs/vite,5c116ecde0ad43409334853457d68481a22e19d4,fix,2022-03-01T19:45:02+00:00
vitejs/vite,c8a7ea86586b81fae1ba7eae2282267f68de01dd,fix,2022-03-03T06:21:41+00:00
vitejs/vite,7215a03c796537419bc4a2533d312e868a11e5da,fix,2022-03-03T06:23:38+00:00
vitejs/vite,849e8456e1f7609040030c87cdc51e2fc76235b7,refactor,2022-03-04T21:30:50+00:00
vitejs/vite,79dd003f13e6398d6f15ca462bddedb7c1a5b7dc,fix,2022-03-04T21:49:58+00:00
vitejs/vite,c46b56d3ef54d2ae01cc6d51252cb12fc3d3c898,fix,2022-03-04T22:33:42+00:00
vitejs/vite,9f7b859c9f47a1e3f37a3ee6cd9c9277f9a04720,docs,2022-03-05T18:56:47+00:00
vitejs/vite,b81e1a289f20a4ba2396f11939646407a67bbf0e,docs,2022-03-06T08:16:19+00:00
vitejs/vite,cf6c81709427f6b144dae1dca6aa90309b7d88a0,docs,2022-03-06T09:28:49+00:00
vitejs/vite,3070ecb12d9a4eebf607128ca8acbdb9aecf5404,docs,2022-03-07T09:17:15+00:00
vitejs/vite,dc46adffdeab97eb3934bde3e83203de7f2b3631,fix,2022-03-07T20:43:17+00:00
vitejs/vite,2d7ba720ecb362b64589339f2045422082488d86,fix,2022-03-10T14:53:13+00:00
vitejs/vite,161f8eac892e2f8a5383a90bc148326e624eddef,fix,2022-03-11T17:03:15+00:00
vitejs/vite,6608bd04af033717184cfff0074b2d9661db8804,docs,2022-03-11T21:17:27+00:00
vitejs/vite,c2ab324a5def68475acc444e781e03094692ca84,docs,2022-03-12T14:05:20+00:00
vitejs/vite,8b945f577a6743e3c9acff233665e6af1b3bb012,fix,2022-03-13T07:01:21+00:00
vitejs/vite,a1044d7039d031cfc88ec3fa8ed1b7d15745b02a,fix,2022-03-13T07:01:41+00:00
vitejs/vite,cfc76482269b2f2c9f44404e901b208b9c8b7331,docs,2022-03-13T12:02:05+00:00
vitejs/vite,fae120a16c29e0573efadf1df84404f31af8c8df,fix,2022-03-14T04:13:51+00:00
vitejs/vite,f8f934a48af055b5bfdc7c750aab0473e97c3752,fix,2022-03-14T10:07:01+00:00
vitejs/vite,769f53574d28b33e20a6d7e34c0ab7503ee190b9,fix,2022-03-14T11:38:41+00:00
vitejs/vite,c3260a4dace7596b9c6cd502abca6cb6831e8661,fix,2022-03-16T08:38:39+00:00
vitejs/vite,7d2f37c127e25abb80b77f5bde1c008a3c0c80aa,fix,2022-03-16T11:51:30+00:00
vitejs/vite,1be1db6a8ade94db2767d5f496f139cd0220a868,fix,2022-03-16T16:57:02+00:00
vitejs/vite,392a0de2876fb4fb6e0373d6e8c780ae1854266a,fix,2022-03-19T07:47:36+00:00
vitejs/vite,c43467ad65239a635d45e2f3596613e676890fb5,fix,2022-03-20T06:23:08+00:00
vitejs/vite,b63fc3bbdaf59358b89a0844c264deea1b25c034,fix,2022-03-22T03:11:33+00:00
vitejs/vite,c7fc7c34029f109bb716c6a2888022b2f4c40e3d,fix,2022-03-23T17:42:24+00:00
vitejs/vite,f4934e8778f2fe1d3e71e6b8e49d8f16c191cfef,feat,2022-03-24T08:59:57+00:00
vitejs/vite,77dc1a19b4f6f079a3861773b63e36177f32504d,fix,2022-03-25T18:33:45+00:00
vitejs/vite,d451435fb8db776e302c18b74717131685bb6048,feat,2022-03-25T21:23:30+00:00
vitejs/vite,fedb106a4d0d613001230b9e757bcb8f0afe9909,feat,2022-03-25T22:47:44+00:00
vitejs/vite,64ddff03f7ff693e8a9ed1217d401b628a940852,refactor,2022-03-26T16:23:30+00:00
vitejs/vite,81d7dd256aa08a8de257fd5bc397980a99d279a9,docs,2022-03-26T16:29:46+00:00
vitejs/vite,8ac4b12fefb42c748e92f0ea5f93374a0739748e,fix,2022-03-27T07:46:49+00:00
vitejs/vite,7f8dc58daa4a9f07c71d069ecf1f2b055521f23f,fix,2022-03-27T09:49:17+00:00
vitejs/vite,28b0660ee471828af0aa0bc29ca5b647fa51ef2e,fix,2022-03-28T15:18:45+00:00
vitejs/vite,b7cc0dcdf41c09c147356b0ecafa98b69491261c,docs,2022-03-29T07:10:23+00:00
vitejs/vite,2b7dad1ea1d78d7977e0569fcca4c585b4014e85,fix,2022-03-29T09:16:52+00:00
vitejs/vite,90df0bb7c610834f875dbfdb8dd3452f44f15627,fix,2022-03-29T11:08:34+00:00
vitejs/vite,f05a81387b6901622c86c2833f42420b8e18e95e,fix,2022-03-29T16:11:54+00:00
vitejs/vite,465b6b99c21e546de020bbcfe57f616143a6c977,feat,2022-03-29T19:31:02+00:00
vitejs/vite,d0253d71c3bc0efdcc13f50d7b0b16e44c5ab0d9,fix,2022-03-31T11:24:01+00:00
vitejs/vite,212d4548eeb366289c6c6fa6f86f94b261ed81f4,fix,2022-04-03T19:21:46+00:00
vitejs/vite,b6205871ac680b82bc6fb1399e091dd46ef2b6aa,fix,2022-04-04T04:39:46+00:00
vitejs/vite,cf59005a79dd7227f3ad63280761060ba224ce09,fix,2022-04-04T04:42:43+00:00
vitejs/vite,45b9273d3731605db7c32206a596e4e193d15a39,fix,2022-04-04T10:21:02+00:00
vitejs/vite,485263cdca78e5b30fce77f1af9862b3ea3d76f1,fix,2022-04-11T13:10:42+00:00
vitejs/vite,7ddbf96ae11bf0eeef97ffc00dcf5ac4c561cc20,feat,2022-04-12T15:25:37+00:00
vitejs/vite,d6830e3d70b693945113b7504b25be8a18b27815,fix,2022-04-13T04:36:35+00:00
vitejs/vite,a5c2a7803eeed55e023bec464f6b193ed5ddac79,fix,2022-04-13T19:39:46+00:00
vitejs/vite,434bb5c05bce8a376bde50100a1466072d5e3624,docs,2022-04-14T18:47:53+00:00
vitejs/vite,12a4e7d8bbf06d35d6fcc0135dcb76fd06a57c22,refactor,2022-04-16T08:32:13+00:00
vitejs/vite,af8ca602031daa99692fc2e29f9d6330409e4bc8,feat,2022-04-18T03:39:25+00:00
vitejs/vite,54e9cdd9f913ba7b650bce6657b5ff666dd0b5a8,fix,2022-04-18T05:25:14+00:00
vitejs/vite,6198911faeee3b915fc0d4ff24fbb918f3e1d558,docs,2022-04-18T21:30:13+00:00
vitejs/vite,12d119434038f75d2017ce0e543b72416f2745f6,fix,2022-04-18T21:31:38+00:00
vitejs/vite,474d5c257b2404b08fabbc8740532a26badfc348,fix,2022-04-19T08:01:12+00:00
vitejs/vite,9c6501d9c363eaa3c1e7708d531fb2a92b633db6,docs,2022-04-19T21:03:19+00:00
vitejs/vite,709776f544adfddd7ac8e5b77a821bc3c86357fd,fix,2022-04-20T09:12:43+00:00
vitejs/vite,fde54c9a9c01c114bbac94312666ec3e291edcd3,docs,2022-04-20T15:25:53+00:00
vitejs/vite,ecc78bca4a15a25764375b2a7166cf06401e9ffd,fix,2022-04-24T08:35:04+00:00
vitejs/vite,54728e388dca032903569e6de6dbaa2e6f886279,fix,2022-04-25T10:43:17+00:00
vitejs/vite,0d2089c6876bcc04a46c3f7947ce4effc91dd9fd,fix,2022-04-25T10:47:18+00:00
vitejs/vite,3edd1af56e980aef56641a5a51cf2932bb580d41,docs,2022-04-26T05:23:34+00:00
vitejs/vite,b092697fd1d91710f16ffe7dcca4001fb794dcec,fix,2022-04-26T19:45:07+00:00
vitejs/vite,206e1f2cd48b86396f57338ad494da3e1939b647,docs,2022-04-27T17:06:06+00:00
vitejs/vite,50672e4f8bc6d23cef735b922e8e0439acb5fe27,fix,2022-04-27T17:20:53+00:00
vitejs/vite,f7d2d713befe916c4d84b5e1705e20386948a61f,fix,2022-04-30T04:13:30+00:00
vitejs/vite,aebaf66cdb5bd9c39225462621e6f55275790463,docs,2022-04-30T18:20:23+00:00
vitejs/vite,a5bdb9fa706850c45134c25b77aea2dee1ea03d4,feat,2022-04-30T19:28:39+00:00
vitejs/vite,f6ae60db74e0fcdb8ecf47df5c8b6df86d2c3ad6,fix,2022-05-01T06:47:34+00:00
vitejs/vite,7f9f8f1f84b6fcf3cee45208f929050a842bd535,fix,2022-05-01T18:51:18+00:00
vitejs/vite,025eebf7e634e2fdc40fde02b5f82278d5ef05c2,fix,2022-05-01T19:50:25+00:00
vitejs/vite,bf40e5c88db4281b035f67d1789cccf66333ce23,fix,2022-05-02T09:25:24+00:00
vitejs/vite,e96b90887d4709ed1c968b658e22fbdfdb996cbb,fix,2022-05-03T05:44:28+00:00
vitejs/vite,99740949b77509c442a27fb0e017fcbe376f3391,feat,2022-05-04T14:32:06+00:00
vitejs/vite,63cd53d2480e40db717aff78966240eb6482aba4,fix,2022-05-06T08:00:31+00:00
vitejs/vite,e0fe2008b248aec4813efba34db9e644b851943a,fix,2022-05-06T12:24:40+00:00
vitejs/vite,1ffc0107e81d9196284a42dd450b8ff9d038b245,fix,2022-05-07T05:30:08+00:00
vitejs/vite,20ea9999765ea372c20acc39e05cd81b98c9f6fe,feat,2022-05-07T19:23:54+00:00
vitejs/vite,9f8381eb70375d460f8b410f44e0b758eb714234,refactor,2022-05-07T19:27:44+00:00
vitejs/vite,1878f465d26d1c61a29ede72882d54d7e95c1042,refactor,2022-05-08T11:55:16+00:00
vitejs/vite,0b78b2a40e5809bde51df8d4873f64226ee7fe3d,feat,2022-05-09T07:31:50+00:00
vitejs/vite,12d0cc0e5860f63ea54c75e2b000d2692682b2d8,fix,2022-05-09T14:07:04+00:00
vitejs/vite,f895f94b49fcab278d303ef9ecf7b6a28e7fc24a,fix,2022-05-09T18:48:57+00:00
vitejs/vite,e10c0c1e28d944a425b954aa71cbf1c8698125b7,fix,2022-05-10T06:00:21+00:00
vitejs/vite,80d113b1d6df6c97ad2a3dcd27be8a7e27103141,feat,2022-05-10T09:42:29+00:00
vitejs/vite,a709440e26870580b8fd0da69f81d0d8ac5c788f,fix,2022-05-10T13:37:02+00:00
vitejs/vite,c81cedfe6f5e9826ebf672b54c22848f0ebc7cf0,fix,2022-05-11T17:00:38+00:00
vitejs/vite,04c2edd80f654a9e3c23e59d8b9060caa28e459e,feat,2022-05-12T19:23:47+00:00
vitejs/vite,559c95268a4fe051834efdb04854d5a4c5345124,feat,2022-05-13T05:37:52+00:00
vitejs/vite,46d5e6731a86301989e1b12d983d82180f956595,feat,2022-05-13T10:45:09+00:00
vitejs/vite,2f7a490fdb347ddeb5f2bccc9a69e4188b56630e,fix,2022-05-15T15:46:06+00:00
vitejs/vite,102b678335ba74ac8f0ab94c8c49cba97e836e6d,docs,2022-05-16T11:16:07+00:00
vitejs/vite,9baa70b788ec0b0fc419db30d627567242c6af7d,fix,2022-05-19T01:23:45+00:00
vitejs/vite,9f00c419bc36bee40e464d2282b33bb2e6574010,feat,2022-05-19T04:55:23+00:00
vitejs/vite,baa9632a2c2befafdfde0f131f84f247fa8b6478,fix,2022-05-20T20:32:52+00:00
vitejs/vite,f4d62623543e07fb532b1a66c1a52c2b7664ef4a,feat,2022-05-20T22:09:52+00:00
vitejs/vite,49478ae7c2ea9f9fe197021bed4a2f9f0f9c7b1e,feat,2022-05-21T06:40:48+00:00
vitejs/vite,95297dd1846318697f6b3b40752ba9fa43664d1a,feat,2022-05-21T07:56:14+00:00
vitejs/vite,a4e4d394589e832849ae8f28dd12a94166cbdbce,feat,2022-05-21T14:44:52+00:00
vitejs/vite,67743a3c4c50705288c8ee1cc320d87f0c1c4661,fix,2022-05-22T13:15:08+00:00
vitejs/vite,0b25cc1ef7ad344443518446ccdd54bbd8444bc9,fix,2022-05-22T18:47:52+00:00
vitejs/vite,23f8e08fd56892700c42644ff00ce2830545b0bb,fix,2022-05-23T05:30:28+00:00
vitejs/vite,d7cba466febd5127e82573f69b1f7b866517a299,feat,2022-05-23T06:37:59+00:00
vitejs/vite,d67181195aec99ee6aa71bd8fdb69f1f09f57c9d,fix,2022-05-23T06:42:49+00:00
vitejs/vite,80dd2dfd8049c39e516e19ad5cfdaa1c5f02e4a3,fix,2022-05-24T18:45:54+00:00
vitejs/vite,312bb69b90c3df0cd9b62d5d64d615fd8dcfab27,docs,2022-05-25T13:51:10+00:00
vitejs/vite,df2cc3d5079a55de061fca73eb98e7b6c0751db2,fix,2022-05-27T14:37:15+00:00
vitejs/vite,168de2d6f07ec49896fa46b5a4935c29d2800300,refactor,2022-05-27T18:45:15+00:00
vitejs/vite,79d5ce1b1e166033ac9a8e04ddb8b83aa92c0c29,fix,2022-05-29T09:45:41+00:00
vitejs/vite,f8c92d1f4c1bddb6c29cfd4753079157c4d96922,feat,2022-05-29T13:09:26+00:00
vitejs/vite,1a16f123e0781449c511af2d0112b8c4639972f1,fix,2022-05-29T18:23:12+00:00
vitejs/vite,01b5ebf8cb8a0fed0be58edd1a6acb185ff3aa9b,docs,2022-06-01T10:36:04+00:00
vitejs/vite,b3d965277741f03890d2dc6881a2c8605c6b5ac3,fix,2022-06-01T13:00:47+00:00
vitejs/vite,7f59989ec1fee7f8b71d297169589e010d3b84e3,fix,2022-06-01T19:55:52+00:00
vitejs/vite,80e44a8fbb2677396c7ef557460e54979dc04f59,docs,2022-06-02T07:15:38+00:00
vitejs/vite,e9925948fd4e199625bbb25ee931bed1d50e9618,feat,2022-06-03T14:20:03+00:00
vitejs/vite,e2e44ff32b7b2bcbcae793cdcda263d1ad495fc0,feat,2022-06-05T10:55:45+00:00
vitejs/vite,408e5a78325bd2a6ff36e83094806e371a5de4d6,fix,2022-06-07T04:21:00+00:00
vitejs/vite,f59adf8ebe06cf1df827a813ccea6cf6ceb127dd,refactor,2022-06-08T10:56:21+00:00
vitejs/vite,51e9195fe94657e7ab14a22a0e7de338ad0724fd,feat,2022-06-08T15:58:01+00:00
vitejs/vite,0e5c0091bfa884371bed2f9279c97b974aa4ee17,fix,2022-06-09T12:22:05+00:00
vitejs/vite,3f4d22d1f3361ec3013e15288d1a1f16c615a121,fix,2022-06-10T13:49:49+00:00
vitejs/vite,f09299ce13b55d51456985b96d4c3b3a1f131acb,fix,2022-06-12T12:11:29+00:00
vitejs/vite,2548dd367ff97fbe094a02128b08840a492ef24a,fix,2022-06-13T06:25:08+00:00
vitejs/vite,49c089662916bb2c0ae2aae649c7c8b714509922,fix,2022-06-14T05:53:40+00:00
vitejs/vite,73e17750022749515efd9413480ae02fb9244bb9,feat,2022-06-14T13:14:14+00:00
vitejs/vite,649c7f60525ec4755f147312475cb473b80d7d5e,fix,2022-06-14T18:13:46+00:00
vitejs/vite,5151e7466bdb86066991b77df8db6ada066bb71f,fix,2022-06-14T19:39:23+00:00
vitejs/vite,739175b2f65d7ce46ce3b79cfc1efd416651c2a5,fix,2022-06-16T07:52:28+00:00
vitejs/vite,993b842cff9f743cb969e749e7052a2cbb665919,feat,2022-06-17T18:58:10+00:00
vitejs/vite,5ecb5c6d24082f22f6577889e01167964d013e87,docs,2022-06-18T13:30:59+00:00
vitejs/vite,201c9a0c1a5058f2299aecb6ed5592f2e22c37e5,docs,2022-06-19T09:12:59+00:00
vitejs/vite,a52c6c8deaf00ee4af528bc34e992979a3ea45b8,docs,2022-06-19T12:46:01+00:00
vitejs/vite,3b41a8eb1006ae636e2b01b8416327e001625df4,fix,2022-06-19T14:25:45+00:00
vitejs/vite,c0e74e5f687b8f2bb308acb51cd94c31aea2808b,fix,2022-06-19T15:23:04+00:00
vitejs/vite,8a05432e6dcc0e11d78c7b029e7340fa47fceb92,feat,2022-06-19T17:50:37+00:00
vitejs/vite,eb52d36a2cbdf6182691ac3ec5cb6d28d1ac73ad,feat,2022-06-20T05:18:42+00:00
vitejs/vite,afe88ff6a31243dd5efbfa3a83693ae0c1d1d3b3,docs,2022-06-20T07:36:12+00:00
vitejs/vite,15ebe1e6df2e79bc22e123efedb46d87063ad3d6,feat,2022-06-20T14:08:07+00:00
vitejs/vite,8ef733368fd6618a252e44616f7577f593fd4fbc,feat,2022-06-20T15:27:39+00:00
vitejs/vite,d11d6eaeeaa0fc9da05ae7b9b6e7cce33567762d,fix,2022-06-20T21:28:45+00:00
vitejs/vite,26ee6bfe3991b67f3452d85278a0874a782848d1,docs,2022-06-21T12:34:51+00:00
vitejs/vite,3f9e5d49dfeb25ee22423fb5d180fe63b1c23c41,docs,2022-06-21T15:20:11+00:00
vitejs/vite,15aa7741a04b35c8e8f964fd87943f11777ca8e6,docs,2022-06-22T11:41:57+00:00
vitejs/vite,6105471fa304891dc2b09472ce6d92f39ca4c388,fix,2022-06-22T14:37:11+00:00
vitejs/vite,31348b5860a136d4940ab58ffd696c1238aff2ed,docs,2022-06-23T07:03:23+00:00
vitejs/vite,2ae269e17588bfe1519600ca354ab4da0ed6ea18,refactor,2022-06-23T19:22:33+00:00
vitejs/vite,d9123995d440599e9ef2bb85b8f5d0fbe3dc7b1d,docs,2022-06-24T07:02:59+00:00
vitejs/vite,8b77695870d16e030392fe2ef9826140e61c6e82,feat,2022-06-25T11:31:40+00:00
vitejs/vite,e1e426e45de51660a48e832775007e7731db07f7,fix,2022-06-28T06:38:31+00:00
vitejs/vite,68860782bcac8d2b30f6d19f8112fe6131057e60,feat,2022-06-28T15:14:16+00:00
vitejs/vite,a4a634d6a08f8b54f052cfc2cc1b60c1bca6d48a,fix,2022-06-29T06:04:57+00:00
vitejs/vite,ef749ed726562d65b5b5eabcadb851e0efb8a3c1,fix,2022-06-29T19:33:52+00:00
vitejs/vite,cd8d63bcdef521f82d097ea3db6bdacbb848603c,fix,2022-06-29T21:19:58+00:00
vitejs/vite,d49856c096084bd1af6c98e7fabd1441715943c2,fix,2022-06-29T21:48:07+00:00
vitejs/vite,3af6a1b401a574c78695dbf7fe39152bca1e304b,fix,2022-06-30T21:45:17+00:00
vitejs/vite,8970f16bfcd76606825551595f9b3a699517fd25,docs,2022-07-01T11:11:28+00:00
vitejs/vite,a0da2f0996ec669a240c02178367f0e976abb28c,fix,2022-07-03T11:34:11+00:00
vitejs/vite,ae345654197168e61395b088969fae577483d12a,fix,2022-07-03T15:06:16+00:00
vitejs/vite,722f5148ea494cdc15379d3a98dca0751131ca22,fix,2022-07-04T09:06:24+00:00
vitejs/vite,9d28ffd3410a3ea2b739cce31e845f59cebd3cc6,docs,2022-07-05T15:05:50+00:00
vitejs/vite,b8356991c0a7dae32fb70b613460f15027915aa7,fix,2022-07-08T06:13:08+00:00
vitejs/vite,f8c8cf272345364e8a6181725335e95b957ba8c4,refactor,2022-07-08T07:46:02+00:00
vitejs/vite,e36988014ba1982768ab8a9544b0b5308e37383c,fix,2022-07-08T10:20:37+00:00
vitejs/vite,aff4544d7ed85fd21e9c21abcb532dc72fe6540b,fix,2022-07-10T10:31:19+00:00
vitejs/vite,26bcdc3186807bb6f3817119cd7e64ae8308a057,feat,2022-07-11T17:27:01+00:00
vitejs/vite,5340005fc01ae536a077103f64b92f6e51bcec34,docs,2022-07-13T09:15:08+00:00
vitejs/vite,e5ddfa824656fe34d8bda8a440505be7adf67a1e,docs,2022-07-13T10:31:41+00:00
vitejs/vite,631e26de43283b4ce1fcca7bcb42ff9008115a82,docs,2022-07-13T11:32:39+00:00
vitejs/vite,4fbf9a8c55e6453aba0c6dc5d9b16956b33c2227,docs,2022-07-13T16:26:16+00:00
vitejs/vite,60fa6ba082c50d57ec4abecb196573f4100636d2,docs,2022-07-14T08:41:54+00:00
vitejs/vite,b3934516431659b36ccfbfe1a87a3e73595982a6,fix,2022-07-14T09:26:40+00:00
vitejs/vite,d12d469dfb8d7466615b085aac0d461ff18a4465,fix,2022-07-14T09:51:52+00:00
vitejs/vite,c2426d15c0c000f56cdcbd0a57853407f3ec5911,fix,2022-07-14T18:49:41+00:00
vitejs/vite,b7b3e654499f61d047dec61c71e17ac32cf51769,refactor,2022-07-15T09:43:24+00:00
vitejs/vite,ebf682ecea72b8c1a09320a2fafdb6bbf7464feb,fix,2022-07-15T12:43:28+00:00
vitejs/vite,57a79362b7a1c8c0229cbf61fbb1c3918c2c1da2,fix,2022-07-15T13:40:10+00:00
vitejs/vite,5844d8e3480e7713acfa7655666bf0076dcb8879,fix,2022-07-15T21:40:24+00:00
vitejs/vite,1e078ad1902ae980741d6920fc3a72d182fcf179,feat,2022-07-16T08:26:23+00:00
vitejs/vite,cc980b09444f67bdcd07481edf9e0c0de6b9b5bd,docs,2022-07-17T05:02:25+00:00
vitejs/vite,e6f3b026bd1e281cfad6b19386195b6c2dc94165,fix,2022-07-17T12:24:30+00:00
vitejs/vite,d66ffd02801ab7a9f9ef2c2e17f0594d633f933a,fix,2022-07-18T14:29:21+00:00
vitejs/vite,b2f6bdcf3d2f2788070bfe5145e069a3937cc7dd,fix,2022-07-18T14:49:24+00:00
vitejs/vite,5866cfb2529ef5a5d5258b0fae0b37c3484d1762,fix,2022-07-19T17:15:50+00:00
vitejs/vite,ae5639ccfa29c056fbb1a3ebb55070b65392168d,docs,2022-07-19T17:17:21+00:00
vitejs/vite,29db3ea4e6d6d5cb1d6891768789063a9bcdbd0f,docs,2022-07-20T15:38:07+00:00
vitejs/vite,c616077fb8d969714dcbec5ed5ff803759d6a2f6,fix,2022-07-20T18:56:24+00:00
vitejs/vite,fa97bf3c3d2e2089c9c9f2432392ecbd1126ee3e,docs,2022-07-21T04:57:57+00:00
vitejs/vite,6adb90695ba0de5b5cdc3edcc4a9fb63835efded,docs,2022-07-21T09:32:41+00:00
vitejs/vite,0580215b7327be63f9c5e3251fe8c1c634f564ed,fix,2022-07-21T17:41:06+00:00
vitejs/vite,d420f01d48c2291e82410b4649f274f8d1493a27,fix,2022-07-22T07:47:32+00:00
vitejs/vite,0602017c38f75256353b2146b93f9752713cd235,feat,2022-07-22T09:09:03+00:00
vitejs/vite,ea2770106efe759ad137246980cf4a591eb14780,fix,2022-07-22T10:07:11+00:00
vitejs/vite,00e6af35539f77f8eff45f12acf8b9641c23bb61,docs,2022-07-22T14:10:41+00:00
vitejs/vite,796eef44b5e23ad198bd4280d8ff0ff5188d7a28,docs,2022-07-23T05:20:07+00:00
vitejs/vite,c41736436af6ef9b8d4e62b3d7733c1e844f7dc6,docs,2022-07-23T05:20:45+00:00
vitejs/vite,2415193006fe1405ac927162d074b70b03ae629f,fix,2022-07-23T07:06:18+00:00
vitejs/vite,8cabdd7680c6234d88d913cd198192ee62faffe6,fix,2022-07-24T06:03:41+00:00
vitejs/vite,ccb3449edcbe08948a2d01e5d37dbca0d12b582a,docs,2022-07-24T11:24:46+00:00
vitejs/vite,13e64508abad52b0d774ed7a5f30d78cff86819c,fix,2022-07-25T11:06:38+00:00
vitejs/vite,8469bf0a5e38cbf08ec28e598ab155d339edc442,docs,2022-07-26T11:05:37+00:00
vitejs/vite,122c6e75202eb295cabb8c9bcbcc5a6d3bf5ec40,fix,2022-07-28T06:11:42+00:00
vitejs/vite,156a3a43ebcf77425f20ee0d72bcb2e4b59365ed,fix,2022-07-29T07:52:53+00:00
vitejs/vite,a2b24eea4a43a39bc4104335d21f2ec5353d6a13,fix,2022-07-29T08:22:16+00:00
vitejs/vite,4032cef70426117a2300ceef57646d41f18b9cfd,docs,2022-07-31T06:50:44+00:00
vitejs/vite,5169c511127ab0a2de89b71941459c70dbe09dd9,docs,2022-07-31T12:52:44+00:00
vitejs/vite,c5e789512a78f903c11f3029186fc90b124e48b4,fix,2022-08-01T05:06:03+00:00
vitejs/vite,89dd31cfe228caee358f4032b31fdf943599c842,docs,2022-08-05T04:48:32+00:00
vitejs/vite,d35a1e2b828dfe2ef89bd235b3594b797d9ee7a1,fix,2022-08-08T12:15:05+00:00
vitejs/vite,65cf7fb70da2cd164bbea4bcc947f07eb2487b13,docs,2022-08-08T13:51:15+00:00
vitejs/vite,1f11a70f29de0ca9a88234b4548b73df7e57bc9f,fix,2022-08-08T13:58:12+00:00
vitejs/vite,27a20a5fd07c352c2f56b9f1e7a9955f349f0d2f,docs,2022-08-08T19:34:47+00:00
vitejs/vite,2e309d6dfe742356f434e628f09d9ef8f8c554ef,fix,2022-08-08T20:46:31+00:00
vitejs/vite,2042b91d7c8125ce39e2f140bbf06032272ee072,refactor,2022-08-09T03:58:11+00:00
vitejs/vite,ff89df5200de2d2a06474353b5b34e04249ad9d3,fix,2022-08-09T09:15:12+00:00
vitejs/vite,e45d95f864c76a00408b5f7d7e49a7503d78400f,fix,2022-08-10T13:32:50+00:00
vitejs/vite,ac16abda0a3f96daa61507bda666ade5867ec909,fix,2022-08-11T17:10:51+00:00
vitejs/vite,73ad70711729618388dec1349062ca452f6a6e0e,fix,2022-08-12T05:07:34+00:00
vitejs/vite,07fe65e33a014e54ce331fb5192aa7c7585eebfa,feat,2022-08-13T12:09:08+00:00
vitejs/vite,1478a2f347daac062c64799593e88fc01f1c0f7d,fix,2022-08-15T07:23:22+00:00
vitejs/vite,e396d6724b4b79c2a0791991e90da5a6407fe682,fix,2022-08-16T12:37:56+00:00
vitejs/vite,15ff3a243de82dba693948fbad3721f6995834b3,docs,2022-08-16T16:08:29+00:00
vitejs/vite,3bffd14695b8d466a3c0ebb7196a73e4eb269299,fix,2022-08-16T16:20:45+00:00
vitejs/vite,c6870f37161f479b4306826e1e4d8e42ed01d6a8,fix,2022-08-16T19:13:37+00:00
vitejs/vite,05712323b292492e9161a6ff7b20bfce43097dfb,docs,2022-08-17T10:09:12+00:00
vitejs/vite,21515f167b2adf3a1574a13fd1f9e5dbae06c314,fix,2022-08-18T11:56:17+00:00
vitejs/vite,7ba0c9f60e147a0039d2607a10c55e4feecd4bee,refactor,2022-08-19T12:58:12+00:00
vitejs/vite,246a087c45133f993aab58166579b68fdde1db13,refactor,2022-08-20T17:39:57+00:00
vitejs/vite,757a92f1c7c4fa961ed963edd245df77382dfde6,feat,2022-08-22T09:51:13+00:00
vitejs/vite,1ee0364c769daf069dcef829b1957714b99a0ef6,fix,2022-08-25T11:14:54+00:00
vitejs/vite,1673f3daa0147b2afa546648ec913837402fec21,feat,2022-08-26T14:20:43+00:00
vitejs/vite,c3f6731bafeadd310efa4325cb8dcc639636fe48,feat,2022-08-26T16:53:35+00:00
vitejs/vite,e7712ffb68b24fc6eafb9359548cf92c15a156c1,fix,2022-08-27T14:24:11+00:00
vitejs/vite,2d2f2e590eeeef502042a14ea9fe00627d92d256,fix,2022-08-29T11:15:58+00:00
vitejs/vite,632fedf87fbcb81b2400571886faf8a8b92376e4,feat,2022-08-30T20:53:03+00:00
vitejs/vite,9ac5075825212e5f4f3b262225ff4a3e46b8e8d1,fix,2022-08-30T21:28:47+00:00
vitejs/vite,7b618f09a181956f4cc31774a453bdef76742943,fix,2022-09-02T08:25:38+00:00
vitejs/vite,85fa2c89f35ecdda4ec5ed52ea50110337d98822,refactor,2022-09-03T20:32:49+00:00
vitejs/vite,aebfd9c3c5e83557b3da0f320170edee12e52ec3,docs,2022-09-18T07:57:47+00:00
vitejs/vite,c948e7d7fc5ad62262b24f89694e2b95a573a16d,fix,2022-09-19T10:19:37+00:00
vitejs/vite,42ecf3759e20529f32433142eab02f84943d0bac,feat,2022-09-22T09:05:29+00:00
vitejs/vite,6c7b83434fff9a25c7f249b8f9f755d2b4e2bd6b,fix,2022-09-22T09:10:42+00:00
vitejs/vite,43b7b78b1834a4c7128d8a5d987f66a4defcbd93,fix,2022-09-23T07:25:47+00:00
vitejs/vite,533d13c27a44b26890956c25944970d47e123bae,fix,2022-09-23T09:54:44+00:00
vitejs/vite,ea09fde047bbe01266cc046528db604bf1b75c30,feat,2022-09-23T14:05:23+00:00
vitejs/vite,a32777f899b1670a867f7e1bfd627a72432a527e,fix,2022-09-23T15:30:29+00:00
vitejs/vite,da632bf36f561c0fc4031830721a7d4d86135efb,refactor,2022-09-24T11:52:06+00:00
vitejs/vite,9acb8391574350389e60b6639db29e042dfc9a67,docs,2022-09-25T12:39:09+00:00
vitejs/vite,fe4dc8d3fae2eb6344b9b48794d01ad25c46a321,feat,2022-09-28T15:29:28+00:00
vitejs/vite,931d69b4d3cfebe641b93867191a7d411593f554,feat,2022-09-29T15:56:25+00:00
vitejs/vite,65a0fad209821b2f8cd6f1cbabe5fe72f27e9b17,feat,2022-09-30T15:31:21+00:00
vitejs/vite,ec1f3ae55fd5b01084a5ba191fd500648e5fb9c8,fix,2022-10-03T07:02:51+00:00
vitejs/vite,7c4accb8dec3204948d7b73e5386e789661f9198,fix,2022-10-03T09:14:17+00:00
vitejs/vite,65dd88b8e3fafcfdc141074a08f468559cfaaefb,fix,2022-10-05T07:43:06+00:00
vitejs/vite,e976b065628ca451cd07bf5472427462d64bc56c,fix,2022-10-05T09:24:32+00:00
vitejs/vite,cc1c8298d431a438c0f1b7b036ab9f333ed5ff74,fix,2022-10-05T11:57:30+00:00
vitejs/vite,c48bda56a3ef3ee737270dfa6421bec92d71e10a,docs,2022-10-06T05:40:51+00:00
vitejs/vite,834a3821d8511ab7d19ed0e231a8b1580c271fa7,docs,2022-10-08T13:17:48+00:00
vitejs/vite,832801153ef54859127cef95ae48fc75a4d31c76,feat,2022-10-14T09:02:34+00:00
vitejs/vite,29292af23fd7bc498056a7c048cac9b3bca3303d,fix,2022-10-15T11:17:21+00:00
vitejs/vite,d806c4a571c934909db2bd80cebdc347457a6793,feat,2022-10-20T11:57:30+00:00
vitejs/vite,ee7c28a46a6563d54b828af42570c55f16b15d2c,fix,2022-10-25T12:04:21+00:00
vitejs/vite,15b90b389030fa01e18292a272409f0309f089ac,feat,2022-10-26T09:32:42+00:00
vitejs/vite,177b427b1b0c72b06bddd860d14ff119cb22431f,feat,2022-10-26T09:35:49+00:00
vitejs/vite,1128b4dcc95bd02ab91f743b8a09265f44323cca,fix,2022-10-28T06:55:34+00:00
vitejs/vite,f937ccc2153b57a031bbe0d3a4a74a1fa161e528,docs,2022-10-29T08:38:37+00:00
vitejs/vite,aacf6a436c10cdba4aae58a74af1f98c8e96d914,fix,2022-10-30T14:19:22+00:00
vitejs/vite,e8eb67a6aed1408d43cc5c9176b3f697c0153f94,fix,2022-10-30T15:17:53+00:00
vitejs/vite,57916a476924541dd7136065ceee37ae033ca78c,fix,2022-11-04T05:43:19+00:00
vitejs/vite,beb716695d5dd11fd9f3d7350c1c807dfa37a216,feat,2022-11-07T08:35:36+00:00
vitejs/vite,f686afa6d3bc0f501b936dcbc2c4552c865fa3f9,fix,2022-11-07T09:06:30+00:00
vitejs/vite,52e64eb43287d241f3fd547c332e16bd9e301e95,fix,2022-11-07T11:11:22+00:00
vitejs/vite,333bacbcf412b3c2395626e19a02195393809382,feat,2022-11-08T09:17:41+00:00
vitejs/vite,ff3eacfdf562d12f3f871653e05f34a7821c8894,docs,2022-11-08T13:43:13+00:00
vitejs/vite,f677b6213e50e6915e4fc52ab2d8b11369104046,feat,2022-11-08T14:07:29+00:00
vitejs/vite,828eecaf2862ab95792841ffe4e4b48797fc4683,docs,2022-11-12T07:15:07+00:00
vitejs/vite,7ac2535cfc1eb276237a66f9776f9cda3db1148a,fix,2022-11-12T07:27:07+00:00
vitejs/vite,c1368c34e5e1e472df36449c9ee5c72072aa64f5,feat,2022-11-12T19:23:34+00:00
vitejs/vite,a3090586a7d621a7d1adc448a87d1b99ae7bbe14,refactor,2022-11-13T07:58:37+00:00
vitejs/vite,feb9b107960f8785b8e302b01ade29de8957d9cf,fix,2022-11-13T08:48:45+00:00
vitejs/vite,78c77beb5bf6112588581c0cbb47bc4d3bfed681,refactor,2022-11-13T16:13:45+00:00
vitejs/vite,cc2adb39254d6de139bc3dfad976430c03250b27,feat,2022-11-17T10:35:50+00:00
vitejs/vite,0d734732dac890cf0c6c784510059f66005a64b0,feat,2022-11-17T21:53:06+00:00
vitejs/vite,b57acfa6112755f66dea7b920efe96f207eab71b,feat,2022-11-22T09:01:28+00:00
vitejs/vite,3fa96f6a7dac361773c6050cc63db5644207b6ef,fix,2022-11-22T12:48:20+00:00
vitejs/vite,7d24b5f56697f6ec6e6facbe8601d3f993b764c8,feat,2022-11-22T19:46:07+00:00
vitejs/vite,7b7206951fb93ea7e2555c0bb152be8c85220f30,fix,2022-11-24T15:43:43+00:00
vitejs/vite,793255d0ba60cd8638ddcd36743d2edd217f0ebe,fix,2022-11-25T06:54:52+00:00
vitejs/vite,e5a2e80b8a0d4f6c5a32b12099622056ec98ebbb,docs,2022-11-25T15:41:05+00:00
vitejs/vite,9d0b9d834bd4fe0b16d18eeb7af10742c278673b,fix,2022-11-25T15:53:50+00:00
vitejs/vite,4fb7ad0e133311b55016698ece01fad9fb59ce11,feat,2022-11-25T18:57:22+00:00
vitejs/vite,d76db0cae645beaecd970d95b4819158c5dd568a,docs,2022-11-27T12:33:50+00:00
vitejs/vite,073a4bfe2642a4dda2183a9dfecac864524893e1,fix,2022-11-28T12:12:45+00:00
vitejs/vite,3cc65d701d11994cb5594b223e23f5d1e549305a,feat,2022-11-28T20:57:06+00:00
vitejs/vite,e92d025cedabb477687d6a352ee8c9b7d529f623,fix,2022-11-29T09:03:06+00:00
vitejs/vite,4c85c0a4e1abdddd57887726eb8dda1efff934e9,fix,2022-11-29T21:50:53+00:00
vitejs/vite,1ec017670f0f756c86485739fb14ed2e57bf2193,fix,2022-11-30T04:46:27+00:00
vitejs/vite,1db52bfbe87219fd045b96921766336c2528f429,feat,2022-11-30T06:49:58+00:00
vitejs/vite,97f8b4df3c9eb817ab2669e5c10b700802eec900,fix,2022-11-30T07:05:35+00:00
vitejs/vite,606e60d591646dfd9d8bf123e1dbf91891c1854a,feat,2022-11-30T09:07:51+00:00
vitejs/vite,c9274b4184528f1cfb250f9928a4d5bdbb25bb10,fix,2022-12-03T12:43:52+00:00
vitejs/vite,65bcccfe9fa2f637962f6fc595375fbca3409adb,fix,2022-12-04T09:51:18+00:00
vitejs/vite,f1b891fcb9a76f8a2018fa82f3c886036ceb6d78,docs,2022-12-06T16:50:00+00:00
vitejs/vite,d4a1e2b65b67c54ce21b094ac8ae914fd3269031,fix,2022-12-06T19:37:38+00:00
vitejs/vite,5aaecb66049e514d6a428491b2de1142e5ddf7c6,fix,2022-12-07T07:43:56+00:00
vitejs/vite,735b98bcd092c89cafeb6af40e10855426b181db,feat,2022-12-07T07:44:26+00:00
vitejs/vite,a55d0b34400e3360c4100d05e422ae9cf10fa07b,fix,2022-12-07T10:12:05+00:00
vitejs/vite,962e5932bfdf338753ee2319166561228da38dcd,docs,2022-12-08T11:42:03+00:00
vitejs/vite,feb8ce05bf2c07f9ea1c6facc75248d2c0e995b8,fix,2022-12-08T15:26:07+00:00
vitejs/vite,b3b9ac511f550d4635489f0609cd6efdde1f79b3,fix,2022-12-09T13:05:27+00:00
vitejs/vite,897f69f9b6fd3726a93c35a3a57c8cab8379711f,docs,2022-12-09T14:40:27+00:00
vitejs/vite,8241758dc71515235a2799bdfda2b2906cd43ab9,docs,2022-12-09T21:56:48+00:00
vitejs/vite,42976d85afff0506f56fb3faf7d729ad186bbec4,fix,2022-12-11T07:33:30+00:00
vitejs/vite,8c0bb7b77ba4ff3680d8c6d8675f7d8d4a7b2b08,feat,2022-12-12T06:26:01+00:00
vitejs/vite,d0a9281ea3eb257f65e49071739228dabde32982,fix,2022-12-12T15:12:01+00:00
vitejs/vite,cfedf9c3ad32035939743b58561cba507659e98f,fix,2022-12-12T15:15:53+00:00
vitejs/vite,8856c2e42de86d27122a34c3e2dbed4d351b4e24,fix,2022-12-12T17:29:41+00:00
vitejs/vite,8820f75cc38c5cd47806bd1c118c4ed7e8d8bee6,fix,2022-12-14T05:43:26+00:00
vitejs/vite,44fb01ab5df1a0a34038839c6e87dabc9a0132b6,docs,2022-12-14T13:18:08+00:00
vitejs/vite,20593197e88ab59d7c0aec18fd76e08dd155906f,docs,2022-12-17T10:57:57+00:00
vitejs/vite,b4ced0f90ec17bc3772f3297ef5cd2b61769a37a,fix,2022-12-17T11:00:03+00:00
vitejs/vite,274d1f344ae68758da6ad029eef3c06c9f79228d,fix,2022-12-17T14:09:16+00:00
vitejs/vite,2f5b9b39d4c7acf8e8b2c716202c990e34b0cce5,docs,2022-12-19T05:12:06+00:00
vitejs/vite,718fc1d087745efe227cc20817756e0129b330f1,fix,2023-01-02T17:17:34+00:00
vitejs/vite,1b043f9865c1012480478fc09cc6e35b03329031,fix,2023-01-03T10:11:39+00:00
vitejs/vite,b89ddd6ecd04244c71a73acfc9a2573cd0e04b13,fix,2023-01-04T16:00:52+00:00
vitejs/vite,1ae018f1dba6756c644722092f78511e94797cdf,feat,2023-01-04T16:09:54+00:00
vitejs/vite,58314d2f0507bd5aa5eba12cb3492aae6876e81a,docs,2023-01-16T05:19:43+00:00
vitejs/vite,a65d31bbdfca43f76cf0e6212fef7841af8f148d,fix,2023-01-16T13:14:22+00:00
vitejs/vite,b1a8e5856db91df264a7d1e40bf847dde5eb0981,refactor,2023-01-18T17:07:14+00:00
vitejs/vite,568bdabffe793ea8db03b35667f117a1207f4fbe,fix,2023-01-25T16:47:19+00:00
vitejs/vite,fb77411f3a52bdb3296b13d0b35d30bd92749174,fix,2023-01-26T09:27:16+00:00
vitejs/vite,49203a7c4c9a9a61bf9c426a0397873a7ac6cb59,docs,2023-01-26T11:06:01+00:00
vitejs/vite,128f09eb0100e80f566e33ca8c55bcd0896d4e38,fix,2023-01-27T12:30:52+00:00
vitejs/vite,356ddfe2e534800c1fd59fa502a2c4c8945f4f92,fix,2023-01-30T09:36:20+00:00
vitejs/vite,c120afc174d937edd7189cf945f4bdcc6f5f8aad,docs,2023-02-01T08:47:02+00:00
vitejs/vite,63bd261e8a763b6e108c53b0e77907ec44eb4de5,fix,2023-02-01T09:51:15+00:00
vitejs/vite,6f9fa83712dc9387ac254738008d68274a2ebc4e,docs,2023-02-01T10:01:16+00:00
vitejs/vite,758fc6c0b5b7e98e73007172abe3d6b28b24a4be,fix,2023-02-01T13:04:15+00:00
vitejs/vite,55b971139557f65f249f5385b580fa45946cb1d3,feat,2023-02-02T09:02:30+00:00
vitejs/vite,5364c901dca31d4a16dac288bcb55305949d10ae,docs,2023-02-11T21:48:09+00:00
vitejs/vite,e033e492d491d25790baf475023a828eda6d4d9a,fix,2023-02-13T22:16:31+00:00
vitejs/vite,18fa8f028bff5df67807b6373081fb02b005f5c5,fix,2023-02-14T09:46:22+00:00
vitejs/vite,301f16041cd0ff65fd59948fa9ba82ebe593863a,docs,2023-02-15T13:29:33+00:00
vitejs/vite,b2f2a267f485fee6739a91ee28276843a09dd543,docs,2023-02-15T13:54:54+00:00
vitejs/vite,0a50c59fbc23f43060fca063e0aeee1587fae41b,fix,2023-02-16T09:20:31+00:00
vitejs/vite,f2a5fccb8cfdd4a8afd54959b5aa54c7958de179,docs,2023-02-16T15:17:14+00:00
vitejs/vite,86bc243f7e309e255a073d26b438bacaa59e1948,fix,2023-02-17T20:41:41+00:00
vitejs/vite,aab4f130dba2c78206f48367f210650a948e1be7,docs,2023-02-18T10:52:12+00:00
vitejs/vite,70729c00a5e846643b163ea7c703332894c70af0,feat,2023-02-18T11:21:15+00:00
vitejs/vite,a0702a1e5e923112abda431770aea41146bdc451,feat,2023-02-18T12:08:56+00:00
vitejs/vite,6c5011947e34c44586b70f6fdc1703abe2989b93,fix,2023-02-19T20:21:23+00:00
vitejs/vite,0e215f63c8565987ba8d27034c154b46a476889b,fix,2023-02-20T06:53:32+00:00
vitejs/vite,439a73f3222987896f556b64628bdbcb5d9454c3,docs,2023-02-21T08:26:13+00:00
vitejs/vite,ede8bac27eab3e1ff1f673cec86cf5bf91f576c6,docs,2023-02-21T19:11:13+00:00
vitejs/vite,2c93e0b185db6f879dc41eae1aec4e3e38a3f70d,fix,2023-02-22T04:10:06+00:00
vitejs/vite,1a6a0c2c2c1ac9584d928ea61a65dfb5f5360740,refactor,2023-02-22T08:06:11+00:00
vitejs/vite,9d42f06af7403599402dab797b51d68a07b5ff2e,feat,2023-02-22T08:10:13+00:00
vitejs/vite,48150f2ea4d7ff8e3b67f15239ae05f5be317436,fix,2023-02-23T12:28:48+00:00
vitejs/vite,8f57a18c0cf14f64bf6cb7441b0341e4ac6d74ed,docs,2023-02-24T08:57:40+00:00
vitejs/vite,b8cdc920a993fd67d9e97a2576896cc4351a1a83,docs,2023-02-25T09:25:43+00:00
vitejs/vite,20636489ab67337dddc9421524424cefb62a1299,fix,2023-02-25T10:46:51+00:00
vitejs/vite,8a98aef89c2d170e063aab34b24dc49c37dc9e46,feat,2023-02-25T15:28:50+00:00
vitejs/vite,bcbc58201339a9ea5856327c2e697762d7b14449,fix,2023-02-27T08:39:56+00:00
vitejs/vite,f6fdc56acd69075bf8a88ad29151c106d22e2ebf,refactor,2023-02-28T14:56:51+00:00
vitejs/vite,b93297e00c3fd04f0a6847c76405e77b89819117,docs,2023-03-01T15:38:28+00:00
vitejs/vite,fbbf8fe13627b2a44dc201ab89649fe56eed0c7a,fix,2023-03-01T15:41:22+00:00
vitejs/vite,9885f6f113667c1e161dee5f30af1e91aeefa62f,feat,2023-03-01T15:52:25+00:00
vitejs/vite,209c3bd0b751c78b8c89234b77b2625a5cc7e7f9,fix,2023-03-01T18:18:05+00:00
vitejs/vite,38ce81ceb86d42c27ec39eefa8091f47f6f25967,fix,2023-03-02T12:32:55+00:00
vitejs/vite,cc92da906da5b8656c42a5605d8c499b14e516d9,feat,2023-03-06T15:47:39+00:00
vitejs/vite,ab6ae073e4feabeb78cec8b56af527d42b79415e,fix,2023-03-06T18:49:19+00:00
vitejs/vite,ce18eba39f8243a1652dcae4d157540815f105ab,fix,2023-03-07T11:58:14+00:00
vitejs/vite,4f2c49f8861838715388fc88117af86faff57340,feat,2023-03-07T13:07:37+00:00
vitejs/vite,7e2fff774bb76e72794a76b66218d6eec397f870,fix,2023-03-07T16:15:06+00:00
vitejs/vite,dd7a2f160660c2f8e6c33b7626259f1924773c65,docs,2023-03-07T17:17:34+00:00
vitejs/vite,86a24e42dab93f456bb73316d5f34ce79f4e8683,fix,2023-03-10T10:03:09+00:00
vitejs/vite,d23605d01449706988be2eb77f2654238778fca8,fix,2023-03-15T15:43:04+00:00
vitejs/vite,c4aa28fbcc479b2f18879a3f09a37a5d5f3a6c13,fix,2023-03-16T17:24:45+00:00
vitejs/vite,37650678d781c2678a32e0e7d59d078cc4a155e5,fix,2023-03-21T05:46:16+00:00
vitejs/vite,3e60b778b0ed178a83f674031f5edb123e6c123c,fix,2023-03-21T06:43:25+00:00
vitejs/vite,45b5b0fad7e043256b13d19af6b3fd270a37f557,refactor,2023-03-21T06:44:01+00:00
vitejs/vite,2fb8527c3bca7e42408f49d7ee7364416cab4a7a,fix,2023-03-21T08:13:04+00:00
vitejs/vite,2b2ba61f96153cb9a3ac2960ed9298851007590f,fix,2023-03-21T09:00:10+00:00
vitejs/vite,46d1352baf8b79237100c45ac2281d087e1e48e3,fix,2023-03-22T10:07:07+00:00
vitejs/vite,04d14af316ad05c403cb9adf0acccae789b898e8,fix,2023-03-22T19:02:50+00:00
vitejs/vite,03502c8eb1457d63fffb1c4bc9e72d5e1f953cd2,feat,2023-03-23T17:10:42+00:00
vitejs/vite,c20a064a9e49d4e6df985d8d8602935284632782,fix,2023-03-24T13:17:44+00:00
vitejs/vite,a326ec802a26f32d6016af3f7526b89c75de40ba,refactor,2023-03-24T13:25:41+00:00
vitejs/vite,02a46d7ceab71ebf7ba723372ba37012b7f9ccaf,fix,2023-03-24T15:24:05+00:00
vitejs/vite,92601db41d3cde34cbe06cca20c6ee915e5d7e77,refactor,2023-03-25T09:55:25+00:00
vitejs/vite,4215e22696dfec4e030749a1ad001777bf4dc2bb,refactor,2023-03-26T13:18:21+00:00
vitejs/vite,0f9ad6896ae93f79cc7ef6fbb2fd56047d719245,docs,2023-03-27T14:15:31+00:00
vitejs/vite,4f0af3f30a614684f1f1feb0d6b2c4e687902f80,fix,2023-03-29T10:12:49+00:00
vitejs/vite,d0516398b4d4ac6bc72a44e530d057a0ea123edf,fix,2023-03-29T19:29:49+00:00
vitejs/vite,8582e2dcfbfa3cd6bf72a305adcba40bbe8d0570,feat,2023-03-30T06:13:26+00:00
vitejs/vite,49674b54fac4378faec8580b0a13e29e21d7900d,fix,2023-03-30T20:11:55+00:00
vitejs/vite,050c0f9661231737797290c1c1faa761d98e00f3,fix,2023-03-31T20:56:40+00:00
vitejs/vite,56802b1a0b6e39cbc4cca683539631fc1132c9a6,fix,2023-04-02T12:21:16+00:00
vitejs/vite,2d30ae5a008c755f9220dd9ef57ec6e39dec4dc5,fix,2023-04-03T11:58:33+00:00
vitejs/vite,3f4d109ea4ca03c6506b7561c0520e45d8eacf42,fix,2023-04-03T15:09:53+00:00
vitejs/vite,0646754bea54efd584978d1a911038167ee45071,refactor,2023-04-04T13:25:53+00:00
vitejs/vite,3a41bd8dbd0d5fcaddde71a6f20dae7e6ce5ef16,feat,2023-04-05T07:55:20+00:00
vitejs/vite,1ea38e21c37cf8021940bd4554cc981ccfdcdf25,refactor,2023-04-05T08:38:16+00:00
vitejs/vite,44ad3219550cc3cd58fd18c4f0ba937129707cdb,fix,2023-04-07T12:37:43+00:00
vitejs/vite,f09551f18d56771a5e539ac15cf41bcb413dfc31,fix,2023-04-07T17:36:09+00:00
vitejs/vite,a2b7a51eb09acf794b3696e448eb4839ef80a3c9,docs,2023-04-08T08:13:50+00:00
vitejs/vite,ea5f6fcd06064bf80fc6b2e8b31bb507be242b73,fix,2023-04-09T06:26:59+00:00
vitejs/vite,d03732702e82ebdc96bb9d74469d1bbef4c10a0c,fix,2023-04-10T16:52:52+00:00
vitejs/vite,23b59790cf5e047810bb36b90fad44de1116d4eb,docs,2023-04-11T04:56:52+00:00
vitejs/vite,883053282ff1d21d1cfeb14357df238cae8d6468,fix,2023-04-11T14:38:43+00:00
vitejs/vite,cfe75ee4565350b4a3af21b5fd9598f1fc7b2366,fix,2023-04-11T15:48:05+00:00
vitejs/vite,5136b9b0c121d2c05bf0972bb371ffd4a2f1211f,fix,2023-04-13T09:01:19+00:00
vitejs/vite,fa3087933d713929c0c0c55528cb65213e779f9f,fix,2023-04-14T15:21:33+00:00
vitejs/vite,151099628310d27c0b526b31ba74b8b258fb59b5,fix,2023-04-15T18:24:59+00:00
vitejs/vite,62ebe28d4023c1f67578b1977edd3371f44f475a,refactor,2023-04-18T11:45:47+00:00
vitejs/vite,a0e10d5bc8b7ac6f27bd006a5cb65a56538fcede,fix,2023-04-19T06:00:09+00:00
vitejs/vite,ef89ca676e4ab5b98de190f782009d3f644d55f1,docs,2023-04-19T09:01:15+00:00
vitejs/vite,251d0ab84b533ae55171616119f371a503be54c1,fix,2023-04-19T14:28:54+00:00
vitejs/vite,d84460a5fcc553d71ce1d4962d22ab53419d2b10,feat,2023-04-20T07:56:12+00:00
vitejs/vite,c186815e38f1e0f9fb8195456eb41ffec07d3c80,fix,2023-04-20T07:56:26+00:00
vitejs/vite,f29c582592e854835a4361763a004ac2f28a053a,docs,2023-04-20T11:52:46+00:00
vitejs/vite,6a144636d0653c9bd94b06df1b63e418d9015e3f,docs,2023-04-20T13:55:29+00:00
vitejs/vite,ad21ec35de8b6745e30f6982a0e29a1cf97d55c8,refactor,2023-04-21T18:45:32+00:00
vitejs/vite,965839c70e3057d8d1ad8597bdcad1509574f0ed,fix,2023-04-24T09:59:41+00:00
vitejs/vite,7a87ff4b0950012ad0d85b05fe36b17e1ee2ee76,feat,2023-04-25T12:51:37+00:00
vitejs/vite,ad1ae3ed6a32baf5d56823f8004555c68d3ad405,docs,2023-04-26T05:16:25+00:00
vitejs/vite,2f8502fd64071af669d5871ea3f0d5edb86f9690,fix,2023-04-27T10:35:44+00:00
vitejs/vite,d53c650a69aeb43efd99b210ccc3a5606f2fc31b,fix,2023-05-02T12:17:14+00:00
vitejs/vite,8a8ea1d3aed9db67da47e610d3c66b831815f898,fix,2023-05-04T06:55:17+00:00
vitejs/vite,8a37de604f18b5053be717e232e2b1353addf8d0,fix,2023-05-05T09:59:06+00:00
vitejs/vite,adf61d912296c4cda9f65dd0d5e62a3538f94b6e,fix,2023-05-13T16:43:33+00:00
vitejs/vite,0fd46165b5b09c4ad6dcada5614ea6950cf5916d,fix,2023-05-16T13:51:52+00:00
vitejs/vite,13fc345e8a848c06b3a991c4d2ca8222affc98a4,fix,2023-05-17T10:27:38+00:00
vitejs/vite,3609e79dc1416073dc4775bb2fcf6a7398f169b3,fix,2023-05-17T13:15:58+00:00
vitejs/vite,e444375d34db1e1902f06ab223e51d2d63cd10de,fix,2023-05-22T09:21:03+00:00
vitejs/vite,57d3023ec69fe617d884ce0e0fc13d6cba00330d,docs,2023-05-24T07:14:26+00:00
vitejs/vite,32c5a9a618b625c707703ede05215e499ee1744b,docs,2023-05-24T07:21:38+00:00
vitejs/vite,813ddd6155c3d54801e264ba832d8347f6f66b32,fix,2023-05-26T10:17:52+00:00
vitejs/vite,d9702c40e74720601f5ea51bd2fbd6048ecf11ad,docs,2023-05-27T09:03:21+00:00
vitejs/vite,bf0cd25adb3b8bb5d53433ba9323d0a95e9f756a,docs,2023-06-01T09:46:49+00:00
vitejs/vite,471fba2d1cf647a0bea747739d4d90def60e83ce,fix,2023-06-03T15:28:40+00:00
vitejs/vite,728d09056389e80ecbeadf3dccd4acf1c7063b40,docs,2023-06-05T13:47:56+00:00
vitejs/vite,b93242e60351048f4faf54560ca6a7b97b2e7aca,docs,2023-06-05T14:35:15+00:00
vitejs/vite,1e299cc4b2e62a138e69d80973dfd1aed4ed6b30,refactor,2023-06-05T16:08:10+00:00
vitejs/vite,e355c9ccc5734288bfcc980f45852d2c7a723eee,feat,2023-06-06T13:29:05+00:00
vitejs/vite,b9a6ba044f5f551c9d7966802caa1bec714eedb3,feat,2023-06-06T14:04:50+00:00
vitejs/vite,17511e03c2d4d3ad8191101d1cf04c4fe5c78e8c,docs,2023-06-06T16:39:05+00:00
vitejs/vite,367920b6c75fa4a99fa6eaa40dd97ac5038843d3,fix,2023-06-07T08:28:57+00:00
vitejs/vite,d814d6c56765696f766b32b5fce604acf715bf3c,fix,2023-06-07T10:15:23+00:00
vitejs/vite,04643987f6c6a9bdfd1555f39afd6423790da027,fix,2023-06-08T13:39:35+00:00
vitejs/vite,ea1bcc970145c926877322b5eb28b546bce308a1,fix,2023-06-11T15:03:35+00:00
vitejs/vite,2aab45507937ca30d6566640d29ee88f0ffe1eca,docs,2023-06-11T15:04:36+00:00
vitejs/vite,dc597bd913bad167e9f8398e4fb506131e96cadd,fix,2023-06-12T09:57:04+00:00
vitejs/vite,6a87c65262388a918fa6fcdd55afb2d7352757d4,fix,2023-06-13T15:01:08+00:00
vitejs/vite,9e1086b55b89f8264a08b82a572a731ad6921e27,fix,2023-06-13T20:03:52+00:00
vitejs/vite,1fd9919c9a483717bbabb1ea11eec2eb6caa9284,fix,2023-06-14T12:43:48+00:00
vitejs/vite,ab967c097565f47003a4df32a57ae142857e890b,feat,2023-06-19T10:43:14+00:00
vitejs/vite,a376a438a0d243682217ed41468b3a1d78df7f42,docs,2023-06-21T06:42:41+00:00
vitejs/vite,e0a48c56a412bc843d5e72f413350438cd912943,fix,2023-06-21T11:33:26+00:00
vitejs/vite,c5b2c8f4fdde9039993c00a8b30abe5e07a8b06a,fix,2023-06-26T07:54:17+00:00
vitejs/vite,92e5c5df22cdb37e17d39660a1c1d6e96ec81855,docs,2023-06-26T11:10:13+00:00
vitejs/vite,6fe14911deac34f5874687705a46deb9caf1cb10,feat,2023-06-29T21:40:53+00:00
vitejs/vite,8517645b57cd19ec0845abd9e89d97fc0b2325af,fix,2023-07-03T14:06:23+00:00
vitejs/vite,6f1c55e7d694dd26f9eca30239faeb5a59c41486,fix,2023-07-03T14:06:55+00:00
vitejs/vite,02c6bc38645ce18f9e1c8a71421fb8aad7081688,fix,2023-07-04T10:03:18+00:00
vitejs/vite,931b24f5eac4b9b5422a235782ca13baa9a99563,feat,2023-07-04T10:45:18+00:00
vitejs/vite,9310b3a52fb2a7d299a9cc6f43d88492d67e743a,fix,2023-07-06T05:33:26+00:00
vitejs/vite,f589ac09098617c9c46bd1fe6e1e42696734ce68,fix,2023-07-06T15:35:45+00:00
vitejs/vite,8ead11648514ae4975bf4328d6e15bd4dd42e45e,fix,2023-07-11T13:44:18+00:00
vitejs/vite,fd1b7315852616a00156f79b413c0f2a0029e51b,docs,2023-07-13T06:29:07+00:00
vitejs/vite,49a1b997751523d9ae095a67d6d84d7deaeb8a3c,fix,2023-07-14T14:45:11+00:00
vitejs/vite,8a2a3e1e7f500a6c803187c965e49fe6cc5478b6,docs,2023-07-14T14:52:09+00:00
vitejs/vite,4eb31542ab8f5ed7d3a891f9f7009e2e12ff5350,fix,2023-07-17T10:33:36+00:00
vitejs/vite,6dca41c3185658d8b42300d061ecc9c73a7ff902,fix,2023-07-17T13:40:56+00:00
vitejs/vite,049404c2ba5cbf0292d23552d4e292cf33798d16,fix,2023-07-21T07:24:40+00:00
vitejs/vite,51c271f2bd97ce408e82952045ed516596176596,fix,2023-07-21T07:31:53+00:00
vitejs/vite,0fb2340a6024e6eaf1ae18263b502c1c4e4d6435,fix,2023-07-21T08:00:17+00:00
vitejs/vite,06e4f57724f947b584dad68fdd446989bdc76aa0,fix,2023-07-22T10:26:27+00:00
vitejs/vite,4848e413a1db81957e2e4a263d1bd0c5a733ac56,fix,2023-07-24T08:01:14+00:00
vitejs/vite,6b5609424c92e1891f79e2ca8116e06967bd6ae0,fix,2023-07-24T12:55:08+00:00
vitejs/vite,6251a666555a42ae518e76af6011e9cb091e3028,fix,2023-07-25T13:55:27+00:00
vitejs/vite,df7799181c9e65a1557ca6ae7275962f00afd09d,fix,2023-07-25T18:56:16+00:00
vitejs/vite,24c12fef604438826d76f49c244ae8e76574b929,refactor,2023-07-27T06:48:28+00:00
vitejs/vite,65e5c229a362dd8cbb28393f6410e950dacaa04b,fix,2023-07-31T08:26:38+00:00
vitejs/vite,490dad8feb8fbe3fb0031ef6707d05638867aee0,feat,2023-08-09T09:34:04+00:00
vitejs/vite,835249d7351242308dde429003764656a15a6b6e,refactor,2023-08-10T12:58:33+00:00
vitejs/vite,9322f1b00b85bdd704930415494a5bff29b52fac,docs,2023-08-11T06:16:54+00:00
vitejs/vite,77175099489ffbabefb9d98d448c782ced2986b5,docs,2023-08-11T15:40:33+00:00
vitejs/vite,d36d6fb91d50b338f689e6c554e3896b3d739390,docs,2023-08-11T18:53:26+00:00
vitejs/vite,72d5d4d83310a7128daf3cf670659d20dd0c7941,docs,2023-08-16T14:41:09+00:00
vitejs/vite,094b7324827940ee02c8e4a9ccae5e25c236eecd,docs,2023-08-18T15:40:24+00:00
vitejs/vite,387a6e875a77d9c2e515c1b56d9172493916d64d,fix,2023-08-18T16:10:44+00:00
vitejs/vite,fd9a2ccdf2e78616ff3c937538111dbe1586f537,feat,2023-08-19T16:23:21+00:00
vitejs/vite,220a413ae12d32fe0bb656532b95c7d3c6e2b783,docs,2023-08-23T06:56:10+00:00
vitejs/vite,a57f388f53bdcbcacd7585724b43953c32e6806e,docs,2023-08-29T13:20:03+00:00
vitejs/vite,4d3cdd1b316950885d3edd210d7777cf71b347ce,docs,2023-09-03T18:15:10+00:00
vitejs/vite,6f86de356985b2604eb757897e039520195dcc23,fix,2023-09-03T18:23:34+00:00
vitejs/vite,34c7cb4e9f6a5c3876645ccf82441ce440c9001e,docs,2023-09-03T18:26:24+00:00
vitejs/vite,1a2e5e6d9a6bb2531bf73be801c9778dbf39d51b,feat,2023-09-04T02:50:16+00:00
vitejs/vite,2b80089491eb028468c54b3f1e7cf375c94a4432,fix,2023-09-05T18:27:52+00:00
vitejs/vite,66a97bec6ea66e1fd9a4e047c3d47d65a9077647,fix,2023-09-06T14:08:23+00:00
vitejs/vite,c5f65587569f8dd7ef083261021c572e02248b29,fix,2023-09-06T18:21:02+00:00
vitejs/vite,a99590762d7602666a7759bd2cdb51f9c41c773d,fix,2023-09-10T12:46:18+00:00
vitejs/vite,cce55409feee5d5a4196836d749455669f426f91,refactor,2023-09-14T09:02:40+00:00
vitejs/vite,64888b0d75040f61e6a2d2ac6edefec0dbd98c17,fix,2023-09-14T09:37:07+00:00
vitejs/vite,21bbceb8003dcd3ab00704f35270988b3e5c1f1c,fix,2023-09-15T07:54:27+00:00
vitejs/vite,98fbdc32f2c01b0289b3bc6adb2cb71e57de497b,refactor,2023-09-15T07:54:27+00:00
vitejs/vite,6e0b0eeed02c57002b53dd99689cb7d509a18af8,refactor,2023-09-15T09:03:44+00:00
vitejs/vite,d6bde8b03d433778aaed62afc2be0630c8131908,fix,2023-09-17T13:58:55+00:00
vitejs/vite,74fa024db4aaf04d0bdc6b6ec87e3095e1b24b12,fix,2023-09-18T08:40:49+00:00
vitejs/vite,c3e4791beb647661d81a4a36fd94d92ece965e19,fix,2023-09-18T09:09:35+00:00
vitejs/vite,af5a95e0142c46f89776b7a23c290015b1b99502,feat,2023-09-19T07:56:11+00:00
vitejs/vite,941bb1610c9c9576e0b5738c9075b3eb2f16a357,refactor,2023-09-22T15:45:01+00:00
vitejs/vite,b77bff0b93ba9449f63c8373ecf82289a39832a0,fix,2023-09-25T06:36:37+00:00
vitejs/vite,be6b0c8cceb342212f042e7cc94c0bd5d1608c45,refactor,2023-09-25T09:31:47+00:00
vitejs/vite,27e5b1114ce653b5716cd175aed9e2775da2f97a,fix,2023-09-26T07:43:08+00:00
vitejs/vite,83a56f7b46538d485a204a4b9309f3f10c94ee51,feat,2023-09-26T08:15:04+00:00
vitejs/vite,99b0645c4cc0ed9cab8362f0627dc27b8ccdb5d5,fix,2023-09-26T08:18:16+00:00
vitejs/vite,884fc3d8f721853de8d012fee104f449ba2b99e3,feat,2023-09-28T06:58:00+00:00
vitejs/vite,f80ff77a4326669a07f76df3a2ccd66f9e0cafa5,fix,2023-10-02T08:51:40+00:00
vitejs/vite,97c58e0d045aea9088ae7d0492c3073847658e95,feat,2023-10-04T13:36:08+00:00
vitejs/vite,23ef8a1a7abdb4a7e0400d7dd6ad3f7d444c548f,feat,2023-10-06T12:26:02+00:00
vitejs/vite,7e62710326f72b5f66d35068a6e736f9de628316,refactor,2023-10-09T08:18:08+00:00
vitejs/vite,6868480d0036f08388e82611992d58ee52cf97b7,fix,2023-10-09T08:25:29+00:00
vitejs/vite,e0eb30401b1875e2bb0b2f01362934aec161efa8,fix,2023-10-09T12:12:53+00:00
vitejs/vite,a3b6d8da6be78eefe6fea4ebf9fc0614157d6117,fix,2023-10-10T08:01:41+00:00
vitejs/vite,a4a17b8e3e3acae0465c888e2e4ac8314c4cd036,fix,2023-10-12T08:33:07+00:00
vitejs/vite,ea47b8fa51d958bc3fa9d27dc23c0bae2b6066d7,fix,2023-10-12T11:08:47+00:00
vitejs/vite,21017a9408643cbc7204215ecc5a3fdaf74dc81e,fix,2023-10-16T08:16:31+00:00
vitejs/vite,02cd0439e88fb17184978509025d4269bd6ebaa0,docs,2023-10-16T08:23:21+00:00
vitejs/vite,dd213b5454c8dd448e0767edd42e2a50bfe933a7,feat,2023-10-16T09:04:54+00:00
vitejs/vite,4e763c508267a17d841b3cee11d93f6cafe8a142,fix,2023-10-16T14:02:34+00:00
vitejs/vite,dee6067ec78c9f9d7923d780b4941d835b34fcf4,feat,2023-10-17T16:54:47+00:00
vitejs/vite,6e7b25c7c60fe6c988a3cb66609e09dca6ea463c,fix,2023-10-18T08:29:49+00:00
vitejs/vite,e5ee4207d90b3f9e97e57691c6a06e2151bcb430,feat,2023-10-19T06:41:43+00:00
vitejs/vite,eef4aaa063ed420c213cb9e24f680230cf2132b2,fix,2023-10-20T12:53:45+00:00
vitejs/vite,d520388fca12f86df9dcc31e38cea76f180a2ff0,fix,2023-10-23T07:59:34+00:00
vitejs/vite,2141d3132d297c6dc3ad5698ef508fd08f5229a9,fix,2023-10-23T16:05:39+00:00
vitejs/vite,c3622d70495d9f4fcfa9690f4f4dba7154d0a6c8,fix,2023-10-26T02:41:38+00:00
vitejs/vite,0ae2e1dc63950ac5ff45110a360514850226c962,refactor,2023-10-26T02:57:36+00:00
vitejs/vite,521ca58d5d7cf9fbd554169a449282c8163c81ac,refactor,2023-10-26T07:12:29+00:00
vitejs/vite,17fb5ee41f96e3e4aefc6d6258436676de048686,feat,2023-10-29T21:04:16+00:00
vitejs/vite,4f71ae8736ff5d2fc9eca876825d16b0c4402720,fix,2023-10-30T13:57:15+00:00
vitejs/vite,8db40ee5de67047e7f31a4d0cd27c6e86c91449c,fix,2023-10-30T17:17:20+00:00
vitejs/vite,86a5356721f64de8033c559d4afa1e045ca672d9,feat,2023-10-31T14:58:17+00:00
vitejs/vite,9df01e3d50cd99b9d8e4aa5b51a8242042e559e5,docs,2023-10-31T16:45:07+00:00
vitejs/vite,9866be0c275c303b7bc79ad39f64ec98183b3f6f,docs,2023-10-31T16:51:28+00:00
vitejs/vite,43f0ab79338775aab1cc3dd84ae23f127ac072b4,docs,2023-11-01T03:38:16+00:00
vitejs/vite,993cb84b2adf03fba896ab0ae20f85989cbd6e11,docs,2023-11-01T04:25:08+00:00
vitejs/vite,622948558af026141e1d46e890dd27e79b59e16b,feat,2023-11-01T10:02:34+00:00
vitejs/vite,8690581bac3b466abb03e13e172bc3770fed0545,feat,2023-11-01T10:08:11+00:00
vitejs/vite,9369d8d8cbf765d5930ec22e47cd2e5bb337f616,feat,2023-11-01T16:30:27+00:00
vitejs/vite,385d580a7df67570b8014318a607f62fe15eaef9,feat,2023-11-01T21:08:33+00:00
vitejs/vite,d19586061639295257c7ea13b9ed68745aa90224,feat,2023-11-03T15:53:34+00:00
vitejs/vite,11b1796456835120e4ad745cbabb843a4c96622e,fix,2023-11-05T07:10:23+00:00
vitejs/vite,9e20ed6ead291e67c30b79a50f0ca05d60a321eb,fix,2023-11-05T09:05:25+00:00
vitejs/vite,094f30fc54c9f07ab86bc46872b64b5397be573e,docs,2023-11-05T09:46:33+00:00
vitejs/vite,e5094e5bf2aee3516d04ce35ba2fb27e70ea9858,fix,2023-11-06T05:18:58+00:00
vitejs/vite,1bfb584e5b1d9d236692883d282a2a7079f2b384,fix,2023-11-06T08:35:06+00:00
vitejs/vite,461f6c422542c5ab35c91c5be11394431f491628,docs,2023-11-06T09:05:39+00:00
vitejs/vite,0873bae0cfe0f0718ad2f5743dd34a17e4ab563d,fix,2023-11-06T10:40:25+00:00
vitejs/vite,b5653d3075559a327b8d87a3863be3260d880e3a,fix,2023-11-07T09:01:48+00:00
vitejs/vite,b47905577a9b4f78544c80c93fb005dabce8f02a,feat,2023-11-08T08:01:37+00:00
vitejs/vite,1e9bf06a82f7e200606c533aba8b0b10b3d8a979,docs,2023-11-08T09:29:26+00:00
vitejs/vite,2687dbbd4e19c86f9888ee784c9b51598e8b79ca,fix,2023-11-09T09:33:25+00:00
vitejs/vite,374e6fd863a2ae8891df0b6fb22fce20292626d3,refactor,2023-11-10T08:07:51+00:00
vitejs/vite,350b4b238dc055f267fe0d1ec13c831972e23cfa,fix,2023-11-10T08:55:32+00:00
vitejs/vite,a92bc617cf47bbdf95061cf9c312330a1713d725,feat,2023-11-10T09:42:55+00:00
vitejs/vite,dc58222fb875f14c8da42b853b9377e7abb0ec48,docs,2023-11-13T08:32:07+00:00
vitejs/vite,c5b4aebfa11ac9bd758de33a007762f324a7e206,docs,2023-11-14T15:59:10+00:00
vitejs/vite,c61c376e605fb22817108800f94c700963200698,docs,2023-11-14T16:22:20+00:00
vitejs/vite,bedfcfad4b64cabde8008a6469a37c66b69372be,fix,2023-11-15T07:23:43+00:00
vitejs/vite,2a519a176d9f499d2b2814cc08549e9985a048e5,fix,2023-11-15T12:38:54+00:00
vitejs/vite,918dd6de5ff246ccfd9601f9e3c5e7e30ba4483e,docs,2023-11-16T10:36:10+00:00
vitejs/vite,d0b2153a48165f9cbdbeadf1ca00935154fedd02,fix,2023-11-17T09:38:55+00:00
vitejs/vite,cc980feb556bda324f1da7162a571150fcbaebed,docs,2023-11-17T11:00:41+00:00
vitejs/vite,dc494ad4160b75a99ef32622f2cd51512345d824,docs,2023-11-20T14:22:10+00:00
vitejs/vite,47551a6f32eace64a4f5b669f997892c5ab867af,fix,2023-11-21T12:00:58+00:00
vitejs/vite,6619de7de498ec08b4af91412d611900282744a7,fix,2023-11-22T10:24:29+00:00
vitejs/vite,227d56d37fbfcd1af4b5d93182770b4e650511ee,fix,2023-11-24T16:12:56+00:00
vitejs/vite,ef403c0e616499b52f5937bdb8479df3e639adc7,fix,2023-11-27T08:21:53+00:00
vitejs/vite,642f9bcb5d4a8c2455569117ef2984fe09c3acd4,refactor,2023-11-29T07:13:27+00:00
vitejs/vite,ec401da07435f63968d4d3da361c1d40b57b6a0c,fix,2023-11-29T09:37:05+00:00
vitejs/vite,9474c4be279e342db2264fa9e7a8b84abb54a93e,feat,2023-11-29T10:44:06+00:00
vitejs/vite,cf0a981daf22e77ad39db4a6831334c9b45a77f9,docs,2023-11-30T05:47:17+00:00
vitejs/vite,70370704618fa47391c6fb74f2e404d4e86505d2,docs,2023-11-30T05:52:18+00:00
vitejs/vite,5b8504048140cbbd5d9424132c998c506dece6ce,fix,2023-12-03T10:09:40+00:00
vitejs/vite,14be75f6a8497ae1416188e21b2b0f818443cc2a,fix,2023-12-04T08:51:40+00:00
vitejs/vite,d93a211959cb5f9951653d717aceee2a0d93499a,feat,2023-12-04T08:53:45+00:00
vitejs/vite,ad3adda7215c33874a07cbd4d430fcffe4c85dce,fix,2023-12-04T08:54:15+00:00
vitejs/vite,3e42611da7812193338ce7cef03db14602332b17,fix,2023-12-07T08:28:31+00:00
vitejs/vite,ea6a7a6eb86ebc8ae5cf5aff88446a1b44fecec9,fix,2023-12-12T05:53:01+00:00
vitejs/vite,00669e135ecfe7f8dbaddcee531efd368bdfa2d2,feat,2023-12-12T08:21:56+00:00
vitejs/vite,c902545476a4e7ba044c35b568e73683758178a3,fix,2023-12-12T21:43:07+00:00
vitejs/vite,2b39fe6584a55e6fe07664ac497e41d70f1fa32b,fix,2023-12-13T11:53:56+00:00
vitejs/vite,56a5740bc7217b1a2690db156c5994ea9049f9e9,fix,2023-12-14T10:29:39+00:00
vitejs/vite,d9ae1b2e573e8e5e313c1f23a5a0b5d6d9dff887,fix,2023-12-15T15:30:13+00:00
vitejs/vite,1bbff16ff8c65d980d3843316ecbad8b1ec4e67a,fix,2023-12-15T15:35:39+00:00
vitejs/vite,8de7bd2b68db27b83d9484cc8d4e26436615168e,fix,2023-12-30T13:14:50+00:00
vitejs/vite,1fcebeb3d3765c23cf44cfe81518da095a611865,fix,2024-01-08T14:49:19+00:00
vitejs/vite,6ace32b41dbad2ea0ee10f97e7cc662dd03f81e1,feat,2024-01-08T17:18:55+00:00
vitejs/vite,2836276dc0e132c4d64dc4c08fc730058406f2c0,fix,2024-01-09T08:31:22+00:00
vitejs/vite,476e57241413411b2f0817dcd54d17e869495c75,fix,2024-01-10T07:11:41+00:00
vitejs/vite,a5c6d3d53c15178ca6ca464165f3a3fb28e825f7,feat,2024-01-10T07:12:29+00:00
vitejs/vite,21a52e65b5610f5520222bee45daa8d69835336b,fix,2024-01-10T07:19:38+00:00
vitejs/vite,db28b92caf0faf3c13c1add8da41e9463bbb530f,fix,2024-01-10T12:24:31+00:00
vitejs/vite,e451be224b0d5479e92b295f0e3920541c7788b2,feat,2024-01-10T13:42:12+00:00
vitejs/vite,c6d240bd777e82b3f9d74d967e54a931635d8b2a,fix,2024-01-11T06:42:07+00:00
vitejs/vite,d0d59385edf0390d955b79477cf86bd726bab5fe,fix,2024-01-11T10:54:54+00:00
vitejs/vite,4d1342ebe0969cbcfc9c6d7fc5347f85df07df7f,feat,2024-01-12T08:56:23+00:00
vitejs/vite,ed56d96cec8fd3b9b6dae88d5511e386177e6d5c,fix,2024-01-12T09:07:22+00:00
vitejs/vite,109fb805fd28c9f738036985b90cf207d1c48e89,fix,2024-01-16T14:22:49+00:00
vitejs/vite,dfcb83d41ae566c139dd8d82168c5bfab1699428,fix,2024-01-16T19:46:32+00:00
vitejs/vite,947aa53bb8ea60ce03a207421a6e7a4117385e58,feat,2024-01-18T06:29:59+00:00
vitejs/vite,ec8b4206ac3650eb5e4b54fe795258d09a86e9e4,fix,2024-01-18T12:23:00+00:00
vitejs/vite,639bbd65c0f7be6ad5d5d4fbe57bc15e778b7bea,fix,2024-01-19T16:08:40+00:00
vitejs/vite,a05c70977a6da4a3e8381b297240dba811229658,feat,2024-01-25T11:06:01+00:00
vitejs/vite,4d9363ad6bc460fe2da811cb48b036e53b8cfc75,fix,2024-01-26T08:40:13+00:00
vitejs/vite,3fceb14b94b12d12d47285402980f360aa4284ea,docs,2024-01-26T09:02:01+00:00
vitejs/vite,6b45037bda9b69bb51bfb7cd9a41e0d978feb11a,fix,2024-01-29T10:40:55+00:00
vitejs/vite,5fbeba315699b06928df49a5920c0552a9ef0317,fix,2024-02-06T08:45:14+00:00
vitejs/vite,c3e83bb078e84a8a2d377455801b2a689557763e,fix,2024-02-06T17:32:48+00:00
vitejs/vite,5e5ca7d1db938cfd8c770746facf52e099c62583,feat,2024-02-08T06:20:47+00:00
vitejs/vite,4b0c15cb96824c522041f7d840a74c0e35cfe527,docs,2024-02-08T09:24:37+00:00
vitejs/vite,3d860e7916b9b160da39d080d7d6d72ab8d56ae9,fix,2024-02-08T15:15:03+00:00
vitejs/vite,b2873ac3936de25ca8784327cb9ef16bd4881805,fix,2024-02-08T15:54:18+00:00
vitejs/vite,8a6e39982f8d70eadd8c5c844ee4ee72acdad4fb,docs,2024-02-09T12:46:35+00:00
vitejs/vite,4172f02b70a8ae44bb8f3bc22d5fd5cffe458274,refactor,2024-02-14T19:19:06+00:00
vitejs/vite,b3f557deee57625fcaf5049b3ddad061946071b9,docs,2024-02-15T14:49:39+00:00
vitejs/vite,8b11fea91560c5f084c31aa9b19e64832ac6c3b5,fix,2024-02-16T04:38:18+00:00
vitejs/vite,571a3fde438d60540cfeba132e24646badf5ff2f,fix,2024-02-20T07:06:26+00:00
vitejs/vite,1d263d39d32838cf5b77eeb44426ae81e969309c,fix,2024-02-20T10:47:45+00:00
vitejs/vite,4fe971fda39ab1a323461c09b35108cc7a271484,fix,2024-02-20T13:05:07+00:00
vitejs/vite,f3b195cf3344d1f0a3b6f8cd8600e4df7c577d62,feat,2024-02-21T07:18:31+00:00
vitejs/vite,18b9b31d79d2a05e10b519a9f112fe857c1b7202,docs,2024-02-21T07:20:29+00:00
vitejs/vite,5e05f10069c84f5749da9d3cdb7d5a5a1a349c53,fix,2024-02-21T11:06:21+00:00
vitejs/vite,aff54e1d5e3129a442aeec8b6aef024024ba5b1b,fix,2024-02-21T13:05:09+00:00
vitejs/vite,37af8a7be417f1fb2cf9a0d5e9ad90b76ff211b4,fix,2024-02-21T13:33:00+00:00
vitejs/vite,57463fc53fedc8f29e05ef3726f156a6daf65a94,fix,2024-02-22T13:23:27+00:00
vitejs/vite,42fd11c1c6d37402bd15ba816fbf65dbed3abe55,fix,2024-02-22T15:02:22+00:00
vitejs/vite,b20d54257e6105333c19676a403c574667878e0f,refactor,2024-02-24T10:05:19+00:00
vitejs/vite,1dccc3713a383ac274a36dfcaabcaaa88e380bd1,fix,2024-02-28T09:13:24+00:00
vitejs/vite,0c0aeaeb3f12d2cdc3c47557da209416c8d48fb7,docs,2024-03-03T07:51:25+00:00
vitejs/vite,081353179a4029d8aedaf3dfd78b95d95b757668,fix,2024-03-08T12:36:43+00:00
vitejs/vite,f6991948f59e36bc5d108e2befa5883be99f934f,fix,2024-03-08T13:29:55+00:00
vitejs/vite,fd9de0473e075c8d69bb3a8867ab15300506e67b,fix,2024-03-08T16:44:51+00:00
vitejs/vite,6019a251448478297a4820d6abfbf9138962f82f,docs,2024-03-12T05:52:05+00:00
vitejs/vite,a149d9e9559b9e56b5c8a653edcd67d15b4849b0,fix,2024-03-12T13:09:09+00:00
vitejs/vite,17d71ecf74bdcb16fd1d80c13106a28f804c325f,fix,2024-03-12T13:13:13+00:00
vitejs/vite,1cc88c13d8bbe48d037d27a4f26a85dd825daae6,feat,2024-03-12T13:15:05+00:00
vitejs/vite,6d6ae10f5d80a9c9b6737377333424fe76652b81,feat,2024-03-12T13:17:11+00:00
vitejs/vite,8e54af67dbe5f94b57c65caea707341dcdca7828,fix,2024-03-12T14:14:51+00:00
vitejs/vite,74dc73a5705294a886d55060867601cee0ecfeb4,feat,2024-03-12T14:15:37+00:00
vitejs/vite,8cd846cdbf5cc3214e6a32accf31a187726a23cd,fix,2024-03-13T07:03:55+00:00
vitejs/vite,7ee426194f2c675ec9c5f6ffcaffd3229f3271ae,feat,2024-03-13T14:53:50+00:00
vitejs/vite,6f8a3206653127a1ca9e20880af117d3a7c4fadc,docs,2024-03-15T08:24:38+00:00
vitejs/vite,1a3b1d73d7babdab6a52a5fb1ef193fd63666877,fix,2024-03-19T07:59:17+00:00
vitejs/vite,0a56177272449489921fef5479b7385dc79a8beb,docs,2024-03-20T09:36:20+00:00
vitejs/vite,0b2e40b1a0ff97cd9bb6f010b9245d8695c82733,fix,2024-03-20T12:33:54+00:00
vitejs/vite,e4d2d601177c2dd58fe672e2da9d9e487595fbf3,fix,2024-03-20T13:01:58+00:00
vitejs/vite,fbf69d5f6cef335fc18640fed7da16593b13c9b3,fix,2024-03-23T09:56:58+00:00
vitejs/vite,3a73e485cd4c08954fcb06698b5f721dea6e9f44,docs,2024-03-24T06:04:31+00:00
vitejs/vite,ba5269cca81de3f5fbb0f49d58a1c55688043258,fix,2024-03-24T12:31:50+00:00
vitejs/vite,b5347d20704cfe9f54766d04339165558abe5b22,docs,2024-03-25T10:20:38+00:00
vitejs/vite,890538a694d683fcd3fdd00ef6545d6760a1d1bc,fix,2024-03-26T06:49:07+00:00
vitejs/vite,dfffea1f4363c07d6ebc05db6f0dae8bd8a0885d,fix,2024-03-29T04:51:38+00:00
vitejs/vite,e14123f602ddf0671b37a62de4f8ff2b84b36711,docs,2024-03-29T06:59:16+00:00
vitejs/vite,f1e67b6bdba07ce156ad4a8cb3b894603993ccd8,docs,2024-03-29T15:05:33+00:00
vitejs/vite,4581e8371d0c2481e859f4496f928d1dcacd3a9d,refactor,2024-04-03T08:10:23+00:00
vitejs/vite,445c4f21583334edb37c7b32a1474903a0852b01,fix,2024-04-03T10:19:35+00:00
vitejs/vite,646319cc845f24a12ac5f8f6d176597a5bf66fd3,fix,2024-04-03T12:38:40+00:00
vitejs/vite,b05c405f6884f9612fd8b6c1e7587a553cf58baf,fix,2024-04-05T14:39:00+00:00
vitejs/vite,58a2938a9766981fdc2ed89bec8ff1c96cae0716,fix,2024-04-08T15:17:01+00:00
vitejs/vite,e526573cae8a2fb073bf9a38bef17aeb9adbebc3,docs,2024-04-10T19:17:49+00:00
vitejs/vite,6c323d5b3ab3cdf81d21bbe965ed3c36aa7f0589,docs,2024-04-11T15:59:16+00:00
vitejs/vite,721f94ddacdc8cbc4342a9c791d7fecba5a0f7ca,fix,2024-04-18T15:46:03+00:00
vitejs/vite,4d83eb58cdea0d2e4ec4f0da6e1dd6b72014e67e,fix,2024-04-23T03:42:37+00:00
vitejs/vite,f71ba5b94a6e862460a96c7bf5e16d8ae66f9fe7,fix,2024-04-25T07:11:36+00:00
vitejs/vite,bb79c9b653eeab366dccc855713369aea9f90d8f,fix,2024-04-30T08:18:56+00:00
vitejs/vite,2f420064ca376da3685201340ddf2e18261dbb69,docs,2024-05-01T06:56:50+00:00
vitejs/vite,02db9479acfa022503a6e668d347360d916cc298,fix,2024-05-01T08:30:22+00:00
vitejs/vite,913c0403a5de13a09dd37dac71f59db3339012ce,fix,2024-05-05T12:28:53+00:00
vitejs/vite,671155337af795156fe40a95935a8d2b27af1048,fix,2024-05-07T08:01:16+00:00
vitejs/vite,7a8ae49deb5e63d47dbc7a3ef24d0c6404184e0a,docs,2024-05-07T10:16:36+00:00
vitejs/vite,bf2f0145fecb67ca2342c3530716f4c5ddd35a68,fix,2024-05-13T06:42:44+00:00
vitejs/vite,6583ad25a1333b80bfeb6829e6034266ab9bfc91,fix,2024-05-13T06:55:24+00:00
vitejs/vite,2b61cc39a986c44d733aba8c23036d9d83667fac,fix,2024-05-14T14:01:36+00:00
vitejs/vite,95fe5a79c434c0078075fc25e244689410447bab,fix,2024-05-18T07:22:00+00:00
vitejs/vite,4053c6f632d462280aa7c3ced2def8cc0cc42dd9,docs,2024-05-27T04:06:44+00:00
vitejs/vite,8880bc5a9a09fcd1a2e0590048c0c61e47a43b73,feat,2024-05-29T14:17:53+00:00
vitejs/vite,9f02a9f7d044775b3cdd1af0219b1fca93b93619,feat,2024-05-29T14:21:42+00:00
vitejs/vite,48edfcd91386a28817cbe5a361beb87c7d17f490,fix,2024-05-29T14:26:41+00:00
vitejs/vite,416184376e128611215d257cc3ea6c1b23e61f2f,fix,2024-05-30T06:58:10+00:00
vitejs/vite,c735cc7895b34dd760f57145a00ddc1da7526b8c,fix,2024-05-30T07:06:11+00:00
vitejs/vite,4835e2bf77b84d53a94aa4d94502df974b8b7fc4,feat,2024-05-31T04:21:46+00:00
vitejs/vite,f43f71f22436832abaa0cac74f4e35e4f9c16e17,fix,2024-06-06T14:29:24+00:00
vitejs/vite,4453d3578b343d16a8a5298bf154f280088968d9,fix,2024-06-10T14:40:16+00:00
vitejs/vite,68aa9f8e217c54809338d57b2fb60ff9d6e409c3,fix,2024-06-10T20:31:22+00:00
vitejs/vite,d6a174f54b525520e2e5c2cd7d168b5a6c1bcc16,feat,2024-06-11T13:44:56+00:00
vitejs/vite,af194e2f25bb6bd836a75b358e8071a9225639a1,docs,2024-06-14T06:46:48+00:00
vitejs/vite,d355568e8d2dbc30b94b7d7680943f7db713ddc4,fix,2024-06-14T08:57:06+00:00
vitejs/vite,8eecc62a9041440baf3b828a36a2f2a4e43c191a,docs,2024-06-17T13:42:53+00:00
vitejs/vite,bf123f2c6242424a3648cf9234281fd9ff44e3d5,fix,2024-06-18T06:44:29+00:00
vitejs/vite,7b240e408ed83f172e9f88823eae3b4a9ba92674,fix,2024-06-18T07:06:11+00:00
vitejs/vite,7c06ef07f835308b1ff2de3df02d201a8dbfb3b6,refactor,2024-06-23T14:24:32+00:00
vitejs/vite,f946c8694056fe05262b08a549f3ff7b484d03ea,fix,2024-06-23T14:32:00+00:00
vitejs/vite,dafff4ae6eabf22b7f08a582f3663eb8a08bfc32,fix,2024-07-02T09:47:29+00:00
vitejs/vite,14c3d49303e4db459728c43b2d3a7c2aff8cd383,fix,2024-07-02T10:06:28+00:00
vitejs/vite,07bc489b310e8173e4929193f3f283e1e50fa87f,fix,2024-07-13T19:52:40+00:00
vitejs/vite,d4d98dc95e1f4e4bbbd1ed4529e08e159598a83a,feat,2024-07-14T07:56:45+00:00
vitejs/vite,4be96b48bca30a692eb528b0b43a27bdc440e811,fix,2024-07-15T13:06:07+00:00
vitejs/vite,f321fa8de2c8cf4f1758365abad4e7b352363a2f,fix,2024-07-17T18:32:24+00:00
vitejs/vite,8e1abe5be6e645d781c6a01a171729465e659b5f,docs,2024-07-18T12:20:09+00:00
vitejs/vite,d906d3f8e1199fb9fc09f4c3397a91b274bb65c8,fix,2024-07-23T10:59:36+00:00
vitejs/vite,11b12cf284232b56991084327df32daaf603e488,docs,2024-07-23T12:51:01+00:00
vitejs/vite,e408542748edebd93dba07f21e3fd107725cadca,fix,2024-07-30T05:38:12+00:00
vitejs/vite,720447ee725046323387f661341d44e2ad390f41,fix,2024-08-01T02:53:07+00:00
vitejs/vite,6aa220607b4f5457c1ef9ff68d75885a9abbdaf6,fix,2024-08-02T11:53:21+00:00
vitejs/vite,cf2f90d4b9f9b16b8009b0f9d0d9f7e71e98c54d,fix,2024-08-06T11:31:34+00:00
vitejs/vite,6ae0615416762dd1b89393316308cf8edf115c34,fix,2024-08-06T12:43:40+00:00
vitejs/vite,0e684bbf378b6eead1e505ef73b1cad49c56be62,docs,2024-08-07T02:38:11+00:00
vitejs/vite,e961b31493f8493277b46773156cc6e546b9c86b,fix,2024-08-09T14:50:26+00:00
vitejs/vite,d78d44bc314b9ef3c1f2fae2775b131da6580980,docs,2024-08-12T13:01:22+00:00
vitejs/vite,1bda847329022d5279cfa2b51719dd19a161fd64,fix,2024-08-14T08:34:29+00:00
vitejs/vite,d428e7e3a05f8da5ea00bb1b6a0827a5cc225899,fix,2024-09-01T15:27:03+00:00
vitejs/vite,ebfaa7e6019783f308db5e759a6a67abb7cc626c,fix,2024-09-01T15:45:54+00:00
vitejs/vite,5c5f82c84bb64309875b42eee9d4dd525ab42e8c,fix,2024-09-02T20:41:11+00:00
vitejs/vite,242f550eb46c93896fca6b55495578921e29a8af,feat,2024-09-04T09:27:09+00:00
vitejs/vite,8062d36773cafaec98196965d33d79887e58f437,refactor,2024-09-09T10:00:40+00:00
vitejs/vite,2adc5aaae4f57c08b42864b3bf899e9b10564189,docs,2024-09-09T13:14:42+00:00
vitejs/vite,7d699aa98155cbf281e3f7f6a8796dcb3b4b0fd6,fix,2024-09-10T14:02:58+00:00
vitejs/vite,587ad7b17beba50279eaf46b06c5bf5559c4f36e,fix,2024-09-10T14:47:36+00:00
vitejs/vite,35cf59c9d53ef544eb5f2fe2f9ff4d6cb225e63b,feat,2024-09-11T12:15:01+00:00
vitejs/vite,e503218e0a84a44d7ee19ffcb13fd9502838728e,docs,2024-09-12T11:01:11+00:00
vitejs/vite,b897cb8d0d57311173979ebcaeed491ba3ea81da,docs,2024-09-12T11:50:54+00:00
vitejs/vite,c1ed8a595a02ec7f8f5a8d23f97b2f21d3834ab1,fix,2024-09-17T06:23:52+00:00
vitejs/vite,b529b6fa7d0c7707d0665e76cab78ae1f2422bcb,docs,2024-09-19T04:53:21+00:00
vitejs/vite,49087bd5738a2cf69ee46b10a74cfd61c18e9959,docs,2024-09-22T18:24:04+00:00
vitejs/vite,a34a73a3ad8feeacc98632c0f4c643b6820bbfda,docs,2024-09-23T01:20:13+00:00
vitejs/vite,4cc53224e9b207aa6a5a111e40ed0a0464cf37f4,fix,2024-09-23T13:50:31+00:00
vitejs/vite,d7763a5615a238cb1b5dceb7bdfc4aac7678fb0a,fix,2024-09-24T03:47:31+00:00
vitejs/vite,5e56614ccef9b5a585efef27a3dca9e05b87615e,docs,2024-09-25T08:37:23+00:00
vitejs/vite,e83beff596072f9c7a42f6e2410f154668981d71,fix,2024-09-25T13:24:08+00:00
vitejs/vite,e003a2ca73b04648e14ebf40f3616838e2da3d6d,fix,2024-09-26T07:56:51+00:00
vitejs/vite,70813c7f05fc9a45d102a53514ecac23831e6d6b,fix,2024-09-26T08:21:25+00:00
vitejs/vite,768a50f7ac668dbf876feef557d8c0f8ff32b8ff,fix,2024-09-26T14:20:46+00:00
vitejs/vite,bad0cccee80c02fa309f274220f6d324d03c3b19,fix,2024-09-27T09:07:46+00:00
vitejs/vite,fb292f226f988e80fee4f4aea878eb3d5d229022,feat,2024-09-27T11:42:49+00:00
vitejs/vite,ec0efe8a06d0271ef0154f38fb9beabcd4b1bd89,fix,2024-09-30T08:57:36+00:00
vitejs/vite,d7c8603897a8d78b83a4420846581a2e80cb57dd,docs,2024-10-02T14:02:46+00:00
vitejs/vite,0356e10b7733225ea706f8bfd52c619d85c535f5,docs,2024-10-03T14:02:05+00:00
vitejs/vite,c4800f0371ab0c6a86b8cddb2c1da3858eaa1b86,docs,2024-10-04T08:45:16+00:00
vitejs/vite,ad4f4048e295cc2e3bdc338f5514bac8584fab30,docs,2024-10-04T08:45:37+00:00
vitejs/vite,5212d09579a82bc09b149c77e996d0e5c3972455,fix,2024-10-07T13:18:25+00:00
vitejs/vite,fafc7e28d3395292fbc2f2355417dcc15871ab1e,fix,2024-10-07T15:38:53+00:00
vitejs/vite,93d286c4c1af0b379002a6ff495e82bb87acd65c,fix,2024-10-15T01:43:32+00:00
vitejs/vite,47b12706ce2d0c009d6078a61e16e81a04c9f49c,fix,2024-10-15T05:38:06+00:00
vitejs/vite,93b03b2692cc2617570f83e365606dae0a8ed859,docs,2024-10-15T09:42:16+00:00
vitejs/vite,7db105daaf5a128edd66b7aa9b0ae0fdb83a30be,docs,2024-10-15T14:47:15+00:00
vitejs/vite,dc823347bb857a9f63eee7e027a52236d7e331e0,fix,2024-10-16T02:17:35+00:00
vitejs/vite,7338ee327e216573d36681ba3959e1eed7867d1e,docs,2024-10-16T15:12:01+00:00
vitejs/vite,455d083b70a65e06c82f9a5df5648d4966d871b4,refactor,2024-10-16T17:07:27+00:00
vitejs/vite,e59760c46d191277bea554baa63eeb81a0a7d84e,docs,2024-10-17T11:38:49+00:00
vitejs/vite,a569f42ee93229308be7a327b7a71e79f3d58b01,fix,2024-10-18T03:56:35+00:00
vitejs/vite,7cebe3847f934ff4875ff3ecc6a96a82bac5f8f4,refactor,2024-10-18T11:56:06+00:00
vitejs/vite,964a618e644087cb3a15fa5709760932763c3e45,docs,2024-10-18T13:38:27+00:00
vitejs/vite,ac1fd41059f5549922b9f1a93c2bc00fbfcca3e8,feat,2024-10-21T14:19:40+00:00
vitejs/vite,291830fa632c756b2a0311142d1f25ca7b56a637,feat,2024-10-22T01:46:02+00:00
vitejs/vite,3778c7acf95e2dec3c18f3954ba4a52a979f45c4,docs,2024-10-23T06:20:12+00:00
vitejs/vite,f67629f675809442fea4e682568ea599349ca8ab,docs,2024-10-23T09:18:22+00:00
vitejs/vite,19ce525b974328e4668ad8c6540c2a5ea652795b,refactor,2024-10-23T10:33:31+00:00
vitejs/vite,cc61d169a4826996f7b2289618c383f8c5c6d470,refactor,2024-10-23T12:40:42+00:00
vitejs/vite,b80daa7c0970645dca569d572892648f66c6799c,feat,2024-10-23T14:59:33+00:00
vitejs/vite,fd55c60917a6e9fe2bc251321b880ca9337868be,docs,2024-10-24T05:24:50+00:00
vitejs/vite,65014a32ef618619c5a34b729d67340d9253bdd5,fix,2024-10-24T07:03:18+00:00
vitejs/vite,7eeb6f2f97abf5dfc71c225b9cff9779baf2ed2f,fix,2024-10-24T07:44:36+00:00
vitejs/vite,f1d3bf74cc7f12e759442fd7111d07e2c0262a67,fix,2024-10-24T10:01:59+00:00
vitejs/vite,f2957c84f69c14c882809889fbd0fc66b97ca3e9,refactor,2024-10-24T10:24:53+00:00
vitejs/vite,d23a493cc4b54a2e2b2c1337b3b1f0c9b1be311e,feat,2024-10-24T10:26:47+00:00
vitejs/vite,0ab20a3ee26eacf302415b3087732497d0a2f358,fix,2024-10-24T12:04:10+00:00
vitejs/vite,7f9f8c6851d1eb49a72dcb6c134873148a2e81eb,fix,2024-10-25T04:54:11+00:00
vitejs/vite,bd540d52eb609ca12dad8e2f3fe8011821bda878,fix,2024-10-25T14:12:20+00:00
vitejs/vite,89f8303e727791aa7be6f35833a708b6a50e9120,fix,2024-10-25T16:01:17+00:00
vitejs/vite,0c497d9cb63bd4a6bb8e01c0e3b843890a239d23,feat,2024-10-26T08:53:57+00:00
vitejs/vite,1ac22de41cf5a8647847070eadeac3231c94c3ed,refactor,2024-10-28T08:51:20+00:00
vitejs/vite,5a967cb596c7c4b0548be1d9025bc1e34b36169a,fix,2024-10-28T13:50:51+00:00
vitejs/vite,a0336bd5197bb4427251be4c975e30fb596c658f,fix,2024-10-29T08:10:47+00:00
vitejs/vite,5da78a6859f3b5c677d896144b915381e4497432,docs,2024-10-30T06:13:33+00:00
vitejs/vite,052799e8939cfcdd7a7ff48daf45a766bf6cc546,fix,2024-10-30T06:34:08+00:00
vitejs/vite,eccf663e35a17458425860895bb30b3b0613ea96,fix,2024-10-30T08:14:44+00:00
vitejs/vite,b9b01d57fdaf5d291c78a8156e17b534c8c51eb4,refactor,2024-10-30T08:27:09+00:00
vitejs/vite,85bd0e9b0dc637c7645f2b56f93071d6e1ec149c,fix,2024-10-30T14:48:44+00:00
vitejs/vite,a50ff6000bca46a6fe429f2c3a98c486ea5ebc8e,refactor,2024-10-31T03:21:55+00:00
vitejs/vite,f65d6ae5a762708d2412da37fb4efc0256f1b535,docs,2024-10-31T11:24:31+00:00
vitejs/vite,637d31bcc59d964e51f7969093cc369deee88ca1,fix,2024-11-01T09:48:41+00:00
vitejs/vite,fe30349d350ef08bccd56404ccc3e6d6e0a2e156,fix,2024-11-01T10:09:44+00:00
vitejs/vite,7523a9fa416960a9c02498cbea02998d1565b28b,docs,2024-11-05T09:47:35+00:00
vitejs/vite,87b2347a13ea8ae8282f0f1e2233212c040bfed8,fix,2024-11-05T10:09:08+00:00
vitejs/vite,d969d4db91be2bece7d2094f5b4d573799297a49,docs,2024-11-06T09:32:49+00:00
vitejs/vite,643928ceeb94ae926277ae760208c57e1606b790,docs,2024-11-07T01:59:09+00:00
vitejs/vite,326ee45b440a6e5e38122f5189ba528b6700183e,docs,2024-11-07T11:34:48+00:00
vitejs/vite,2c6d3db046794add8cee670fbb70e56e9ad28a0a,docs,2024-11-08T03:07:30+00:00
vitejs/vite,09248795ca79a7053b803af8977c3422f5cd5824,feat,2024-11-08T05:32:52+00:00
vitejs/vite,59249cf2fdd7ecec525d237455e0d28d272c1d28,docs,2024-11-11T07:38:37+00:00
vitejs/vite,f83ba1e29e1a77fbf88c655cab249f15e497acfe,docs,2024-11-11T11:24:53+00:00
vitejs/vite,866a433a34ab2f6d2910506e781b346091de1b9e,fix,2024-11-11T12:28:52+00:00
vitejs/vite,f39896e7ffb1a00cb3cf8237221f2908bd50a758,docs,2024-11-11T12:30:07+00:00
vitejs/vite,87c55022490d4710934c482abf5fbd4fcda9c3c9,feat,2024-11-13T10:51:53+00:00
vitejs/vite,3f5fab04aa64c0e9b45068e842f033583b365de0,feat,2024-11-14T02:00:04+00:00
vitejs/vite,b74d3632693b6a829b4d1cdc2a9d4ba8234c093b,refactor,2024-11-14T08:11:32+00:00
vitejs/vite,c12c653ca5fab354e0f71394e2fbe636dccf6b2f,feat,2024-11-14T08:14:35+00:00
vitejs/vite,74221c391bffd61b9ef39b7c0f9ea2e405913a6f,fix,2024-11-15T07:56:18+00:00
vitejs/vite,58f1df3288b0f9584bb413dd34b8d65671258f6f,refactor,2024-11-15T07:56:46+00:00
vitejs/vite,8ab04b70ada119fbca2fc5a53c36f233423febbe,fix,2024-11-18T12:01:09+00:00
vitejs/vite,473424ee8d6b743c1565bf0749deb5d9fbedcea7,fix,2024-11-19T04:24:49+00:00
vitejs/vite,5ec9eedc80bbf39a33b498198ba07ed1bd9cacc7,feat,2024-11-19T06:18:07+00:00
vitejs/vite,a384d8fd39162190675abcfea31ba657383a3d03,feat,2024-11-22T03:41:25+00:00
vitejs/vite,dc6041099ccd5767764fb8c99a169869bbd13f16,fix,2024-11-22T11:10:20+00:00
vitejs/vite,a3a4400c6b32bae02b7c621e8275c088d995f700,docs,2024-11-25T07:24:50+00:00
vitejs/vite,ba821bb63eca6d8a9199ee2253ef2607375f5702,fix,2024-11-25T13:42:42+00:00
vitejs/vite,6252c6035695365c93773fbe06a4b2a307e86368,fix,2024-11-26T07:08:03+00:00
vitejs/vite,3b0837e0b997e14dacc347719353b8b0cea35bda,fix,2024-11-26T14:17:03+00:00
vitejs/vite,bbaf514fb718952e0f17a15545c593125f1d1b9c,fix,2024-11-27T03:17:58+00:00
vitejs/vite,a20267bb93118468a2e20f0f77b77ed7bfa94165,fix,2024-11-29T07:49:04+00:00
vitejs/vite,b39e69638b3e2e658ff6712be83b549b28103c3d,fix,2024-11-29T20:58:10+00:00
vitejs/vite,3ffcb183449efcc2aa1cf22d945945a0e94ce7ed,docs,2024-12-02T09:05:36+00:00
vitejs/vite,a75fc3193d5e8d8756dfb3a046873e9c222bb6c8,fix,2024-12-02T13:28:15+00:00
vitejs/vite,88e49aa0418cb3f6b579b744ba59daeda68432f3,fix,2024-12-02T14:23:06+00:00
vitejs/vite,d59efd8dfd1c5bf2e7c45c7cdb1c0abc2a05ba02,fix,2024-12-04T08:23:38+00:00
vitejs/vite,2b5926a0e79ce47d22536d38eed2629d326caca0,fix,2024-12-05T08:09:42+00:00
vitejs/vite,638de0ff39efead268ad4d00134e563c3f69e98a,docs,2024-12-13T11:24:02+00:00
vitejs/vite,27f691b0c7dca2259108fe6b79583b459429bf7f,refactor,2024-12-16T11:42:09+00:00
vitejs/vite,7d6dd5d1d655d173668192509f63ac4ebf7af299,fix,2024-12-16T19:46:27+00:00
vitejs/vite,8a6bb4e11d5c1b61511ae1e5ed3ae3c65a33b2dc,fix,2024-12-16T19:48:42+00:00
vitejs/vite,ccd1a4c4145ee1069d7baea56981a0322e7be864,docs,2024-12-16T20:54:47+00:00
vitejs/vite,21680bdf9ca7c12f677136b56e47f46469db8be2,fix,2024-12-17T05:49:30+00:00
vitejs/vite,89eea020a3723276495b950542e1c71f4ced781a,feat,2024-12-19T01:49:47+00:00
vitejs/vite,9066049216b41ac8c6b9177539647d50d3498f1f,refactor,2024-12-20T20:46:21+00:00
vitejs/vite,afff05c03266fc76d5ab8928215c89f5992f40f8,fix,2024-12-25T03:07:20+00:00
vitejs/vite,e1b520c4fbb3d65a06b04ce8fb3acfa71f253ee9,docs,2024-12-28T09:57:08+00:00
vitejs/vite,282496daaca43494feceaa59809f6ceafd62dedd,fix,2025-01-07T16:41:59+00:00
vitejs/vite,e690d8bb1e5741e81df5b7a6a5c8c3c1c971fa41,fix,2025-01-10T10:32:30+00:00
vitejs/vite,3bd55bcb7e831d2c4f66c90d7bbb3e1fbf7a02b6,fix,2025-01-14T06:34:21+00:00
vitejs/vite,db81c2dada961f40c0882b5182adf2f34bb5c178,fix,2025-01-14T09:59:08+00:00
vitejs/vite,080266213288ea2bb2c8061865ec47dc287081b0,docs,2025-01-14T10:21:01+00:00
vitejs/vite,b09572acc939351f4e4c50ddf793017a92c678b1,fix,2025-01-20T09:18:09+00:00
vitejs/vite,c9a4b7a0d87fab05ff2ff12cfc2013bd575f57ff,docs,2025-01-23T07:48:12+00:00
vitejs/vite,57b397c4aa3d3c657e0117c2468800d627049c8d,feat,2025-01-23T12:02:09+00:00
vitejs/vite,93d54439784da0c0a995e50dcfcc081ce4da0121,fix,2025-01-23T12:17:47+00:00
vitejs/vite,b7e0e42098dd2d42285a9d3c4f39c48a580367e7,feat,2025-01-23T12:26:53+00:00
vitejs/vite,a6b958741bd97d631aba21aa5925bbf2bca65dac,feat,2025-01-23T12:50:27+00:00
vitejs/vite,3766004289fde3300d1278fcf35f3bb980d9785f,feat,2025-01-23T13:05:56+00:00
vitejs/vite,caad985abca6450d56ca3d4e27e1e859fe8909b9,feat,2025-01-23T13:16:01+00:00
vitejs/vite,d0c35232c6ccbcf448941328df34d15e9f73919b,feat,2025-01-23T13:19:26+00:00
vitejs/vite,ce84142110584eadfccbd6ce9319573358af31a6,feat,2025-01-23T13:20:49+00:00
vitejs/vite,eb22a74d29813d30be48d4413d785eedb0064b2c,fix,2025-01-24T02:54:39+00:00
vitejs/vite,1992f681fc7662780f2f2fa4fdb0865a8a54deff,feat,2025-01-24T03:15:37+00:00
vitejs/vite,2bea7cec4b7fddbd5f2fb6090a7eaf5ae7ca0f1b,fix,2025-01-27T02:28:34+00:00
vitejs/vite,e28bce244918dac27b26d4e428f86b323a1c51ba,fix,2025-02-01T21:02:43+00:00
vitejs/vite,12aaa585bc3fac403bf93f48ea117482cc7f43b1,fix,2025-02-03T14:45:03+00:00
vitejs/vite,a2b2fad6adb781d3fb163a7e2ce4670d56d60748,fix,2025-02-03T14:52:53+00:00
vitejs/vite,45837817dea1fd76fbc3dcf05ca7fcd46daa7b23,docs,2025-02-03T14:53:29+00:00
vitejs/vite,602b373dcdc755816ce28913873f70550347e936,fix,2025-02-04T04:26:48+00:00
vitejs/vite,f183bdf2a799e703672ab1887d707ce120053eb2,fix,2025-02-04T09:32:28+00:00
vitejs/vite,3f5f2bddf142b2d1b162d4553d26f1ff0758b10d,fix,2025-02-04T11:35:39+00:00
vitejs/vite,fdb36e076969c763d4249f6db890f8bf26e9f5d1,fix,2025-02-05T05:57:46+00:00
vitejs/vite,fcd578587b2fbdef0ff8de8a0d97c9fc6da19ce1,fix,2025-02-05T09:38:00+00:00
vitejs/vite,b0457b4173ee7f3781b4a12e462f6c1717de7ad1,docs,2025-02-07T03:24:15+00:00
vitejs/vite,002a538e4a68345f921841bdea453f9b3d267598,docs,2025-02-07T04:38:36+00:00
vitejs/vite,171f2fbe0afe09eeb49f5f29f9ecd845c39a8401,fix,2025-02-07T04:50:30+00:00
vitejs/vite,aff7812f0aed059c05ca36c86bf907d25964119a,fix,2025-02-10T11:00:09+00:00
vitejs/vite,367cec1d89298c6d4591f84b2fb1bbbc33dd6b70,docs,2025-02-13T03:55:04+00:00
vitejs/vite,973283bf84c3dca42e2e20a9f9b8761011878b8b,fix,2025-02-13T07:28:22+00:00
vitejs/vite,ef4288e31934bb7e5537580eb0cb90ab51ff1421,docs,2025-02-13T07:31:15+00:00
vitejs/vite,29ca40bd8e6cc622fed0ccf94acfbf103ad9c9e3,docs,2025-02-13T07:56:18+00:00
vitejs/vite,d444d6a113beeeb0e9d73ff157d83c45360d5699,docs,2025-02-13T09:45:59+00:00
vitejs/vite,edc65eafa332b57ce44835deb7d7707e2d036c24,fix,2025-02-18T15:03:53+00:00
vitejs/vite,0c854645bd17960abbe8f01b602d1a1da1a2b9fd,refactor,2025-02-18T15:20:34+00:00
vitejs/vite,c575b825596ccaedfac1cfecbb9a464e5e584a60,feat,2025-02-20T03:24:28+00:00
vitejs/vite,3ebd83833f723dde64098bc617c61b37adb3ad01,feat,2025-02-21T01:21:47+00:00
vitejs/vite,2db1f23f88d8f5370bc404012e0afa1bd3995655,docs,2025-02-27T01:01:51+00:00
vitejs/vite,e9120805df4dcf202caa65f15edc7d94fb521a63,docs,2025-02-27T11:50:49+00:00
vitejs/vite,437c0ed8baa6739bbe944779b9e7515f9035046a,fix,2025-03-04T04:16:18+00:00
vitejs/vite,2476391b2854aaa67d0ed317b6d0c462e68028f7,feat,2025-03-10T08:27:40+00:00
vitejs/vite,98b3160fa5916189e756cd7c5aae87e0d8f1978e,fix,2025-03-13T07:42:00+00:00
vitejs/vite,cc2d623dca58ca3e006ecb1ffda89c16373bd20c,docs,2025-03-17T16:07:25+00:00
vitejs/vite,48151b3e3e522e1d9bb63bcb625a003cced41653,docs,2025-03-18T14:28:28+00:00
vitejs/vite,9827df2195905e5eb04b46dce357d12c3dff4876,refactor,2025-03-19T11:50:22+00:00
vitejs/vite,3d2f42bc2f49f8cc20770f627e4f0395df63b297,docs,2025-03-21T12:55:30+00:00
vitejs/vite,300280d52203b6c1d8867d956f7d5c991e2e9dfb,fix,2025-03-21T13:58:56+00:00
vitejs/vite,998303b438734e8219715fe6883b97fb10404c16,feat,2025-03-21T15:02:00+00:00
vitejs/vite,d3450cae614af4c2b866903411b6d765df3e5a48,feat,2025-03-24T05:50:09+00:00
vitejs/vite,262b5ec7ae4981208339b7b87fefbd3dd8465851,fix,2025-03-24T09:25:11+00:00
vitejs/vite,ae91bd0ad10942898c3d7aa8181249fb9682a4fe,fix,2025-03-24T13:52:00+00:00
vitejs/vite,66b2d91abcb2f0e36f1225ea51444823563b7a60,docs,2025-03-28T08:40:32+00:00
vitejs/vite,31e93ed01364b3f65506fa2edba4d3d8288cfe8e,docs,2025-03-31T07:21:16+00:00
vitejs/vite,bca89e153e58edd2b506807958557a21edacfaf8,feat,2025-03-31T07:26:38+00:00
vitejs/vite,59673137c45ac2bcfad1170d954347c1a17ab949,fix,2025-03-31T09:19:04+00:00
vitejs/vite,62d7e81ee189d65899bb65f3263ddbd85247b647,fix,2025-04-03T08:56:02+00:00
vitejs/vite,2fa149580118a6b7988593dea9e2bf2ee679506c,fix,2025-04-03T09:11:40+00:00
vitejs/vite,f530a72246ec8e73b1f2ba767f6c108e9ac9712a,fix,2025-04-04T07:26:03+00:00
vitejs/vite,b1251720d47f15615ea354991cdaa90d9a94aae5,fix,2025-04-08T14:23:29+00:00
vitejs/vite,7200deec91a501fb84734e23906f80808734540c,fix,2025-04-09T09:04:23+00:00
vitejs/vite,e2e11b15a6083777ee521e26a3f79c3859abd411,fix,2025-04-09T09:07:55+00:00
vitejs/vite,8bed1de5710f2a097af0e22a196545446d98f988,fix,2025-04-11T03:11:54+00:00
vitejs/vite,380c10e665e78ef732a8d7b6c8f60a1226fc4c3b,fix,2025-04-11T07:59:41+00:00
vitejs/vite,e360f0a65426f576cd25f14cafbd6005df78dbf0,docs,2025-04-11T10:39:11+00:00
vitejs/vite,e051936db12b52b11e39ce15e87d634c14e50d14,docs,2025-04-15T20:19:59+00:00
vitejs/vite,d4ee5e8655a85f4d6bebc695b063d69406ab53ac,fix,2025-04-16T07:47:45+00:00
vitejs/vite,b5055e0dd4c0e084115c3dbfead5736a54807e0c,fix,2025-04-17T15:30:36+00:00
vitejs/vite,6ba4b8d087a7164da3950d19b0b7a1ee7ea2efd1,docs,2025-04-17T15:33:10+00:00
vitejs/vite,f65a8165d13a3a26da14b12f38f1b4cda32c72e2,docs,2025-04-18T03:37:17+00:00
vitejs/vite,c18ce868c4d70873406e9f7d1b2d0a03264d2168,docs,2025-04-18T09:34:34+00:00
vitejs/vite,a4b500ef9ccc9b19a2882156a9ba8397e69bc6b2,fix,2025-04-21T05:58:33+00:00
vitejs/vite,3db608a4c30a327d05007a4128b178493b1f4691,docs,2025-04-22T15:17:31+00:00
vitejs/vite,16a73c05d35daa34117a173784895546212db5f4,fix,2025-04-23T10:00:38+00:00
vitejs/vite,ffab44270488f54ae344801024474b597249071b,fix,2025-04-24T02:31:37+00:00
vitejs/vite,123fbae4d63dcfbb87e0f4b6d42727b234a947b2,docs,2025-04-28T02:28:08+00:00
vitejs/vite,1f902551207dd4e995eea4263fda28aed59150a6,feat,2025-04-28T08:21:59+00:00
vitejs/vite,6d0f01ea448444190a0d759ccf36383758ae254b,docs,2025-04-28T09:22:55+00:00
vitejs/vite,fd38d076fe2455aac1e00a7b15cd51159bf12bb5,fix,2025-05-02T07:36:20+00:00
vitejs/vite,c7c17434968848f1471179c10a5fc9d2804add8b,fix,2025-05-14T15:46:00+00:00
vitejs/vite,86b5e0030bf204f8f2db0cf8ee895ab3ecf154b8,refactor,2025-05-16T01:54:11+00:00
vitejs/vite,6eaccc9009d718a1afcff2af587e81eb959f5b60,refactor,2025-05-16T02:35:42+00:00
vitejs/vite,5da659de902f0a2d6d8beefbf269128383b63887,feat,2025-05-16T02:38:54+00:00
vitejs/vite,0d18fc1dc65f5c8d855808f23754c0c4902f07d9,refactor,2025-05-16T02:52:23+00:00
vitejs/vite,a33d0c7d65d9fff9acd5de0cf3c4d371297b3990,fix,2025-05-23T09:30:14+00:00
vitejs/vite,7b588563636a6f735a6e25832f33fc08572b25d9,fix,2025-05-26T06:17:35+00:00
vitejs/vite,be78e35644ace01d81a7f7d33ce820a779e7d889,docs,2025-05-26T14:07:40+00:00
vitejs/vite,f55bf41e91f8dfe829a46e58f0035b19c8ab6a25,feat,2025-05-27T03:03:49+00:00
vitejs/vite,00ac6e410eeb15719fe020fd497f0336e7fd1aa8,fix,2025-05-27T12:16:51+00:00
vitejs/vite,3bfe5c5ff96af0a0624c8f14503ef87a0c0850ed,refactor,2025-05-27T15:31:53+00:00
vitejs/vite,70aee139ea802478bad56e5e441f187140bcf0cc,feat,2025-05-28T12:56:37+00:00
vitejs/vite,6d2dcb494db9f40565f11b50bdbb8c1b7245697d,feat,2025-05-29T04:56:30+00:00
vitejs/vite,3093bd1e5654bd77814fe1286a144cdf8522d23d,docs,2025-05-30T09:45:01+00:00
vitejs/vite,aec0770eb35960e1946e7e397e98827453551a2f,docs,2025-05-30T09:48:24+00:00
vitejs/vite,66309e87057be45ffb2b4a53c9406304c2b57b0f,docs,2025-06-04T08:58:45+00:00
vitejs/vite,8d26785b8c3f5295ca0c1519dda1ddae9096fc73,fix,2025-06-05T08:46:40+00:00
vitejs/vite,0d60667e03d91cc0d48dd2cdbd8154d94e0aba74,refactor,2025-06-05T08:48:08+00:00
vitejs/vite,89ca65ba1d849046dccdea52e9eca980f331be26,fix,2025-06-06T06:14:02+00:00
vitejs/vite,9759c29a8985da1a51de452d741850f0bf2ef7ef,fix,2025-06-06T08:43:31+00:00
vitejs/vite,494f8544a90dfb54dfc41ebd4b6971f6c1eeb8df,docs,2025-06-07T13:48:18+00:00
vitejs/vite,253d6c6df2ebe3c4a88dabb6cec000128681561f,feat,2025-06-10T01:37:14+00:00
vitejs/vite,e2695b8f3f2870c48af9771a232dbf01bd6ab7ce,docs,2025-06-10T01:41:59+00:00
vitejs/vite,f5cc4c0ded337670b439e51bc95f173e2b5cf9ad,feat,2025-06-17T02:22:46+00:00
vitejs/vite,b8a6abcf71549a223834f09a1a2d606988389d21,docs,2025-06-19T07:43:54+00:00
vitejs/vite,17700b76a6535b90e27ebfa67e2f2f78bd4ea844,feat,2025-06-23T01:24:26+00:00
vitejs/vite,6b64d63d700154de2c00270300b671cef8863708,fix,2025-06-23T02:37:50+00:00
vitejs/vite,535d4fee45bd7d93d587f8779e6238de141064e7,docs,2025-06-23T12:03:31+00:00
vitejs/vite,bdc6d443cd8dcc3e6cc1c86421ae833f419e8b67,docs,2025-06-24T09:14:34+00:00
vitejs/vite,37bdfc18f4c5bed053a38c5d717df33036acdd62,fix,2025-06-26T02:09:48+00:00
vitejs/vite,083ff36ddb34cd0143589e5ebdb7ef4939ad61ab,docs,2025-06-26T04:42:07+00:00
vitejs/vite,08ef74ccb72326678ff7506cedd31066f0205cf0,docs,2025-06-27T03:44:50+00:00
vitejs/vite,3e81af38a80c7617aba6bf3300d8b4267570f9cf,fix,2025-06-30T03:25:03+00:00
vitejs/vite,89961a9410fafee87ad0dd651a5909c05cc8d9db,docs,2025-07-03T12:43:27+00:00
vitejs/vite,db8bd412a8b783fe8e9f82d1a822b0534abbf5a3,fix,2025-07-04T04:09:22+00:00
vitejs/vite,2f17d2f65fd706aa35324d2a1babcfdd841c0b14,docs,2025-07-04T09:01:43+00:00
vitejs/vite,217c6be0be1d61782ec8a77ed0b2a691ea2e6de0,docs,2025-07-07T03:58:25+00:00
vitejs/vite,81a406672b64dcdaf3b9d3def21c82e50a4fc0d0,docs,2025-07-10T03:52:27+00:00
vitejs/vite,e75d31f0c7c59606281c4bb9596ba594ea2862e2,docs,2025-07-14T07:05:50+00:00
vitejs/vite,c9614b9c378be4a32e84f37be71a8becce52af7b,fix,2025-07-16T10:15:07+00:00
vitejs/vite,27a192fc95036dbdb6e615a4201b858eb64aa075,docs,2025-07-17T13:07:11+00:00
vitejs/vite,e49f50599d852eec644e79b074b4648e2dff1e5d,fix,2025-07-22T14:44:28+00:00
vitejs/vite,344d30243b107852b133175e947a0410ea703f00,feat,2025-07-25T02:54:56+00:00
vitejs/vite,8c8f5879ead251705c2c363f5b8b94f618fbf374,feat,2025-07-25T02:58:17+00:00
vitejs/vite,45f6443a935258d8eee62874f0695b8c1c60a481,feat,2025-07-25T02:59:56+00:00
vitejs/vite,26d987232aad389733a7635b92122bb1d78dfcad,refactor,2025-07-25T03:05:26+00:00
vitejs/vite,61a97780e6c54adb87345cb8c1f5f0d8e9ca5c05,refactor,2025-07-25T03:45:01+00:00
vitejs/vite,8033e5bf8d3ff43995d0620490ed8739c59171dd,fix,2025-07-25T12:56:04+00:00
vitejs/vite,5c97c22548476e5f80856ece1d80b9234a7e6ecb,feat,2025-07-28T02:44:06+00:00
vitejs/vite,95927d9c0ba1cb0b3bd8c900f039c099f8e29f90,feat,2025-07-28T04:03:51+00:00
vitejs/vite,10d48bb2e30824d217e415a58cea9e69c2820c2a,fix,2025-07-29T10:05:06+00:00
vitejs/vite,e6aaf17ca21544572941957ce71bd8dbdc94e402,feat,2025-07-29T10:08:38+00:00
vitejs/vite,62b3e0d95c143e2f8b4e88d99c381d23663025ee,fix,2025-07-29T10:30:15+00:00
vitejs/vite,c12a4a76a299237a0a13b885c72fdda6e4a3c9b7,fix,2025-08-01T06:13:27+00:00
vitejs/vite,3676da5bc5b2b69b28619b8521fca94d30468fe5,fix,2025-08-04T08:15:58+00:00
vitejs/vite,c5a10ec004130bec17cf42760b76d1d404008fa3,fix,2025-08-05T04:18:59+00:00
vitejs/vite,794a8f230218a3b1e148defc5a2d7a67409177ff,feat,2025-08-05T04:55:16+00:00
vitejs/vite,9ebe4a514a2e48e3fe194f16b0556a45ff38077a,fix,2025-08-05T05:19:39+00:00
vitejs/vite,bac9f3ecf84ae5c5add6ef224ae057508247f89e,fix,2025-08-05T08:32:05+00:00
vitejs/vite,e7d0b2afa56840dabbbad10015dc04083caaf248,feat,2025-08-05T08:32:14+00:00
vitejs/vite,bd1e01997d938e03461125679deccf3ecc60b60f,docs,2025-08-05T08:44:10+00:00
vitejs/vite,6a46cdac5dece70296d1179640958deeeb2e6c19,fix,2025-08-06T01:30:29+00:00
vitejs/vite,f1a2635e6977a3eda681bec036f64f07686dad0d,fix,2025-08-06T02:01:58+00:00
vitejs/vite,97d5111645a395dae48b16b110bc76c1ee8956c8,fix,2025-08-07T06:26:26+00:00
vitejs/vite,76c5e40864f42bb33ee7ea9184e32d5156fa1a4a,fix,2025-08-07T08:01:34+00:00
vitejs/vite,826b394e0efd033d2fe88126fe9a28da9573bd8f,fix,2025-08-08T01:10:58+00:00
vitejs/vite,7cdef612a65da5363905723f77516b6745ac9a94,fix,2025-08-12T00:59:25+00:00
vitejs/vite,20d48172a0352d32f766b3c878d52a8944fdbf6e,fix,2025-08-12T01:05:07+00:00
vitejs/vite,86d2e8be50be535494734f9f5f5236c61626b308,docs,2025-08-12T11:22:03+00:00
vitejs/vite,42993bb523de81120cd4450048b3e71ec2a37c2b,docs,2025-08-18T12:29:16+00:00
vitejs/vite,a1be1bf0905b9086e5f1370c63d76a7fa4a195ec,feat,2025-08-19T03:43:56+00:00
vitejs/vite,530687a344c51daf3115d1c134586bbde58356e0,refactor,2025-08-19T03:55:24+00:00
vitejs/vite,816d800d6f2739fc39978aa13509b085ca3490a1,docs,2025-08-25T00:45:00+00:00
vitejs/vite,5a274b29df83744cf0ce4dafd94029d2a9e01135,fix,2025-08-25T04:16:57+00:00
vitejs/vite,138d71e2193ce3d30bd32313393ecb6071655018,fix,2025-09-15T05:49:13+00:00
vitejs/vite,88af2ae7df77160e7d11a9fa147a4967c8499f13,fix,2025-09-15T07:02:22+00:00
vitejs/vite,4c4583ce7a13306e0853901570c5d95517fe81da,fix,2025-09-18T08:16:42+00:00
vitejs/vite,c095037129d44a4991f57172a2eadbd2e45c6543,docs,2025-09-19T00:59:23+00:00
vitejs/vite,105abe87c412cf0f83859ba41fed869221cbb3e0,fix,2025-09-20T11:01:06+00:00
vitejs/vite,98a3484733443ee529870477a6ab6a03572e3cbc,fix,2025-09-22T04:01:24+00:00
vitejs/vite,925cefe8ee5c88c9b5b6fa525f46addc4a8aef83,feat,2025-09-22T12:35:09+00:00
vitejs/vite,c15847ea46907f34302d616a9d83e717cec6758b,docs,2025-09-23T01:49:50+00:00
vitejs/vite,0c1bc8af3422a4c4a3f39ba4a759d9f169e04833,fix,2025-09-23T04:46:33+00:00
vitejs/vite,01ae66387cf1f44e029c427251af7d09b9eb2567,fix,2025-09-23T14:00:05+00:00
vitejs/vite,d65a9831c984e562c5bf2b5f427de16f6e1bd931,fix,2025-09-25T00:42:24+00:00
vitejs/vite,302f8091b2a5e342f90d98c97331d2177bb48336,feat,2025-09-25T08:00:32+00:00
vitejs/vite,788a183afce57de13f5656f0cf42cdf6fdc3ebaa,fix,2025-09-30T07:45:32+00:00
vitejs/vite,c1caacdfae2917e91d26d3cb4d3a80d9fa11634f,docs,2025-10-02T03:01:48+00:00
vitejs/vite,3a92bc79b306a01b8aaf37f80b2239eaf6e488e7,fix,2025-10-08T03:24:11+00:00
vitejs/vite,6ebefe1bcac910874bbd0cc5a0473e3dea2e655f,docs,2025-10-14T05:52:52+00:00
vitejs/vite,dff138188a9830be2f99b941e247748cde605b2e,docs,2025-10-14T12:17:51+00:00
vitejs/vite,3d319403ed0f656ff20daaef1b3888f7e7c50dac,docs,2025-10-14T12:43:54+00:00
vitejs/vite,02eee7ace80ef078d9768b7731330ecc8a4d4d85,docs,2025-10-19T08:15:51+00:00
vitejs/vite,c4f6039436657db50c610aa17eaf821dbd4ad57d,fix,2025-10-20T05:56:22+00:00
vitejs/vite,ff2d83e2e7a3f7eba72f41b40686912f1e4b6843,fix,2025-10-21T03:45:51+00:00
vitejs/vite,24513e567c643d5f6fb61af6298aa3fc2b166b90,feat,2025-10-22T08:06:41+00:00
vitejs/vite,77c25c16ba9f3568e55fd4135f57c70f984d3fdd,fix,2025-10-23T03:00:03+00:00
vitejs/vite,6843a6ae49df8ca523104a8ccfb9a8f9602b3881,fix,2025-10-27T01:21:33+00:00
vitejs/vite,f86789a6e237bd0e31cde3a3f09bdef45bfa7d1c,feat,2025-10-28T02:21:32+00:00
vitejs/vite,f83264f5d97caa8ba80276a9ee9e82cb0e69c4ca,refactor,2025-11-05T09:13:16+00:00
vitejs/vite,02e13689165628a12d101ccb43cdeb3ee2aafd5e,docs,2025-11-06T02:47:19+00:00
vitejs/vite,99157c98e47cf6707eeee8c1c4b60654a99a90b9,docs,2025-11-06T02:53:32+00:00
vitejs/vite,0e0d8134d19b6e5042a90dc908ad909ab540b69d,docs,2025-11-06T03:08:32+00:00
vitejs/vite,82d2d6ccf5a69c3d67e44e3704a0c3eb34db2236,fix,2025-11-06T03:49:35+00:00
vitejs/vite,d43dbd7f8ecc6146f5d1f170417fe66c93739d2c,docs,2025-11-07T06:10:06+00:00
vitejs/vite,847b51b8015a2e8193094a1774b7a121bfa4424b,docs,2025-11-09T03:35:08+00:00
vitejs/vite,6a34ac3422686e7cf7cc9a25d299cb8e5a8d92a0,fix,2025-11-10T03:47:51+00:00
vitejs/vite,5909efd8fbfd1bf1eab65427aea0613124b2797a,fix,2025-11-12T11:50:52+00:00
vitejs/vite,0a86262cb253a6a38bb02d72a39805fe552b944b,feat,2025-11-18T02:41:32+00:00
vitejs/vite,2d66b7b14aa6dfd62f3d6a59ee8382ed5ca6fd32,fix,2025-11-20T07:18:02+00:00
vitejs/vite,aad075d7b0c92df2c727dd9d0a19805416e6cc3b,docs,2025-11-27T03:30:39+00:00
vitejs/vite,df5a30d2690a2ebc4824a79becdcef30538dc602,fix,2025-11-27T03:31:15+00:00
vitejs/vite,a691bfc313af21e31b5fc5c1ff2b38c45a76fdd0,docs,2025-12-01T04:20:00+00:00
vitejs/vite,72e398a46d8d2f54fbcbeb9ff0dceab346aeb642,fix,2025-12-01T05:16:32+00:00
vitejs/vite,ab0c3b26533ebe48c9db3f7238938cec665f64ef,docs,2025-12-02T05:45:49+00:00
vitejs/vite,8e6c78d7d51a191a10671870659c2b18893e840e,refactor,2025-12-03T08:04:39+00:00
vitejs/vite,7ee491d80ba900115daeb09d0ba2559fc0810489,docs,2025-12-03T09:13:22+00:00
vitejs/vite,2b8befab3ce0d10b9fec3dcc88c832a79007c47c,docs,2025-12-03T09:15:16+00:00
vitejs/vite,f596aa2cb974fb56d92c4812e26604c7d2998d1a,docs,2025-12-03T09:15:46+00:00
vitejs/vite,245191302599e79248ff13d780ee4dafee0de2bf,docs,2025-12-03T09:41:41+00:00
vitejs/vite,45722e0c31dc5ad4c0417763b6db79fe0527d73e,docs,2025-12-03T11:05:05+00:00
vitejs/vite,1b5d9bd1b9753caf06bc3345b456a927e730de3b,docs,2025-12-07T10:12:55+00:00
vitejs/vite,9b1d4d6f348c8899bd7651bd802f583e99b901ee,docs,2025-12-09T02:13:06+00:00
vitejs/vite,2f9428d1ffd988e30cb253d5bb84844fb1654e86,feat,2025-12-11T04:57:30+00:00
vitejs/vite,89647524f14e92e399b863bf6679e747d415125c,docs,2025-12-12T01:44:18+00:00
vitejs/vite,7da742b478d2309c7d8de4cb55614a6476f350b4,fix,2025-12-12T02:08:05+00:00
vitejs/vite,2eb259a84859c7656718258afed08eb80670f530,docs,2025-12-12T02:09:35+00:00
vitejs/vite,9890dd6cddc5a3940c7fde2ec7966923f43e3957,fix,2025-12-15T01:43:31+00:00
vitejs/vite,221e3f1bed86881d21f5422082d7e4c44d86956c,docs,2025-12-15T03:52:32+00:00
vitejs/vite,4635b2e90f833d1048d76381e20208c0e0841e97,fix,2025-12-15T04:50:56+00:00
vitejs/vite,98d9a33274d9ac90780786afa612d916feddf2e3,feat,2025-12-15T13:17:18+00:00
vitejs/vite,e81c183f8c8ccaf7774ef0d0ee125bf63dbf30b4,fix,2025-12-16T09:46:34+00:00
vitejs/vite,ef3d59648fd9dd3f9b3118d09d216dc0afcb8c33,fix,2025-12-17T06:03:57+00:00
vitejs/vite,2c8db858d7081e898f63ce9569c3f19a91a10956,feat,2025-12-18T01:39:11+00:00
vitejs/vite,4a472418c02a0821900678778752c2d361bae3bd,fix,2025-12-22T12:07:11+00:00
vitejs/vite,b2e75aabe93e3219f40fa5ad8755d53cdd2439b5,feat,2026-01-07T05:48:12+00:00
vitejs/vite,60eb3be18cb82f167394c4ea3245a010953fb2c2,docs,2026-01-07T05:52:37+00:00
vitejs/vite,00379439fa62383460b056d587d0366597c19ab4,feat,2026-01-08T01:37:00+00:00
vitejs/vite,93d790d44a93ac6f4193a72e7d44f5a217d02f2b,docs,2026-01-13T09:19:18+00:00
vitejs/vite,df767edeaecc73d0e78cdadb42d7fb1646955951,fix,2026-01-14T04:34:43+00:00
vitejs/vite,fc870f62d3348b58da60b60d0532f0abce4f77f2,docs,2026-01-14T05:26:56+00:00
vitejs/vite,6e6f82a067acc6e158be3b82edb3d7d2888f9af2,fix,2026-01-14T05:40:46+00:00
vitejs/vite,a2adb0253f100864a5d3c00df490ed3f9ef3c739,docs,2026-01-14T06:50:31+00:00
vitejs/vite,757673528c64945b77aee4a8e01669ccd0644973,fix,2026-01-14T08:39:45+00:00
vitejs/vite,ea1831af18ef084187db332200a45d921844d75d,docs,2026-01-15T01:05:50+00:00
vitejs/vite,6633bcb94149a2923cb6419aa481c5384bcf9310,fix,2026-01-15T01:18:20+00:00
vitejs/vite,33e74e5ad29342668ebc20c48e5ac2214d3ac8d2,fix,2026-01-19T09:51:40+00:00
vitejs/vite,6864c2727a19270339b9693b8abdd4c26c92d1c3,fix,2026-01-19T10:33:15+00:00
vitejs/vite,b6948bb55d0de715346a99030c7dcb2035f492aa,docs,2026-01-20T02:30:19+00:00
vitejs/vite,602d7865db2b12835c8225f3e87076bef4e247b9,fix,2026-01-20T08:43:34+00:00
vitejs/vite,d2fc4be0447e384e18e557b70f7c345d5bcea941,fix,2026-01-22T12:44:17+00:00
vitejs/vite,d739f4f662f94c0432f9e5bda53573c712d55a06,docs,2026-01-23T09:59:18+00:00
vitejs/vite,54ce2ed15a95619bd18ac6609b7d7b5f42b4965d,docs,2026-01-23T11:01:16+00:00
vitejs/vite,62dac3cf2fc6f12fe6eaf613fa89ca1e0dccc54d,docs,2026-01-24T09:24:45+00:00
vitejs/vite,2b32ca24fe9d742901c2cb5c88e6b1fd734f8c73,fix,2026-01-26T05:42:45+00:00
vitejs/vite,2c00fa9e14c512948e1991ae8f846d86e4193f18,docs,2026-01-26T07:37:53+00:00
vitejs/vite,80755dacab296cd2083fef29e09280ceb810a943,docs,2026-01-28T03:43:14+00:00
vitejs/vite,f9d92130fa79c638f77a3a8e6e55506f185d5a49,refactor,2026-01-28T05:32:20+00:00
vitejs/vite,5025c358d119aa0b60d0505f9dd705950ad897f6,fix,2026-01-29T03:12:00+00:00
vitejs/vite,8bb32036792a6f522f5c947112f3d688add755a0,fix,2026-01-29T08:39:57+00:00
vitejs/vite,c47015eba4f0de255218c35769628d87152216ca,docs,2026-01-30T07:37:02+00:00
vitejs/vite,d18b13957b3bec08eae5a9ff80340488c8150d46,fix,2026-02-03T05:50:24+00:00
vitejs/vite,acbf507bcb05f9cd9525c765431b3e0ed97328e4,feat,2026-02-04T11:24:33+00:00
vitejs/vite,d8a6b3de49d10fcae022631374e26d919d29f70a,docs,2026-02-04T11:48:21+00:00
vitejs/vite,c367b62693f19040e64d14915877f0b05b8ac7ae,refactor,2026-02-05T02:28:11+00:00
vitejs/vite,d2e37cdddadb6b1959cfcd87afaef6159b6ffdc7,docs,2026-02-05T03:03:42+00:00
vitejs/vite,71a86be6d9b9ea0329e92f20671f4db1f020874d,refactor,2026-02-05T08:11:26+00:00
vitejs/vite,e8c9334c4843324f760ec3a862f2778d0be9ea4a,refactor,2026-02-09T05:48:24+00:00
vitejs/vite,4fd3a01023cd24e075140d0931ab8da9eccda8ab,docs,2026-02-09T06:25:20+00:00
vitejs/vite,4bba787083393bdc79f5f49da9c0e86a497eee64,fix,2026-02-09T10:48:29+00:00
vitejs/vite,5a4f6924260ef0f2683177a99935160badea3f3b,refactor,2026-02-10T05:13:37+00:00
vitejs/vite,9aea20f4a190e0e1c7edc656361d636cd6ce642f,refactor,2026-02-10T10:17:13+00:00
vitejs/vite,1ee5c7f796c24d7319fbd5258bbdce4968859efe,feat,2026-02-12T03:57:54+00:00
vitejs/vite,0377f6b71e6bea8185ff6f0df5135902bb04982a,docs,2026-02-12T10:13:16+00:00
vitejs/vite,167cd39284895986b47f9b194ed32ee9838be1bd,docs,2026-02-12T13:00:46+00:00
vitejs/vite,17eb3bae0e74f0376a5e6642311cd516f4156427,docs,2026-02-13T12:08:43+00:00
vitejs/vite,8ce23a3b6e1eb86eef2b50c1bfbad072bbf9a03a,fix,2026-02-16T06:02:24+00:00
vitejs/vite,cc50822161f43ac60b932f2b4f63129bdb5590dc,feat,2026-02-19T07:07:43+00:00
vitejs/vite,fe949f78c0ef057bf59dc46d97ac0ed11d251ed7,refactor,2026-02-23T03:11:48+00:00
vitejs/vite,8e360af3d7a5f795441da7ecc2172862e1eb3df7,docs,2026-02-23T03:20:40+00:00
vitejs/vite,521fdc0ced51ddee7f728e6f891f36ebc6c0e1ce,fix,2026-02-24T05:44:54+00:00
vitejs/vite,37a65f8c31b5baeb4dadecfd4da98f81bae4202e,feat,2026-02-27T01:47:12+00:00
vitejs/vite,5c921ca9bfe64327df82b04ae34ccfe0a7cfa297,fix,2026-03-02T03:55:10+00:00
vitejs/vite,dd3c4f4cf0f9e665e56e6d9a9cb7007fc3ac0dc3,fix,2026-03-03T07:38:54+00:00
vitejs/vite,1958eeb34f9eab93f106b785c1c2ddf97b5c3b3a,fix,2026-03-03T11:17:30+00:00
vitejs/vite,fc46c79797e9ec22a5a4fb1999f6268f72d586f8,refactor,2026-03-03T12:11:32+00:00
vitejs/vite,0176d45deb29f5db1f551d20d828598c2130be36,fix,2026-03-06T13:14:33+00:00
vitejs/vite,3a0d8d94a8868f5e118c81bc35a657ef19ff7d82,fix,2026-03-09T01:27:48+00:00
vitejs/vite,75143a9ac8f2b9e4c6076b1ef3d302031ea8f57f,docs,2026-03-09T02:02:15+00:00
vitejs/vite,eaa4352af8f8658e3a10a9945ad9c227fcb2f28a,fix,2026-03-09T11:09:04+00:00
vitejs/vite,d1bcc91becf737cf8a36fe2202e14dadfb9e9a63,docs,2026-03-12T04:00:13+00:00
vitejs/vite,ada493e4214ef2028b96583550443a386be2e2ae,feat,2026-03-12T06:13:44+00:00
vitejs/vite,e4bcd59b2549801e55bbf41a92bd295288e27d0d,fix,2026-03-12T14:40:34+00:00
vitejs/vite,3e1bb7d71880a725c9f8f2f53dfeca9cff47dddb,docs,2026-03-16T02:27:56+00:00
vitejs/vite,40bc7293ef574103171f72cc8618f9ef22cc5fa0,fix,2026-03-17T07:04:26+00:00
vitejs/vite,5242c33e2fd7711da8052e3de96366f61a072f7e,docs,2026-03-18T09:28:34+00:00
vitejs/vite,5fcce46a609bc3e3c600810918626b5fc8f16448,fix,2026-03-19T03:21:50+00:00
vitejs/vite,5ba688bc422c54944bc6fc563bfe1ba2616a0911,fix,2026-03-19T03:51:36+00:00
vitejs/vite,d323ed7a824c232597c2b4ef2a4f3494e5231c3d,fix,2026-03-19T04:01:07+00:00
vitejs/vite,69454d7136f18334e9a58862741ec14a5edf6f98,fix,2026-03-19T04:06:24+00:00
vitejs/vite,d63fb0044a31d6abc42275ffa3462e1a5874bb98,docs,2026-03-19T17:03:35+00:00
vitejs/vite,b5b8f9b75561dfbec729059c5fa87a889c89bcf2,docs,2026-03-23T04:28:18+00:00
vitejs/vite,84164ef47b24b1de114f1c29446a9e650825d4ea,feat,2026-03-26T02:51:50+00:00
vitejs/vite,285fc6fc5f091287811dd850d5017ed134d709e5,docs,2026-03-26T04:33:27+00:00
vitejs/vite,05803be47e88a0a0f2b792f0d9b819770bd23dbf,docs,2026-04-01T02:12:54+00:00
vitejs/vite,56f733625d3a609b83b91f369314bca25eafebde,docs,2026-04-04T13:46:46+00:00
vitejs/vite,22b016612703320db45c64a2fe44472051ef5ec5,fix,2026-04-06T05:32:47+00:00
vitejs/vite,79f002f2286c03c88c7b74c511c7f9fc6dc46694,fix,2026-04-06T11:20:48+00:00
vitejs/vite,9f5d482aad15bf441481309017e6ca62aaf9b921,docs,2026-04-07T05:03:35+00:00
vitejs/vite,93a828f2dc88c633fe46d1afec6eaf38ec91f0fe,docs,2026-04-07T07:28:00+00:00
vitejs/vite,7706a7d8c94c7a3d9463d1de856b7b583f479552,docs,2026-04-08T04:35:44+00:00
vitejs/vite,6baf587255936e91348cbe624caefd10e8c607ab,feat,2026-04-09T03:31:11+00:00
vitejs/vite,e1376018cd516d6970534fce495e24f9ee683ce3,fix,2026-04-09T03:41:02+00:00
vitejs/vite,a07a4bd052ac75f916391c999c408ad5f2867e61,refactor,2026-04-09T11:39:24+00:00
vitejs/vite,9163412fdfec7fb1656529713326a5b5c5e986ea,docs,2026-04-13T02:44:24+00:00
vitejs/vite,bc5c6a7a498845dff20dc410c395355b79a4b753,docs,2026-04-13T09:30:28+00:00
vitejs/vite,374bb5d597fcd0485e929565c698d8ed219136f8,fix,2026-04-17T05:36:15+00:00
vitejs/vite,fc08bdab9bba871b03689f2f6997c3a4ba4351da,fix,2026-04-17T05:37:38+00:00
vitejs/vite,868f1411a6f474baa4417f2d6524692dd452f760,fix,2026-04-20T03:30:04+00:00
vitejs/vite,605bb97994678a1bb70a8de9a85c29d5f5d48c5a,docs,2026-04-20T04:04:48+00:00
vitejs/vite,959fee53fdb8e647a62b11182ff05973d0815018,feat,2026-04-20T05:08:17+00:00
vitejs/vite,04f974fbae1df6b7b6423d9083130579cdfa06ef,docs,2026-04-21T07:28:09+00:00
vitejs/vite,943751801f70057ae94f9092e349c8f3fd9ccdf2,refactor,2026-04-22T01:40:00+00:00
vitejs/vite,5c7cec69b637544ab16009d8758df7dbbf7f2674,fix,2026-04-22T02:39:45+00:00
vitejs/vite,83f0a785a2ae48d6761fb69f4b0523a24ae9342c,fix,2026-04-23T03:58:23+00:00
vitejs/vite,a4d828f2d5ed85440bc0774eab342e6f9a5e5f62,fix,2026-04-23T04:29:24+00:00
vitejs/vite,30028f94516fa06dd0212567373169b3b3f6e393,fix,2026-04-23T12:34:13+00:00
vitejs/vite,672c96288fd5440bbecddc65551e713edeb8d403,fix,2026-04-27T07:13:52+00:00
vitejs/vite,2151f701dc98270c905c540b209fb6d23d53d3ad,docs,2026-04-28T02:26:39+00:00
vitejs/vite,7c3a61f42da6445904e93f0e29e9a2a838fa684a,docs,2026-04-29T03:36:21+00:00
vitejs/vite,3f80524aa1fa40bfa831f1a1bf2641c3979ba396,feat,2026-05-07T04:33:13+00:00
vitejs/vite,3c93fde21f07d44db7669ca7484f4e7a8767afe5,fix,2026-05-08T07:55:11+00:00
vitejs/vite,b675c7b6697423275ad9dd521d3ce7c8679761a0,fix,2026-05-11T04:34:58+00:00
vitejs/vite,a5763266170f8606836da5c6f987b4b2fd6ddc55,fix,2026-05-14T02:33:55+00:00
vitejs/vite,158e8ae8efdf7075ab295727e36b5ff68da3243e,fix,2026-05-14T10:05:12+00:00
vitejs/vite,3d3c0b843559d3985d57bf3d939a71aa97d5883f,docs,2026-05-18T02:25:36+00:00
vitejs/vite,c85c9eeb9aaf41f477b48b057146887bd5620797,feat,2026-05-25T05:41:33+00:00
vitejs/vite,85a0eff1c82bbb7c99a0fe8e63704316578a40d3,fix,2026-05-29T02:29:04+00:00
vitejs/vite,646dbedd2870f8ec48df0321177d8aa64bbd1575,feat,2026-05-29T04:20:13+00:00
vitejs/vite,dc245c71e5007ea4d891a025e2d69ac96c736546,fix,2026-06-01T09:41:38+00:00
vitejs/vite,3fbb55add62a1b94a2b47b7da70db4ae99a7c943,feat,2026-06-02T04:15:35+00:00
vitejs/vite,0b7aaedc98cacb00e6db33f5f79a70192da38304,feat,2026-06-02T04:15:52+00:00
vitejs/vite,735f9a19a9d0e313c865c87daad677aaf358406b,feat,2026-06-02T04:16:15+00:00
vitejs/vite,4417b4f305623b2850bd6ae6553834c017694672,fix,2026-06-02T04:18:37+00:00
vitejs/vite,9ce3036d31d4e56b8ef3730a39a7f0e54baa951f,feat,2026-06-02T05:13:00+00:00
vitejs/vite,f8d75f7723aeb635126c8dc0e0c33266c72d24c0,feat,2026-06-02T05:14:17+00:00
vitejs/vite,1298951ebc5e5a94164c21f142fe748ca37eea68,fix,2026-06-03T03:41:38+00:00
vitejs/vite,cc39e55401d559b771fa3e029d90c419a364b805,feat,2026-06-03T05:53:54+00:00
vitejs/vite,fef134a37d265db82fba06599636a167a6aee59c,feat,2026-06-04T04:07:40+00:00
vitejs/vite,4551a4bbc26e3434048f87035dd5c2f8be411c3e,docs,2026-06-04T13:13:04+00:00
vitejs/vite,092320bfe115e4d9952a7d172bc40cd3ec14a4c3,fix,2026-06-06T03:16:35+00:00
vitejs/vite,44bb9d95a246011a2fba9a19cadeac4181bef1b4,fix,2026-06-08T08:41:43+00:00
vitejs/vite,689a0669ad926461f3f1b81701cb6c01f7b2bd4a,fix,2026-06-08T14:10:45+00:00
vitejs/vite,4074add63e4dbe777c30c5183a526928c0724fca,docs,2026-06-10T05:12:45+00:00
vitejs/vite,8a13d6337eea3e74d6a7abaaa7e1d378f5b9bc49,feat,2026-06-11T09:58:42+00:00
vitejs/vite,5edd1d5a5b9105682246585482c6efe003b45e06,refactor,2026-06-11T10:08:38+00:00
vitejs/vite,a7e2da8cdb306cfdf1660aa4b1fe24873a8dd873,feat,2026-06-12T11:27:16+00:00
vitejs/vite,f4f063382dde0d67b2158374c56443d0bf5c9501,fix,2026-06-15T02:16:24+00:00
vitejs/vite,e1803128e5698202e22c6e5e17dc9ebd83d4f3f5,feat,2026-06-15T02:16:42+00:00
vitejs/vite,456901bb64de3f7c116e2c6cc1f9624d131b52f3,feat,2026-06-15T02:28:53+00:00
vitejs/vite,8e8816ca9fa249d210150c5590bac06af3560aa7,refactor,2026-06-16T09:28:02+00:00
vitejs/vite,61ba8fdc6500e8aa668021833ae5e6ebd200466d,feat,2026-06-19T03:13:15+00:00
vitejs/vite,0e91e79841b501d29dc86a6b7c0313660781196a,fix,2026-06-19T11:40:27+00:00
vitejs/vite,da727337b13ac6144e523eb06852b2a52c377f22,fix,2026-06-19T11:46:51+00:00
vitejs/vite,9a0dd481ac2160078b8173879e0fa86e5e6af05d,fix,2026-06-23T01:53:59+00:00
vitejs/vite,57f59bc843dd527a81c503684b7f408872edaef3,refactor,2026-06-23T10:23:11+00:00
vitejs/vite,2ce6677a151c53a019baec32859b646267f9d320,fix,2026-06-26T03:58:47+00:00
vitejs/vite,7e18bf802bdde7a386eb3b407c87a67f89a895ca,fix,2026-06-26T09:34:16+00:00
vitejs/vite,5876b2cc2e1a01df9363e1e3d1d19f474ba68285,fix,2026-06-26T09:56:06+00:00
vitejs/vite,8837400a676a633af1ad6d3746b584d13cf90ecc,fix,2026-06-30T06:45:46+00:00
vitejs/vite,374a24aa3377b2b875a6577c2397fa03f71a94da,docs,2026-06-30T07:45:17+00:00
vitejs/vite,62bd7afd27ec0507bf528a135165dda3a44ebc21,feat,2026-06-30T09:43:13+00:00
vitejs/vite,efb98cce73f3f89c4f03936ab7741cd5b0636f5c,fix,2026-06-30T15:47:27+00:00
vitejs/vite,79d9116fa652a2dbe40ba92f6849928a98068ef7,docs,2026-07-02T00:53:37+00:00
vitejs/vite,7cf07e4c5f7a6af276012e0c2ec06e08499e951e,fix,2026-07-06T10:02:22+00:00
vitejs/vite,d4295a9ffce428c0e51892373e00c07fccc0498a,fix,2026-07-06T10:46:28+00:00
vitejs/vite,ea22fb352aad9a42c0a9d08f39d8a0bae8c111a5,refactor,2026-07-06T10:47:56+00:00
vitejs/vite,e959aa017aabc0a1e5a401a43ada19579fea49d7,docs,2026-07-09T02:46:47+00:00
vitejs/vite,173a1b648c321e0f836e5a94fc47c4fa9b081bfc,fix,2026-07-09T04:13:25+00:00
vitejs/vite,3c94c7c001681d47896dff53be5e2334c13ce9d5,docs,2026-07-10T01:44:44+00:00
vitejs/vite,d2e467d8b68525ea111d7c3f6bae24ebd7afe672,docs,2026-07-10T02:01:40+00:00
vitejs/vite,f8b38e316bcefbf29f762f90ee49c88cd52c43b5,fix,2026-07-16T04:52:24+00:00
vitejs/vite,0a3c1dd20976bdbcaaf9ed46e85c417952b78e95,docs,2026-07-21T06:00:57+00:00
vitejs/vite,abb793e18c92592c21fbb8e1f3fc450b5839f04f,fix,2026-07-21T08:28:56+00:00
vitejs/vite,960e9efbc1372000caac46cc2f123cef4824e2bb,feat,2026-07-22T04:29:03+00:00
vitejs/vite,428d8af8135626d783f963e3ba9b2378b64f680b,fix,2026-07-23T03:59:03+00:00
vitejs/vite,91f32574fa19544e5ea810c8f536c4dfbccef17c,docs,2026-07-23T03:59:55+00:00
vitejs/vite,fb59b469a5e395ff8990af29a0e310c0e2c429fa,docs,2026-07-23T04:17:26+00:00
vitejs/vite,791843e1591ec2d65a401560bc1fc0a85b32ee32,docs,2026-07-23T07:18:00+00:00
vitejs/vite,95a3cdab83e1125b03d2e8dd942fb6b64209e5fa,feat,2026-07-24T05:49:07+00:00
vitejs/vite,6b3210c488fbdee2ed8ee19b7c53c8ca07b4cb68,docs,2026-07-27T10:44:00+00:00
vitejs/vite,51207ba63cc09547aecafaba8d1354cdd8a54871,docs,2026-07-28T05:19:36+00:00
vitejs/vite,0d04351fdc12258c75b9f1cda5780fdb836ed0ef,feat,2026-07-28T05:32:40+00:00
vitejs/vite,fa005d19af5d847931c6dbefc63841c137383e6c,fix,2026-07-30T06:15:46+00:00
vitejs/vite,41df81a6a4c3eef08f7a9a8ac9530cd136c0eafa,fix,2026-07-30T10:00:07+00:00
vitejs/vite,b24381d741941b9ce2b1c07db62cc5f4d7bad981,feat,2026-07-30T11:05:33+00:00
vitejs/vite,14454fd8c9a399bc3fdc193e28465b6fcf001e4d,fix,2026-08-03T04:45:37+00:00
vitejs/vite,40a3999e66b5b51f45ec0ead60265f3b2184e780,docs,2026-08-03T05:01:15+00:00
vitejs/vite,23b8a088dec9dcc3f1c1353f2074f8644b3cc21f,refactor,2026-08-04T09:22:04+00:00
vitejs/vite,ef02435114c57d0422028f0e6987f3df8db72969,docs,2026-08-06T03:22:17+00:00
vitejs/vite,15f03073c915d6ffb9a1fda447ef66b02bf5cde8,fix,2026-08-06T12:37:09+00:00
vitejs/vite,fddf4ea41de5f7889037a2f957438857ac12a260,fix,2026-08-06T13:01:23+00:00
vitejs/vite,7e221fc61e3f4c57371ce7dc24c51e887ae33157,docs,2026-08-07T01:12:20+00:00
vitejs/vite,e2d47490c931f25fa79fb41f50c23e85b0254e9b,docs,2026-08-07T03:03:13+00:00
vitejs/vite,6a3339811d0f9cd5baed22a34571dff2596be1a1,docs,2026-08-07T03:03:23+00:00
vitejs/vite,57fea001d154e7dd8d5d74d3082731f1dcfd31be,docs,2026-08-07T07:37:01+00:00
vitejs/vite,8fb76752836f61224d3095b502fa237b478a06b2,fix,2026-08-11T02:50:06+00:00
vitejs/vite,74a25c324e4f1cd4a73ec594594f6944911fd6ed,docs,2026-08-13T03:05:41+00:00
vitejs/vite,a20a35ec0685e374519864d0f41dd5f6e9ba0271,docs,2026-08-13T17:31:22+00:00
vitejs/vite,83ecb2c8059e8ce946a7cc835d4c14ef78aef4fd,fix,2026-08-17T06:57:22+00:00
vitejs/vite,02cffa9e2d38d5d8f12e4043ee9d0f7abb1471e2,fix,2026-08-18T04:56:25+00:00
vitejs/vite,3ba026dade4af56df08815310d3458fa110f5c5c,fix,2026-08-18T06:51:12+00:00
vitejs/vite,d9b10a98db1c293ee64300bd75d568b44c8ae931,fix,2026-08-19T02:11:18+00:00
vitejs/vite,4417cbfc9e8f4bf42b3c785ca32d05dbbbbfb9b5,docs,2026-08-19T07:11:19+00:00
vitejs/vite,8413052731836d4aaf3eb94a0f25788dd35d2888,fix,2026-08-19T11:50:18+00:00
vitejs/vite,9db0b61d4c9c7caad7ea1d9670b637faf2bb6c93,fix,2026-08-20T03:53:30+00:00
vitejs/vite,616296895bd135386d35069a479a5f188c7de298,fix,2026-08-21T09:06:20+00:00
vitejs/vite,8156684572bdcf73e9d8568ed67971f0467fab60,feat,2026-08-21T09:12:00+00:00
vitejs/vite,924997a4bdda9115faee9bdb622fcec4fc8357f0,feat,2026-08-21T09:13:28+00:00
vitejs/vite,1b5cfe3d3777d4ceb7f35fcee9d3c4279316a084,feat,2026-08-21T09:34:52+00:00
vitejs/vite,a6c08e10a624bd89b78683ff1b0e8cfa1d89aa45,refactor,2026-08-21T10:11:28+00:00
vitejs/vite,57f0bf51a08dec0ec507258434cead9b72718e3f,docs,2026-08-25T08:04:23+00:00
vitejs/vite,41f3c6fff88ade015669cac5c42db946e0b6f5c9,fix,2026-08-26T05:37:38+00:00
vitejs/vite,e2b597de0ef14598901703f5aa52f8c962007d02,docs,2026-08-29T10:52:23+00:00
vitejs/vite,b88256607e3a051b7bcb0b338b3c4665926b55a8,fix,2026-08-31T03:39:44+00:00
vitejs/vite,238ad811c7fb9e4730cbd317d0657867ed3447b3,fix,2026-08-31T04:26:22+00:00
vitejs/vite,472385e6ec4b21e3167c7abf9769883d1c9675f8,feat,2026-09-01T03:48:39+00:00
vitejs/vite,e8d6a4d3399c739772080d70c7f3c4d548a637c9,fix,2026-09-04T03:30:05+00:00
vitejs/vite,12e709ca4df1059747db1cb7c5d1cd71aba79a24,fix,2026-09-04T10:12:06+00:00
vitejs/vite,8492422b8f110625a90c702f42f30784e8cf19dc,fix,2026-09-04T10:13:10+00:00
vitejs/vite,4ec58d159df4a1b4799356a1fda62db88ed14752,fix,2026-09-07T07:15:35+00:00
vitejs/vite,e6f6b3e3119256daa837b2dc399058c8aa45b470,feat,2026-09-08T05:09:35+00:00
vitejs/vite,ef0dc17ada53d1169ae5a89cb8f6482831466755,fix,2026-09-10T02:50:00+00:00
vitest-dev/vitest,8193ad9788883f0d7e3db432a422d50345eabd6c,feat,2021-12-03T16:29:36+00:00
vitest-dev/vitest,28016fcfac65a279d4a314833285c85453c97d9b,feat,2021-12-03T20:03:05+00:00
vitest-dev/vitest,88c48e0b53eb3419b420946303b017bf9784ab91,fix,2021-12-03T20:56:03+00:00
vitest-dev/vitest,0d3c0a8fa8c688c286b7821cd482e2eb154ff82d,fix,2021-12-03T20:57:40+00:00
vitest-dev/vitest,33b45e7254d1233a257cd3cdff9235210de9665d,fix,2021-12-03T22:00:47+00:00
vitest-dev/vitest,43b9f2f141c969127014465121676322ef406d68,feat,2021-12-03T22:31:10+00:00
vitest-dev/vitest,fa0a9de09e3e9b727e49fdd0708140b925f070a9,feat,2021-12-03T22:39:06+00:00
vitest-dev/vitest,9fcf735570a808e6453851d9bfce5d176b20bb50,feat,2021-12-04T12:34:30+00:00
vitest-dev/vitest,7ecbaf9af451a33c57fe78aab7d79a22abb67404,feat,2021-12-04T13:06:05+00:00
vitest-dev/vitest,797cf9a10e544b9055d5dda12f726d24f0ec3231,docs,2021-12-04T13:08:36+00:00
vitest-dev/vitest,88f7759715130f1e5c458b3d531ab48c725a4b25,feat,2021-12-04T14:43:30+00:00
vitest-dev/vitest,dbdd3fb07c3764d1449a27d107cd14edff67cb97,feat,2021-12-04T15:07:28+00:00
vitest-dev/vitest,d8f58f7835f2d70f1d6e8d709f95c4443900e797,feat,2021-12-04T15:29:37+00:00
vitest-dev/vitest,af915777065cc19d0699326b305bfbb281fa84bb,feat,2021-12-04T16:17:47+00:00
vitest-dev/vitest,801bff19b895cb985982e0003099bc2892fbe9ed,fix,2021-12-04T17:19:28+00:00
vitest-dev/vitest,be710234a189389a248531716658ac9c7bbf0586,docs,2021-12-04T18:23:10+00:00
vitest-dev/vitest,f82a2ef227b253a3003a3b103c7ae02cb74fdb7f,fix,2021-12-04T18:30:51+00:00
vitest-dev/vitest,9e79e646c1281a81a4cb755d759b5a13e8072563,fix,2021-12-04T18:56:38+00:00
vitest-dev/vitest,a338c119534e0666f448711aba463b206db257c1,feat,2021-12-05T06:45:28+00:00
vitest-dev/vitest,a61ffa359f9e570b7ca6dd7ee70ad81cb879f746,fix,2021-12-05T08:54:55+00:00
vitest-dev/vitest,35f665d0d1dabcd5caefcc0a9af251efc5bbb6d9,feat,2021-12-05T09:35:43+00:00
vitest-dev/vitest,af3051853b8043f718f63ce80e475ec0e2326d6f,feat,2021-12-05T14:33:29+00:00
vitest-dev/vitest,7db39817be36677c76cec797df8fd4e2b3b2dbd5,fix,2021-12-05T15:25:31+00:00
vitest-dev/vitest,a450ecc88e88e52b0c70ec84fe8bb5fe8609fe48,fix,2021-12-05T16:06:40+00:00
vitest-dev/vitest,33e8d6e2631f63d03c230085a634c1f5b5c7df6c,feat,2021-12-05T19:30:33+00:00
vitest-dev/vitest,9d9f5272e3c834d0840ebf94ad377f39b1907e3a,fix,2021-12-05T19:31:02+00:00
vitest-dev/vitest,54a0406e6c770c513a4092784153a13e2d8d84f8,docs,2021-12-05T22:26:40+00:00
vitest-dev/vitest,a8d17fd5519a5f6d3596ad35f85d637f9aeffcaf,fix,2021-12-05T22:40:20+00:00
vitest-dev/vitest,d0cb65f15297d86bdd8ce072ee098ad415925aea,feat,2021-12-06T09:49:13+00:00
vitest-dev/vitest,7303b0ef8a995eab86bab5a5e19b8a7404bbd398,docs,2021-12-06T11:01:21+00:00
vitest-dev/vitest,aff3a8c9ece9f7cbf33e7f56db1ea2ee64bdb08f,feat,2021-12-06T16:57:11+00:00
vitest-dev/vitest,892faf60304d6d4048cc3f47e6ec559ead7ce295,feat,2021-12-06T18:15:22+00:00
vitest-dev/vitest,51757988565985d553317608c7c74669a2c4314d,refactor,2021-12-06T20:05:04+00:00
vitest-dev/vitest,6703ed812ba6ab378f318909aa96e65e1b874c2f,fix,2021-12-06T21:53:23+00:00
vitest-dev/vitest,069d8edf9da6792ed8844e5b40cd46162d6652fd,feat,2021-12-07T09:04:54+00:00
vitest-dev/vitest,ca90b7477db9823c4640b7c9cff683a825a79a72,feat,2021-12-07T14:21:03+00:00
vitest-dev/vitest,bd7d269c2c3dcee7c4dc98ab89cf17aa29dc5f16,feat,2021-12-07T14:41:07+00:00
vitest-dev/vitest,3a6a28cc877eea5a7ad6232a669ea0ad3770aaff,fix,2021-12-07T16:04:13+00:00
vitest-dev/vitest,ffa268f7d6fa486b8c61ba6fa2fa66e3c327fc3d,feat,2021-12-07T17:43:58+00:00
vitest-dev/vitest,22ee7ff984a9f8066630cae86dc690293ea8b76b,feat,2021-12-08T06:41:44+00:00
vitest-dev/vitest,0bc512400ba0e42eadf3cd1a0568100b57abed05,feat,2021-12-08T11:37:26+00:00
vitest-dev/vitest,55573432a45d2d76d6080a1dc39b26693b61742a,fix,2021-12-08T13:24:48+00:00
vitest-dev/vitest,62e09688f1841143bf223953ac99cd094bcc269d,refactor,2021-12-08T14:58:58+00:00
vitest-dev/vitest,912435566b23e5b1338b711efc4522dba332ed0f,fix,2021-12-08T15:57:29+00:00
vitest-dev/vitest,e47393ecf840087a3aba57e98f7809e28c385195,fix,2021-12-08T23:29:41+00:00
vitest-dev/vitest,8a9c1c25d87dbb228e8b89f12bf6f8ba25a32dca,fix,2021-12-08T23:46:31+00:00
vitest-dev/vitest,2ff3d68d16acd91d46a1844520729ed56987d5fe,refactor,2021-12-09T04:10:26+00:00
vitest-dev/vitest,60e407d7d395f557d49ce8b0cf2bbc7f5fde5fff,refactor,2021-12-09T05:04:45+00:00
vitest-dev/vitest,c803489e04f0b3bce711699ff561c6edd204df12,fix,2021-12-09T06:49:52+00:00
vitest-dev/vitest,a066e60bac7bfe5aab9e8a76db55b2f9e4544ec2,feat,2021-12-09T06:50:26+00:00
vitest-dev/vitest,cb770bbf8632a3512c5d428d0b48488972051fe3,refactor,2021-12-09T15:12:30+00:00
vitest-dev/vitest,792bdbb2c00a605020d5b239b7847c4a74c4f30d,feat,2021-12-09T16:30:16+00:00
vitest-dev/vitest,5c7005724ea804fa0d6b5c0f9701bf4696fcfb63,feat,2021-12-09T17:00:24+00:00
vitest-dev/vitest,e8c3a4b3109dc36b2e217659672d92cf191c4325,fix,2021-12-10T05:45:38+00:00
vitest-dev/vitest,cd06620bf321074e7e7bc4f91b1306174345ea17,fix,2021-12-10T05:53:04+00:00
vitest-dev/vitest,8d4a04eaeaf936261564ca8f683b47fd72a0f104,feat,2021-12-10T05:56:15+00:00
vitest-dev/vitest,c5082a7e4d9a950f2bd90d67ef7d0cfe1a09169b,feat,2021-12-10T09:29:21+00:00
vitest-dev/vitest,4ce6adee9214d08daf657cbc7a9e9734db8a4b32,docs,2021-12-10T11:12:11+00:00
vitest-dev/vitest,e6f384f84963d1eaf127bdce7575b0d3bba17575,feat,2021-12-10T13:19:44+00:00
vitest-dev/vitest,1e8962724602dfacff0b54220dec711178ca9bdb,refactor,2021-12-10T13:27:06+00:00
vitest-dev/vitest,b59a02a3284a0515d4bff85563b5ab656961e224,feat,2021-12-10T17:54:21+00:00
vitest-dev/vitest,90832ad6bcb0acfb135adcca01caf9dc8158f238,feat,2021-12-10T19:55:28+00:00
vitest-dev/vitest,102ed7e01986c4a767132337d90cee928ef35922,feat,2021-12-10T19:59:44+00:00
vitest-dev/vitest,d7eb94ddd8b3c2316adae8b22c02cd55a33ff885,fix,2021-12-10T20:29:48+00:00
vitest-dev/vitest,5c9a3f3f3c8f7e8d76afed4f9ee2c44898a0c064,docs,2021-12-10T22:19:57+00:00
vitest-dev/vitest,3d2e58272157b0ff1665fdc751102b94607310f9,feat,2021-12-11T08:33:33+00:00
vitest-dev/vitest,67105b4f666707fa0879141426c7689adc49d078,feat,2021-12-11T17:05:14+00:00
vitest-dev/vitest,27ab43db722ab1109fada41624c7c2bfd3e60d5d,fix,2021-12-11T17:33:24+00:00
vitest-dev/vitest,1e803b09c349b01c5d0502ab5e6b352351272bc2,refactor,2021-12-11T23:09:16+00:00
vitest-dev/vitest,02efb93a18616701161660fc3d94cecde9ce4809,refactor,2021-12-11T23:12:49+00:00
vitest-dev/vitest,3e666aa32c1f16c92df94e7014a5f72156af4f9c,feat,2021-12-11T23:36:56+00:00
vitest-dev/vitest,0defd8b06f41e4b0e37201450ab01f1a06561914,feat,2021-12-11T23:58:30+00:00
vitest-dev/vitest,70da5c79bb6af30ee0089779529137ce8a13746b,refactor,2021-12-12T00:26:28+00:00
vitest-dev/vitest,6f437c3642df575cbc72f607e4035b91389455a2,feat,2021-12-12T00:46:53+00:00
vitest-dev/vitest,d30067156194563e37085ac72fb7bdccad624c91,refactor,2021-12-12T00:53:24+00:00
vitest-dev/vitest,094404a5e66a1ada8e2277b04c6a7c3ebd2bb1aa,refactor,2021-12-12T00:58:50+00:00
vitest-dev/vitest,68ed9dfbb66881e047bc970a6a738f0ee4124d54,feat,2021-12-12T05:35:20+00:00
vitest-dev/vitest,889f46f9cd86f132865b2133f79a3547a1ae4639,fix,2021-12-12T06:49:41+00:00
vitest-dev/vitest,10207c4fd24c71d0492731601b8336f95b013e52,fix,2021-12-12T10:39:13+00:00
vitest-dev/vitest,677ca8c165d75c2a1d974b8da2e3ef42cb4e73f6,fix,2021-12-12T12:34:09+00:00
vitest-dev/vitest,1724222ccc0617c0d3430a39416ae36d696919de,docs,2021-12-12T12:55:05+00:00
vitest-dev/vitest,a85d082ee76224702573eb5ee9e349a9e0be338b,refactor,2021-12-12T13:44:01+00:00
vitest-dev/vitest,3370db3b0bec6b9a6d844a4fb7263c56fad43fb0,fix,2021-12-12T19:02:49+00:00
vitest-dev/vitest,93d34802ea5990bb98a1018ef14e0d3224b72e89,docs,2021-12-12T20:50:18+00:00
vitest-dev/vitest,39ddd136d03ec6b35d2996875960615c04dce605,feat,2021-12-12T21:22:32+00:00
vitest-dev/vitest,ee36cda63b2688d7ce58a32754fb6db378fb8470,feat,2021-12-12T21:22:32+00:00
vitest-dev/vitest,fdcb9d2317cbad6d78c32f2913b2781b3ae6aad8,docs,2021-12-12T21:46:56+00:00
vitest-dev/vitest,30c06d4367030436f48e1266b5189ce4d3e04d45,feat,2021-12-12T22:27:42+00:00
vitest-dev/vitest,67fecfbf81f5e4be75e973e3655a3ae351a2afb7,feat,2021-12-12T22:31:12+00:00
vitest-dev/vitest,d5c73b9b1161fcd63619f86823a942cc489072bd,feat,2021-12-12T23:00:07+00:00
vitest-dev/vitest,c08e7aca29cc8ca88fc059977cc9ef3b427e2a01,fix,2021-12-12T23:03:41+00:00
vitest-dev/vitest,d4f4c93f4b2b1b0f38acb64d389affbd8ea77cae,fix,2021-12-13T00:31:26+00:00
vitest-dev/vitest,0202edfed5106174c1f7c898edf016924a2dea33,fix,2021-12-13T00:44:34+00:00
vitest-dev/vitest,0f93c9b81d7bf51a35bf73ffd2c42d1d6af61c56,docs,2021-12-13T07:58:15+00:00
vitest-dev/vitest,2091f9fb7b142a01d5edf0c45d6afd72df1cfac6,docs,2021-12-13T08:01:10+00:00
vitest-dev/vitest,2961983dcbfd85c7a9cac7772d54b8b863400697,feat,2021-12-13T08:33:18+00:00
vitest-dev/vitest,c757738a86969db4bfe85485ea27e071ce1e1965,docs,2021-12-13T11:15:51+00:00
vitest-dev/vitest,d726243a0a684bd817c44e59bc4adb63e8f23320,fix,2021-12-13T12:16:23+00:00
vitest-dev/vitest,f6df9f113af4a06b0541ad4b5d502bd3b5591cdb,fix,2021-12-13T12:20:37+00:00
vitest-dev/vitest,3fe4291ade32a0b8c173726da7df7cf57a80434a,docs,2021-12-13T15:35:49+00:00
vitest-dev/vitest,ade25e3092f8541d3dbab94dc9b2b170f564d4b3,feat,2021-12-13T20:10:11+00:00
vitest-dev/vitest,a2a8c8f6774e08bbc758187d0e1368bac7709bc5,fix,2021-12-13T20:14:03+00:00
vitest-dev/vitest,ea393ea266ccc766c839c93ec871674aa065bf35,feat,2021-12-13T21:04:18+00:00
vitest-dev/vitest,e8aa118821a85eb79139f76079c49a6e27cd63af,refactor,2021-12-13T21:06:21+00:00
vitest-dev/vitest,d8d7db5ea56cf6c3ad604d019d984bda8271baeb,refactor,2021-12-13T23:06:38+00:00
vitest-dev/vitest,fe1161a40bce0f38b44e363f56c2f2c2ba6bbf14,fix,2021-12-13T23:06:57+00:00
vitest-dev/vitest,d0d4ae18f4391905cc724bdd512749bae4ac418c,refactor,2021-12-14T02:37:49+00:00
vitest-dev/vitest,d45eb5182ce4717e8b3a6e06780e4ccff209193c,feat,2021-12-14T02:44:32+00:00
vitest-dev/vitest,70f295e2dbead428315d4ecdcb2e575e2005d153,feat,2021-12-14T02:49:50+00:00
vitest-dev/vitest,715ec85c53e0144cb1547eea23345dab534dbfd6,fix,2021-12-14T10:15:33+00:00
vitest-dev/vitest,e133fd175eb9f44e1550808ddb6fb7d804754fbd,feat,2021-12-14T11:23:25+00:00
vitest-dev/vitest,4c18df7847de6b5a9620278c7e3bf72f7bb701f8,docs,2021-12-14T20:44:24+00:00
vitest-dev/vitest,755605bf090fa5ce57bb204dfa2aa561c7706d15,docs,2021-12-14T23:03:17+00:00
vitest-dev/vitest,575ab514ea41e777c5bca7ad75ad3d4a54011826,fix,2021-12-15T03:37:04+00:00
vitest-dev/vitest,8f3caef234fb7564955a705acf0d22d3f2f11ec0,feat,2021-12-15T03:37:04+00:00
vitest-dev/vitest,67a420307269529dd28649a74c711e569bec07a4,docs,2021-12-15T03:38:47+00:00
vitest-dev/vitest,63b128ff683d859b408f6d4dedff1d060b839673,feat,2021-12-15T03:39:33+00:00
vitest-dev/vitest,6febaaf672f101a06bf57b0e4382245f2f53f1e8,fix,2021-12-15T04:23:15+00:00
vitest-dev/vitest,720ac1cefda2b6ff58541c1289d5ae2f7f672adf,fix,2021-12-15T05:46:27+00:00
vitest-dev/vitest,e1048263f63d2628f5d9a9b953abe6c98fcabc57,fix,2021-12-15T09:54:57+00:00
vitest-dev/vitest,b6c749e4e0e083be59d47497468ecd07930c42fb,feat,2021-12-15T19:17:31+00:00
vitest-dev/vitest,a057b4f8c2f3a777887c0dd2cf9c06e2055b4302,feat,2021-12-15T19:21:21+00:00
vitest-dev/vitest,bdd8dc675caf6da333f1692a771f952fe12c461a,refactor,2021-12-15T19:58:45+00:00
vitest-dev/vitest,dd614d444a5c88122cca1dd7521981130ce4c595,fix,2021-12-15T20:42:55+00:00
vitest-dev/vitest,7377199968b58428292d01b57c77d06f594e4559,feat,2021-12-16T07:34:40+00:00
vitest-dev/vitest,aa81ada7c680b74ee6e8ff6e0fd61d71db63a4f4,fix,2021-12-16T07:35:06+00:00
vitest-dev/vitest,d7a577a751047a935c9353378526967fa8ecbbcc,feat,2021-12-16T07:35:44+00:00
vitest-dev/vitest,46e9ca9d9dec755d92e42d2ba9c4c2f660a7c9db,refactor,2021-12-16T09:59:12+00:00
vitest-dev/vitest,1463c66ef3bb7062a3738855cde9329ca9161a0f,fix,2021-12-16T17:00:53+00:00
vitest-dev/vitest,7088b84e4ea6ae7c9d1059d133dd6020bff1232d,feat,2021-12-16T17:09:10+00:00
vitest-dev/vitest,d634f76bee5659de5dddb0762b4b0f17cf365f26,feat,2021-12-16T17:11:27+00:00
vitest-dev/vitest,d6b44b3ed3b61595e65d06be517c6c6705d78747,fix,2021-12-16T17:12:47+00:00
vitest-dev/vitest,db360e00b414305841684d53a203e0059deaa44a,refactor,2021-12-16T17:12:54+00:00
vitest-dev/vitest,8b964326456864dc7c34613181c389c74b18c5d9,feat,2021-12-16T17:21:13+00:00
vitest-dev/vitest,9c4a81c46c3408275aae2ad3c94439e534a7febb,fix,2021-12-16T17:47:42+00:00
vitest-dev/vitest,06b8cd19cd5ba0458d63a0f6fa02a5799505afca,fix,2021-12-16T18:40:23+00:00
vitest-dev/vitest,c1fa19dfc2ccf6c27b2289dc829ec29c53ec66b6,feat,2021-12-16T18:44:53+00:00
vitest-dev/vitest,10317a06c02010cbbab5b56de028a04c97b2f25b,fix,2021-12-16T18:46:39+00:00
vitest-dev/vitest,bc9fff0256b4e65f75c3efadb33c19e7f7587742,fix,2021-12-18T03:34:27+00:00
vitest-dev/vitest,fce6e0ccd273ec4dfff2ff998f587ba08df294c2,feat,2021-12-18T08:47:30+00:00
vitest-dev/vitest,e5ae539cdc284aa292b794aac2166100e61447da,fix,2021-12-18T08:55:56+00:00
vitest-dev/vitest,c766e5daf239f2e612f2618fd65696467fd652d3,fix,2021-12-18T09:03:03+00:00
vitest-dev/vitest,8d9bcd484f0653bba19847f29410fa1cc09ea6a4,fix,2021-12-18T10:39:57+00:00
vitest-dev/vitest,ce8e944d64119582c114dc0b4e4da199ff4ecf6c,fix,2021-12-18T12:22:30+00:00
vitest-dev/vitest,6591dc6a4a3038bba450cc55dddd6388a6869412,fix,2021-12-18T17:10:40+00:00
vitest-dev/vitest,03f126e33700f66aa998ae28f738d0c42fe96237,docs,2021-12-19T10:46:42+00:00
vitest-dev/vitest,b317d161169023b18aa27cd244e75f7a01f7d9fc,docs,2021-12-19T20:30:00+00:00
vitest-dev/vitest,6b48a7ba32175cfdcda91880f3ddccd42a91b573,feat,2021-12-20T02:55:36+00:00
vitest-dev/vitest,67d96c1a44e71bee7371973ac26bbe1315bf7a7e,docs,2021-12-20T03:17:24+00:00
vitest-dev/vitest,140518461e937edde52d5d95a353b4d8b702b2c9,fix,2021-12-20T03:26:13+00:00
vitest-dev/vitest,c23479f0674088f9774f0f40066b7f9cb95f6135,refactor,2021-12-20T07:34:34+00:00
vitest-dev/vitest,eef7cf98948f1b979f3ec90de46baeb42c00e36b,docs,2021-12-20T14:56:33+00:00
vitest-dev/vitest,b7d7e614bff30118f86735794eb58c4abb2fa511,fix,2021-12-20T16:07:13+00:00
vitest-dev/vitest,f41df1cb265d99b3d4303247830004bb2bfcc861,fix,2021-12-20T17:16:18+00:00
vitest-dev/vitest,217038c4640b3de2fb624ffc1ea5536d303eee5b,docs,2021-12-20T17:23:06+00:00
vitest-dev/vitest,03ab73766599153adf86630c52d54aa19055e0fd,docs,2021-12-20T20:22:09+00:00
vitest-dev/vitest,074824937159d72ae887142c20cdd778274f5560,docs,2021-12-21T01:45:43+00:00
vitest-dev/vitest,e53079ad7573eb2afb426da4d7f24be1289f8e33,fix,2021-12-21T02:01:07+00:00
vitest-dev/vitest,b57c5c4e36937225493549192acc55d45382a0da,feat,2021-12-21T04:33:02+00:00
vitest-dev/vitest,ef07400ddc8e9396bc1d37f9d1f56f897156f16f,fix,2021-12-21T04:34:29+00:00
vitest-dev/vitest,41244c2e4760f6f3e263c821ac9958601cf12124,docs,2021-12-21T07:49:29+00:00
vitest-dev/vitest,2cf1d1e34a0cad3401cc852a2b0a1fcab8b9c43a,fix,2021-12-21T11:16:20+00:00
vitest-dev/vitest,0ddd9b22e879905134ed148f9826fe87e1174026,feat,2021-12-21T11:22:37+00:00
vitest-dev/vitest,59e79117f6328e887ff3c8b0c6041b7314aa46d5,fix,2021-12-21T15:33:04+00:00
vitest-dev/vitest,307585c6b317baaa12b89040ee33e38dacd9102f,docs,2021-12-21T16:19:19+00:00
vitest-dev/vitest,efc8019f93c8ab922d2e0995792ef1335dc7b5d8,refactor,2021-12-21T17:34:53+00:00
vitest-dev/vitest,d47b946fadef21c30b54c6e00e729c6b7657bec7,fix,2021-12-21T17:47:12+00:00
vitest-dev/vitest,6cf851b8b9541092056ec65bed96084453a41e4a,fix,2021-12-22T08:12:58+00:00
vitest-dev/vitest,183e3b7c7fe35d6ff554fe83cbf3d25fa0cc441b,fix,2021-12-22T10:20:38+00:00
vitest-dev/vitest,4a373f039e2e3d1504f6304bfd0bcbc40b0e2b8f,docs,2021-12-22T17:59:44+00:00
vitest-dev/vitest,16b33a7b67b6ffed545f6f9d0e906287b4512c21,fix,2021-12-22T18:04:42+00:00
vitest-dev/vitest,d4cc602302aaea37edff6a893973f5ede15eb73b,refactor,2021-12-23T06:04:41+00:00
vitest-dev/vitest,faae94de72323934bb54d006a81e27bc3964dfd3,feat,2021-12-23T08:38:09+00:00
vitest-dev/vitest,325b2e1c243881c4c32b71ad5b8332f33d3ca006,feat,2021-12-23T13:14:16+00:00
vitest-dev/vitest,4f8ccc5a457ba9d55a75aa602f7f6f53ca62a516,fix,2021-12-24T04:50:23+00:00
vitest-dev/vitest,f0f62211823b6ca509fde7b12b99fce6418d8b5d,feat,2021-12-24T09:24:01+00:00
vitest-dev/vitest,cc50a0ae99bd7d5b872bb1d35a4fd3f92fa3d89d,fix,2021-12-24T10:04:18+00:00
vitest-dev/vitest,b9e3ba3c98868322c89b9610f9f42a61a9bc780b,feat,2021-12-24T13:40:02+00:00
vitest-dev/vitest,49ee30dd22458530683e4b99d96cd6a2527bd1ae,fix,2021-12-25T19:09:35+00:00
vitest-dev/vitest,19d3ec19e1ac066202543dc709c426c11125bd76,feat,2021-12-26T05:19:09+00:00
vitest-dev/vitest,08ccbab2a8ca4b1bb7ba782d8cc2ec91b359fc62,fix,2021-12-26T05:20:59+00:00
vitest-dev/vitest,73b81223aafc6228e7231fa10cf0bab6c8867e84,feat,2021-12-26T05:35:53+00:00
vitest-dev/vitest,b7c0e6a3dbf8856ff3b62bf13b007920c169be61,refactor,2021-12-26T07:07:01+00:00
vitest-dev/vitest,43222921916d8ff9a14e88945b830f7922f08c82,feat,2021-12-26T08:48:29+00:00
vitest-dev/vitest,d0ce8d0cb432593719aae0d625ffbb7a40ec8a48,feat,2021-12-26T16:14:09+00:00
vitest-dev/vitest,f2caced25fb0c5ac33368a8a64329467b796089e,refactor,2021-12-26T16:28:18+00:00
vitest-dev/vitest,b8dffd9078baff24c6e9c8650db52fc176245b02,docs,2021-12-26T18:06:46+00:00
vitest-dev/vitest,20999f2c63f5b3b8401ca36a9f7e126f779070f4,feat,2021-12-27T05:34:51+00:00
vitest-dev/vitest,18218b273db23ecb76046123b173999e81329d8a,feat,2021-12-27T06:19:31+00:00
vitest-dev/vitest,4d36117e3f5b9ecc12b98b40873b903baa6e7c64,feat,2021-12-27T09:26:04+00:00
vitest-dev/vitest,d9668e19859ef4af1ea8cc9bdb00719545a4f5bd,feat,2021-12-27T09:26:04+00:00
vitest-dev/vitest,85fce583abed8a99f8c5232781fa7d395a061e73,feat,2021-12-27T13:22:20+00:00
vitest-dev/vitest,9a1b1b18036df8dfe9e003d289f59ef6cbc9b5a2,fix,2021-12-27T14:14:37+00:00
vitest-dev/vitest,b9769d24e19be8bcd8c8247e62ab055fc17ca443,fix,2021-12-27T17:11:41+00:00
vitest-dev/vitest,a3cdfd79f22845f2b8da556fa46166e319e72009,fix,2021-12-27T17:15:42+00:00
vitest-dev/vitest,5f095eb1136dc3b84f280c9334ad91bf24cab70c,fix,2021-12-27T17:42:12+00:00
vitest-dev/vitest,da75289c4f1cce48f2693362ba61b162b81c4dd4,feat,2021-12-27T20:55:08+00:00
vitest-dev/vitest,da0e44a2d6c3f824f4169fcee44bd3a1399ccfac,docs,2021-12-27T20:57:38+00:00
vitest-dev/vitest,8547b60235b02c45e08d3c9fa9ed856783873507,refactor,2021-12-27T21:07:46+00:00
vitest-dev/vitest,80ba38de04d2ff5d93abc99b33910e6e6cbbf12f,fix,2021-12-28T07:11:27+00:00
vitest-dev/vitest,08160915888b7376a4056456043a99531e1f2f87,fix,2021-12-28T12:44:32+00:00
vitest-dev/vitest,360a011f6225c6b63be85a5f965126f7e1c5ba6c,docs,2021-12-28T20:20:12+00:00
vitest-dev/vitest,e9dc52fa7446ddab6116d38b9578bb37e61a5f55,fix,2021-12-29T04:21:07+00:00
vitest-dev/vitest,274203b1e459e7129b61786c419689eeab9a103f,fix,2021-12-29T06:13:37+00:00
vitest-dev/vitest,436d280896a4792a7af56a25c5b980f40231ddd5,fix,2021-12-29T06:24:29+00:00
vitest-dev/vitest,577ff67ca835005c895c65dd183a399de1ab09d3,feat,2021-12-29T14:52:06+00:00
vitest-dev/vitest,c41794501ea68d501e6b67b660cca60a790daa83,feat,2021-12-29T18:12:41+00:00
vitest-dev/vitest,a7c50c13cd227df66412ed32b8f80c1fd86ff332,fix,2021-12-29T18:38:52+00:00
vitest-dev/vitest,a14e745435c04b05ce21d2ec42632339f83571e8,fix,2021-12-30T07:45:51+00:00
vitest-dev/vitest,9b9b50380b7eee1cc514a41d5490fb2b3f34fe90,fix,2021-12-30T08:28:37+00:00
vitest-dev/vitest,c0ecf19acd5d6d07136d9faf3be08c266846c755,feat,2021-12-30T08:40:09+00:00
vitest-dev/vitest,91cefe425066f15f30122d834f0a8984d49306f3,docs,2021-12-30T08:44:22+00:00
vitest-dev/vitest,64b1917d6f20c93274f77d583270293e226d09f5,feat,2021-12-30T18:38:12+00:00
vitest-dev/vitest,4b26368502718ed059adc635cbb7ea1cc70d4ca7,docs,2021-12-30T21:12:05+00:00
vitest-dev/vitest,d408be3650e914f529e9d2c410049d141299ddc3,fix,2021-12-31T10:43:18+00:00
vitest-dev/vitest,67d53b37570a6b363325084a2d2764e6e2e441ef,fix,2022-01-01T12:53:05+00:00
vitest-dev/vitest,959de91b1a989fac0c1842f43afaff69f2c969d6,fix,2022-01-01T17:38:11+00:00
vitest-dev/vitest,9193638de9e4df7884e264dfa182bbe9de19667d,fix,2022-01-01T21:05:15+00:00
vitest-dev/vitest,e2d23b989fac411556e1a0583b5dae13088f374b,docs,2022-01-02T09:04:26+00:00
vitest-dev/vitest,28f3d4fb37cb4939d991aab1600523005278d036,fix,2022-01-02T11:30:23+00:00
vitest-dev/vitest,91c904cbf3152ffe6b7c50a18028d63caf29c151,fix,2022-01-02T12:44:20+00:00
vitest-dev/vitest,108d3ccdfc4b6adf4e4d04e6d6360d7f1e49cbab,fix,2022-01-02T12:59:12+00:00
vitest-dev/vitest,ef8d56451357a6f542a7c49686601ed1bb15a079,docs,2022-01-02T15:23:42+00:00
vitest-dev/vitest,10096535cc8eecc19606b50f1df6a9c5e448799e,fix,2022-01-03T08:30:03+00:00
vitest-dev/vitest,b59c1ca43a83147df7e4b49ed1cc206ebc6694ae,fix,2022-01-03T15:47:34+00:00
vitest-dev/vitest,7285efd8c3fd18c88efa7a9df36d8b182d703e90,fix,2022-01-03T18:44:31+00:00
vitest-dev/vitest,64017da0ee6b3266e334fed177dac055c4ffd017,docs,2022-01-04T05:36:56+00:00
vitest-dev/vitest,1a37c6eefc86df2cb723a3dde11cabfce65b361c,refactor,2022-01-04T11:08:12+00:00
vitest-dev/vitest,d38bab11ef2c27940e716d5fc2dab4b047589fc6,feat,2022-01-04T21:35:23+00:00
vitest-dev/vitest,6fe819a5d76b1c63de7ac8908f8e327e7e10b5ef,fix,2022-01-04T21:51:31+00:00
vitest-dev/vitest,f9fabaa72364bf04c39e967ca95294e2d4452224,fix,2022-01-05T09:07:59+00:00
vitest-dev/vitest,ec16853e9569e3f7879205a5f5cd3dd0b6ad7633,feat,2022-01-05T11:06:16+00:00
vitest-dev/vitest,fdfffaebd062633c83f08d74875671dfbf4d101c,fix,2022-01-06T15:29:33+00:00
vitest-dev/vitest,1a2f0429e75c1d4080faf2337504310880c70a6b,feat,2022-01-06T15:31:28+00:00
vitest-dev/vitest,2eb696a3dd519feadf0af3a38a836bd4d08998f8,docs,2022-01-06T16:47:27+00:00
vitest-dev/vitest,4368c0e0d0b002e9322a8a78348da02ad88c4488,feat,2022-01-06T18:57:58+00:00
vitest-dev/vitest,8c48d58da02f7f81586db2d44ff7ffe6f69fce02,docs,2022-01-06T19:41:41+00:00
vitest-dev/vitest,f8f6e976177f5a51a53099456a9a25e2e087c208,docs,2022-01-07T06:25:35+00:00
vitest-dev/vitest,0c3f8e2240d92debcd654401588d0c13c80da25c,fix,2022-01-07T07:42:34+00:00
vitest-dev/vitest,ab8d7d3a40245e73404df58372a95499be5bf9e8,fix,2022-01-07T08:19:05+00:00
vitest-dev/vitest,eb107f35dc8892ea24363dc2310fd28bb7a3d201,fix,2022-01-07T11:34:44+00:00
vitest-dev/vitest,2862324bb363ed0fd8a6c5fbd58d4d491a435e1d,fix,2022-01-07T13:28:55+00:00
vitest-dev/vitest,2004ecbfdb5696cdb37e546635e44a325776a0e5,fix,2022-01-07T14:06:32+00:00
vitest-dev/vitest,19bd252c1506e285f66932fac1056b96c0aef7bb,fix,2022-01-07T15:14:53+00:00
vitest-dev/vitest,3c9073a3f25bbe991721862c7b5867d5cdb3b895,fix,2022-01-08T06:47:27+00:00
vitest-dev/vitest,28b97d8ebddddf54994548d8a15d622e2ef35a1f,fix,2022-01-08T07:03:39+00:00
vitest-dev/vitest,aff14813db93fb7f141ef9c4491ef69a2287618f,fix,2022-01-08T09:03:05+00:00
vitest-dev/vitest,6d743c551383d50a7738426e1f75ca9bd93a2199,fix,2022-01-09T13:08:34+00:00
vitest-dev/vitest,eaa119fd096486a9a673bbf00dd82722334f30e2,feat,2022-01-10T10:14:03+00:00
vitest-dev/vitest,599cbade2279902f780b1c3ee6ca64c14875a321,refactor,2022-01-10T11:09:17+00:00
vitest-dev/vitest,9d74895818b137bce482215e8c9fb413c2a7e9a2,refactor,2022-01-10T11:09:17+00:00
vitest-dev/vitest,25eb95d2e0b11c3e8c9b4169de209c9261e59613,docs,2022-01-10T14:51:10+00:00
vitest-dev/vitest,4498ae963a1e27f2bdfa5a1a8e407eeadb7d3e61,refactor,2022-01-10T18:45:57+00:00
vitest-dev/vitest,63ed7c1fca1f541cf718a18e9532ad89c74e0e5a,feat,2022-01-11T08:54:58+00:00
vitest-dev/vitest,0045fcb50dc8b7df0d8ff039947b20ba0cd6daf7,fix,2022-01-11T17:16:18+00:00
vitest-dev/vitest,5c52873fe0de857bd57f9208ed0af27479166e1e,refactor,2022-01-11T18:18:57+00:00
vitest-dev/vitest,fc15d52dd5ec08d9e1021671474401b459025a25,feat,2022-01-12T13:37:05+00:00
vitest-dev/vitest,6d536ce88cb1840887d20db3685d6e5b0c343f0b,docs,2022-01-13T05:35:25+00:00
vitest-dev/vitest,1f1f6338ff3ea64c9051ec47425afece4222930c,fix,2022-01-13T07:44:18+00:00
vitest-dev/vitest,2ef6c3ad4d526273dd527e7b007f1707c4ffe328,fix,2022-01-13T13:06:44+00:00
vitest-dev/vitest,8e1c0b6ebffe67c62c415e999f267b7eb0d5f803,feat,2022-01-13T14:45:14+00:00
vitest-dev/vitest,312808cf13dc70b3836e3d61187ff86a65633347,feat,2022-01-13T19:57:40+00:00
vitest-dev/vitest,ab29b2a120031bc8ade93d124b49a323ad68ea87,fix,2022-01-14T01:12:37+00:00
vitest-dev/vitest,1a8eb2668ee2d1ac240bbf535583ddf5423c09f6,feat,2022-01-14T01:13:05+00:00
vitest-dev/vitest,ff58b617016538b6fb8e12f3b7b25f7e0e3a6c40,refactor,2022-01-14T04:05:32+00:00
vitest-dev/vitest,4420a39e5b0a391aa94058ac9fd807653412dfab,fix,2022-01-14T04:18:51+00:00
vitest-dev/vitest,b66f6dc7389e6c6c08c90b4e641b53dd1862304b,docs,2022-01-14T14:56:42+00:00
vitest-dev/vitest,09cb89051a4fe222228f3bc2615d4331afe60b56,docs,2022-01-15T02:46:36+00:00
vitest-dev/vitest,969a061b4327dd6e634d1ae1d622933873ca3019,docs,2022-01-15T19:58:50+00:00
vitest-dev/vitest,8593bea2b880a988feed002e954491d8f67c131b,feat,2022-01-16T05:58:10+00:00
vitest-dev/vitest,80a17173821405286e62bf59715965fdbc95cf4f,fix,2022-01-16T08:18:47+00:00
vitest-dev/vitest,673e13abff0c7927e7008a08af939e8ccd08cd27,fix,2022-01-17T08:25:45+00:00
vitest-dev/vitest,b2b5321de2992985669211f4581e4a0e02d8be4f,docs,2022-01-17T09:29:46+00:00
vitest-dev/vitest,dda62d0af8e08436d5f53b739d45ec1eb5d47ba9,feat,2022-01-17T11:58:58+00:00
vitest-dev/vitest,bc342839152bc77e6e4385cf6dfba21d48675da2,fix,2022-01-17T15:29:10+00:00
vitest-dev/vitest,d428e1519e97e0af312e2931e57d97d1d24936ef,docs,2022-01-18T07:17:55+00:00
vitest-dev/vitest,833fb8a30ebb07e146a31d8005c8f9eda876cf3e,fix,2022-01-18T09:47:58+00:00
vitest-dev/vitest,7bf00167aae7e01a7bcea1a4cf1ee53058386089,fix,2022-01-18T20:23:21+00:00
vitest-dev/vitest,53633b710bbe948f683f337461ca1be17a5b1b38,fix,2022-01-18T20:23:59+00:00
vitest-dev/vitest,9ef599774c72dc820b1571c4bf751def265bd67d,fix,2022-01-18T20:26:23+00:00
vitest-dev/vitest,730e3541dbda359f6ae899916e9801056a53cb3f,fix,2022-01-18T20:33:10+00:00
vitest-dev/vitest,4dbefb59cd673f5620266c882e50a1744d4fcc99,feat,2022-01-18T20:39:41+00:00
vitest-dev/vitest,86b7e0323c5ed29afb7652be606b5153ba4e8425,fix,2022-01-19T18:37:20+00:00
vitest-dev/vitest,ab7b2baed60bdd05eabcfe4e50daea993f02aab0,fix,2022-01-19T19:10:47+00:00
vitest-dev/vitest,ae17bb9949b373131fd72c3120cc9df0e1803d20,fix,2022-01-20T09:28:27+00:00
vitest-dev/vitest,ff396022986b7c7127030915097567f9d1d84960,fix,2022-01-21T09:22:40+00:00
vitest-dev/vitest,d0440b60c0fbbea92e1cd7f3aaf9cf2faa8f94db,feat,2022-01-21T19:56:34+00:00
vitest-dev/vitest,0c083cb83909aec1364965999d8f46213d1291ca,refactor,2022-01-21T20:08:06+00:00
vitest-dev/vitest,64f07e2d332e328a4dcb26445fc4865d9b32fceb,feat,2022-01-22T23:05:15+00:00
vitest-dev/vitest,4d9e7cc286659b74d985957cf4e8d17d8d9c78b6,fix,2022-01-22T23:06:40+00:00
vitest-dev/vitest,de3328485fdfaa76f4f6a32b6dd7d2b3bb954f84,fix,2022-01-23T10:11:33+00:00
vitest-dev/vitest,3b368dd8d3b88225efb5aaf4a0b1549383d813c4,fix,2022-01-25T08:43:42+00:00
vitest-dev/vitest,a629db6a2b3de8ba2bbf1802284cd3d99efa0173,feat,2022-01-25T12:14:43+00:00
vitest-dev/vitest,a2013a58653c15fa2da5b4a992b82f1448b4277b,feat,2022-01-26T09:41:58+00:00
vitest-dev/vitest,5b51bf188b5726619859ff17b089e74487dba8c0,refactor,2022-01-26T09:48:47+00:00
vitest-dev/vitest,2118ba97b2570d0d06fdebba9afc815383b57e6d,refactor,2022-01-26T14:46:09+00:00
vitest-dev/vitest,9cff755a86b7b534805f89297d8ef1ce6d14d263,fix,2022-01-26T15:25:15+00:00
vitest-dev/vitest,a174213d188c8d3f28eea590d72604423b5f6f14,docs,2022-01-27T00:07:37+00:00
vitest-dev/vitest,0788a26dd6d7c3eeded3e5eaf87313ef9885d4dc,feat,2022-01-27T00:11:02+00:00
vitest-dev/vitest,a7dfc15556addca31d5faa973b6e980acc06f9cf,fix,2022-01-27T22:11:13+00:00
vitest-dev/vitest,ebf8ca120e3f35d4339453e3258824d143e094b2,feat,2022-01-27T22:20:45+00:00
vitest-dev/vitest,4add1ebf9b8f7b875d0a49155ca8b395672f2bf9,fix,2022-01-27T22:20:58+00:00
vitest-dev/vitest,91cffb9d102ead3a0154c1eac3d5ba3bd3d679ea,fix,2022-01-28T01:55:22+00:00
vitest-dev/vitest,c68fce4d250ae9d99d567e33c542586f7cc8ed8c,fix,2022-02-01T09:08:22+00:00
vitest-dev/vitest,d55736dbf5b9f708065a2b8d2bf787679db7e232,refactor,2022-02-01T17:20:50+00:00
vitest-dev/vitest,691bede01b14bd6013453830b881be625cfb18c2,fix,2022-02-01T18:51:29+00:00
vitest-dev/vitest,65654928865317782536e55c0004b3e0296dfa62,fix,2022-02-03T02:14:49+00:00
vitest-dev/vitest,bae876d8a99d2c763f291cba0f6f43e13cb8a129,fix,2022-02-05T04:47:34+00:00
vitest-dev/vitest,975f2d100e4dcba77525f5610cd289734b01bf54,docs,2022-02-05T04:47:46+00:00
vitest-dev/vitest,77ba9fa8894cc9328676ec8bf729ec192986db37,docs,2022-02-05T04:48:17+00:00
vitest-dev/vitest,c7d081cc05e27cf128a4440549954633c3ae3bbd,feat,2022-02-05T20:29:19+00:00
vitest-dev/vitest,e8d87e4ab72fc1772c4461cb60db093f4b047a9d,docs,2022-02-07T01:16:42+00:00
vitest-dev/vitest,aee886ef269c47773267b9180f0382c30cbbfd30,fix,2022-02-08T01:07:57+00:00
vitest-dev/vitest,578258e026922ab2bbbebca5de864570b7101de5,refactor,2022-02-08T09:24:35+00:00
vitest-dev/vitest,cdd18bf1e591885c962a35b2f9c689d36fa817f1,fix,2022-02-09T12:28:56+00:00
vitest-dev/vitest,a70dcd3e9ffa386aeb8d3a6325c0486b6afa2356,feat,2022-02-09T13:45:40+00:00
vitest-dev/vitest,f9353f4fc476647feb4c6ea5277843c5c6f8463e,fix,2022-02-10T02:52:06+00:00
vitest-dev/vitest,262354343edbfcb02c3df74fcbd45d4e84657ff6,feat,2022-02-10T07:44:53+00:00
vitest-dev/vitest,506cc203b31c2fc84ced7b4f7bb6a72679db027b,docs,2022-02-10T18:32:22+00:00
vitest-dev/vitest,92fb244e721bc6c85cba7b051c40724192aac259,fix,2022-02-11T02:44:20+00:00
vitest-dev/vitest,5dca4ed8fd700690d022e34d8285bf9de76c0938,fix,2022-02-12T07:10:54+00:00
vitest-dev/vitest,dca5b9a110e8337aace53a567e20a6bce7e68fa8,docs,2022-02-12T07:11:24+00:00
vitest-dev/vitest,8936fa119ef67b43a940088ac4465ab46e93dc70,fix,2022-02-12T07:49:28+00:00
vitest-dev/vitest,a241860662dbab01b92e088014bd0c7c78847257,fix,2022-02-12T08:07:24+00:00
vitest-dev/vitest,e72b88114dc5f1fe2f1dc7586e2b5fc47d9ac05c,fix,2022-02-14T06:36:48+00:00
vitest-dev/vitest,d4415fe1122eaa30241a55ec37c0efcad2e1fec9,fix,2022-02-14T06:48:48+00:00
vitest-dev/vitest,32ad45463bb25e74612c94e9c44d4a9203e22ef2,feat,2022-02-14T06:49:39+00:00
vitest-dev/vitest,d46b49b81e108f708d5b56a4664396f6ce336575,docs,2022-02-15T14:59:04+00:00
vitest-dev/vitest,5e2324f4bd246a58772550db3c01085dc3c2e7de,feat,2022-02-16T06:08:14+00:00
vitest-dev/vitest,18cc578ca40e11c4d376d2180be26f3bdaee852c,fix,2022-02-16T06:08:18+00:00
vitest-dev/vitest,ce418c58c3524728a4b8343f77de55c96364067a,fix,2022-02-16T09:48:13+00:00
vitest-dev/vitest,1f9d5bc461fe3ace2b4e09aee6c7489a3da21bcb,docs,2022-02-16T09:54:08+00:00
vitest-dev/vitest,b656f8dc378e0615cff834e15797f0be7707b4c9,feat,2022-02-17T08:16:24+00:00
vitest-dev/vitest,6d19bf732f4c6381b7fbe7925bc15093c0a9ffcc,fix,2022-02-17T08:18:15+00:00
vitest-dev/vitest,1623b3c985364821f75a1d53ed499b74f47c63a6,fix,2022-02-17T08:24:17+00:00
vitest-dev/vitest,76111780630dbb229063bc31ea82577b9c1bfca6,fix,2022-02-18T03:20:31+00:00
vitest-dev/vitest,82134461838131773b8868a1f0fa9df56acae2a2,fix,2022-02-18T05:06:25+00:00
vitest-dev/vitest,e2d2faca71a5c10d913f34913552398a3b0f5c48,fix,2022-02-18T06:49:31+00:00
vitest-dev/vitest,bb77e4f88a590fe5c34a6e3864b0ce0e87a609fe,fix,2022-02-18T13:27:26+00:00
vitest-dev/vitest,b04dd8ffeffb528346d4d65bf1758666b41945d7,fix,2022-02-18T13:44:23+00:00
vitest-dev/vitest,d419355eb57016590875c8c9950df5b84ba053f8,docs,2022-02-19T11:49:08+00:00
vitest-dev/vitest,7b34793e32802210a203d4306b5fed411d8d6f8b,fix,2022-02-19T11:50:25+00:00
vitest-dev/vitest,2e1e9c3d4240ec820663eab12e43a95079e52ba2,fix,2022-02-19T18:50:36+00:00
vitest-dev/vitest,e75e2e539ddd7c2abd968e5e0d243c2b25ac65b3,docs,2022-02-20T06:21:52+00:00
vitest-dev/vitest,d03bc300f1c3f4001fc849942bacfee117d37e4c,docs,2022-02-21T05:18:55+00:00
vitest-dev/vitest,e37f4deb4f1753ea3d5740793455174176fe971d,fix,2022-02-21T05:19:23+00:00
vitest-dev/vitest,a80ce427837e6053808a96b0745476c6883ce62f,feat,2022-02-21T05:57:53+00:00
vitest-dev/vitest,6ca343aa5449f0f8fd9e85c03b56b173bcc78f3f,fix,2022-02-21T05:58:03+00:00
vitest-dev/vitest,e8468d2f64a1fc6063531f7f3c6c5da6dc07fb6c,fix,2022-02-21T06:01:49+00:00
vitest-dev/vitest,f88770de0e04c07a352e5274ae033046b44209cc,docs,2022-02-21T10:59:53+00:00
vitest-dev/vitest,eaf6f226b3a5e412b003f3bff028cd6143086f66,docs,2022-02-21T11:43:34+00:00
vitest-dev/vitest,ac9c4285d4575d84ce9d97ab128714bb3c870524,fix,2022-02-22T05:11:45+00:00
vitest-dev/vitest,73eb13f295731c300b626ce1e8f21f9e122798d6,feat,2022-02-22T12:20:01+00:00
vitest-dev/vitest,e75349374e3021fba96d1cb52886c2952c6a5898,fix,2022-02-23T13:58:46+00:00
vitest-dev/vitest,270751381dd1b659635d814707d1c76b9dc537ec,fix,2022-02-23T14:26:05+00:00
vitest-dev/vitest,325ea1eddb0ef75e39902a021787c4906918165f,fix,2022-02-24T09:02:10+00:00
vitest-dev/vitest,41025cbdd33c13e7bb6857441d6b0cc1f526b3f9,fix,2022-02-25T09:50:27+00:00
vitest-dev/vitest,cc7616724a36596880e130dabc8106bcbf16a02d,fix,2022-02-25T09:50:36+00:00
vitest-dev/vitest,38c5c8dd8de8497599bd2585e33b7ce3ff4b90a7,fix,2022-02-26T06:40:58+00:00
vitest-dev/vitest,7876bff6b19193c23d0ca0396095c91b98629e34,fix,2022-02-26T06:49:02+00:00
vitest-dev/vitest,ceb41ae3f4b8c79120360d9b77352032e9578d33,fix,2022-02-27T20:11:12+00:00
vitest-dev/vitest,4858541f36e65612a35cb7c5a0542aed03b23e30,docs,2022-02-28T10:21:14+00:00
vitest-dev/vitest,21eef05cdee8fc5ef693f1dafa632122556d1da5,fix,2022-02-28T19:16:29+00:00
vitest-dev/vitest,bd59109ebf7fa3e86460acf4f72eafb831a11fe1,fix,2022-03-01T20:52:34+00:00
vitest-dev/vitest,f557565626e74e3345b417345bd53213c240ecf8,docs,2022-03-04T18:19:14+00:00
vitest-dev/vitest,95d6432e64b0a1f3d2ca3f822eebf2849db0ea09,feat,2022-03-07T12:12:27+00:00
vitest-dev/vitest,3eec387db647db3c03a333ab2513a251571c0bb8,feat,2022-03-07T14:06:23+00:00
vitest-dev/vitest,2500bbe09d01efc833547e3f7f380175943a40d4,docs,2022-03-07T15:23:19+00:00
vitest-dev/vitest,73ce73a69e265a984cf9d0f4378874a7e5694697,docs,2022-03-07T15:57:52+00:00
vitest-dev/vitest,8d4acb5b0784b6df805db0bcf59f37c2db8e8196,docs,2022-03-07T19:14:41+00:00
vitest-dev/vitest,5993ce1e0d5608fa483ba24fd02de36387fb4c5e,fix,2022-03-12T19:54:42+00:00
vitest-dev/vitest,1a2dfd803f91438aa1f8615aab229a72ec008cc1,fix,2022-03-13T22:31:58+00:00
vitest-dev/vitest,2e8a3b105d17cf0d1e0c40387f15cd2ddabd296f,feat,2022-03-13T22:33:20+00:00
vitest-dev/vitest,6ca857ba2856c3dc1be46f30767d4efd0be5db44,feat,2022-03-14T00:57:32+00:00
vitest-dev/vitest,2b8d1a179f7ef9d1aa0ac1dc71876d43efd9dda3,docs,2022-03-14T20:35:22+00:00
vitest-dev/vitest,e3a7ff3c4f659b9a325ca16f9f7d7acefd83b232,fix,2022-03-15T05:20:14+00:00
vitest-dev/vitest,e50ca95dd849da1ca59e3d42f28b1fe32307032b,fix,2022-03-15T11:35:02+00:00
vitest-dev/vitest,26238a51b06aea4c9b868ccc60816c053f64e99a,docs,2022-03-15T13:30:32+00:00
vitest-dev/vitest,7b983445a8b5ffb6156fb32a8a03b7ac3b0f54d0,fix,2022-03-16T22:39:38+00:00
vitest-dev/vitest,d959f28ca1de1bb8cb98b558a4965a4755771e42,fix,2022-03-16T23:00:24+00:00
vitest-dev/vitest,f26cdf24d490a8c32ee4dce2b9c323637486b915,fix,2022-03-16T23:53:25+00:00
vitest-dev/vitest,8a96eaf57c2f8b4ca171f1f521eddb1bd4621b08,refactor,2022-03-17T17:23:50+00:00
vitest-dev/vitest,7b21be8f7dab4d88bbd4b07c869b004fb5ec960f,fix,2022-03-17T19:35:51+00:00
vitest-dev/vitest,5def68192133f4e1a1d5e6dea347f91058b8b74f,fix,2022-03-17T19:44:54+00:00
vitest-dev/vitest,18a9930578fcac5fc987269e78aeba62ab91098c,docs,2022-03-18T14:38:00+00:00
vitest-dev/vitest,d3b46398bd80a81d186cce3e0e73dd54d9b02153,feat,2022-03-19T07:52:07+00:00
vitest-dev/vitest,6f265e0c21c2c5425b2814ea8e9dc889d83d2e17,fix,2022-03-19T08:11:54+00:00
vitest-dev/vitest,42406a3b4dac510783a1b5d5345c11eac22bb5ba,fix,2022-03-20T13:28:18+00:00
vitest-dev/vitest,25ae6fb98a40b015d59c70d95ced46b6285c0318,docs,2022-03-21T10:18:13+00:00
vitest-dev/vitest,c977c33f8509adcc752c22ac5f5d120178ce0f0f,feat,2022-03-21T10:56:40+00:00
vitest-dev/vitest,00a17634017bc7dd7ae18f5ffc5b5e5cf67b097c,docs,2022-03-22T00:28:30+00:00
vitest-dev/vitest,ce7927d0df0f4dd55b17463cf1d15a1070831354,fix,2022-03-23T06:06:30+00:00
vitest-dev/vitest,772badfbe897220afe1906794d591a9858e66cd4,docs,2022-03-23T10:33:58+00:00
vitest-dev/vitest,329f9ca34df7ba52c64494ef48cd59da676f0d34,docs,2022-03-24T15:12:49+00:00
vitest-dev/vitest,725bc925293511e77cd12bdc6d5913c3fc39074d,docs,2022-03-24T15:57:53+00:00
vitest-dev/vitest,16d65a7ffab520faa4b344041fba05442dd9e7e9,fix,2022-03-25T06:58:18+00:00
vitest-dev/vitest,f4f26cb3c5b1a348d5948189e81dcc7647b2ef7a,docs,2022-03-25T07:01:28+00:00
vitest-dev/vitest,a0b03f9839734fe8ca4c091feb746260ba482522,docs,2022-03-27T08:28:25+00:00
vitest-dev/vitest,c6dd63accf8c0b47f6ab9e424aca96004316437d,feat,2022-03-27T09:12:05+00:00
vitest-dev/vitest,b6b9113e62008fbb9940fb362a36c85934d233da,docs,2022-03-27T11:11:52+00:00
vitest-dev/vitest,f7b81d032a5e2c0d1f122c81a07cd075050ba01a,docs,2022-03-28T04:42:42+00:00
vitest-dev/vitest,fc86d072822f40a2f866eae3f93c919b660182eb,docs,2022-03-29T07:20:15+00:00
vitest-dev/vitest,b2362bc8cda4f5864727ca42b0c28ee06bc25cf5,refactor,2022-03-29T09:12:41+00:00
vitest-dev/vitest,b5d97b0052f8cf2b8db4266603a6aa2eb216638d,fix,2022-03-29T09:17:06+00:00
vitest-dev/vitest,6dd7f53588d03688b7ade05dbc5e0c314beb962e,feat,2022-03-29T09:35:57+00:00
vitest-dev/vitest,3326332528b9d33498e111296d2d51abee1b0570,fix,2022-03-29T09:38:11+00:00
vitest-dev/vitest,87542f84c5dd74892588c5fa3fed7fe68f56c53d,fix,2022-03-31T18:09:58+00:00
vitest-dev/vitest,190b1c1937b4bb7ed55b5fcf2c1643d2f75f95ba,feat,2022-04-02T11:57:45+00:00
vitest-dev/vitest,15829489eb50ee176f0084c7636ca2ff63b4e4a6,feat,2022-04-02T16:10:50+00:00
vitest-dev/vitest,382aa351421d378c4b16301b7d94184e061e9a72,fix,2022-04-02T16:11:19+00:00
vitest-dev/vitest,2ded62465d73eff2a719d1ab1c3d9647e43c2cd1,feat,2022-04-03T08:16:38+00:00
vitest-dev/vitest,cb90dcba2b6835b521dfabb2d875140a7c1d0c51,fix,2022-04-03T10:52:43+00:00
vitest-dev/vitest,cf226c5a0eb98bf3c9fd5f97d8087a30e0daa7a0,fix,2022-04-05T13:47:29+00:00
vitest-dev/vitest,57c048bfdaa1498f6284c101f4ede78c9e5b5a66,fix,2022-04-06T17:30:23+00:00
vitest-dev/vitest,06faf8ad491745e63d86994f754f476b85826e64,fix,2022-04-07T18:10:19+00:00
vitest-dev/vitest,45ef020cd4fbe7f426aa355bd8adba046429a49c,fix,2022-04-07T18:11:04+00:00
vitest-dev/vitest,d48299213aa7663d325f2510126dc96531c41bc3,fix,2022-04-10T06:24:49+00:00
vitest-dev/vitest,ab8e2b892e118b69426a9f7573eb3b07340ef6bd,fix,2022-04-14T06:42:35+00:00
vitest-dev/vitest,0c9137d9d3267be860a59c619e2eee981e51a64b,fix,2022-04-15T08:37:31+00:00
vitest-dev/vitest,d8e0493e269811a3aa6506dab7f9e47d084216c3,fix,2022-04-19T03:38:02+00:00
vitest-dev/vitest,9dd26e269eb4edd1071199598449a3640fe7148a,docs,2022-04-21T04:48:29+00:00
vitest-dev/vitest,f685b87c1ccaf2cebf6035d7080d2a7e2fedbdcd,fix,2022-04-21T13:31:43+00:00
vitest-dev/vitest,95b1ba4c17df1677136b39762c19d859db3f4cb2,fix,2022-04-22T10:46:05+00:00
vitest-dev/vitest,cdf61b2ec9eef1700c37cdbc689625425537b97a,docs,2022-04-24T17:03:13+00:00
vitest-dev/vitest,f741c7e6fba449893049526f5ab48d81ab50cf5a,docs,2022-04-25T12:28:56+00:00
vitest-dev/vitest,4f198ef284b82fa31b0bf409feaa74711d6951bb,feat,2022-04-25T13:52:25+00:00
vitest-dev/vitest,f2bceb2c2876d1f7d0aa52b6df1d4690b0af1762,feat,2022-04-25T14:05:45+00:00
vitest-dev/vitest,49631396843b8454ee88da0e360a354bb9aaa174,docs,2022-04-25T14:09:54+00:00
vitest-dev/vitest,469e95df567fef67cd300337066bce184c5369f6,docs,2022-04-25T14:33:03+00:00
vitest-dev/vitest,750c80bb012c32ae4ea742fc0cf0e0d5f1b20563,fix,2022-04-25T16:19:42+00:00
vitest-dev/vitest,a944a910ce1eeb5d0a2f5a41eac814d611ba09a7,fix,2022-05-01T14:59:08+00:00
vitest-dev/vitest,3d8e846b12673800ad80d75ba2423081f76eda01,fix,2022-05-05T15:33:56+00:00
vitest-dev/vitest,93422cb2fb9eb00d0c551f5b4c280d4ac994d26b,docs,2022-05-05T15:35:43+00:00
vitest-dev/vitest,d15d47f99ce0c009c8bd5643ebcb8949d0ec8f48,fix,2022-05-05T15:36:08+00:00
vitest-dev/vitest,ae2c56178456c1e99af879d3d2a5fd644c3b65d0,fix,2022-05-05T16:54:48+00:00
vitest-dev/vitest,70bc30b3dcf9b58a2a3eb137307e7dc32199b961,fix,2022-05-06T06:03:16+00:00
vitest-dev/vitest,2fcba951226042d893d7a276ffb0aef780827a54,docs,2022-05-06T09:28:57+00:00
vitest-dev/vitest,5dcfea7d21a677ac3587b5d618b02859b487c243,feat,2022-05-06T10:25:46+00:00
vitest-dev/vitest,98e57e25113b960593365eb0a9a7304390f1270c,fix,2022-05-07T10:50:27+00:00
vitest-dev/vitest,34e177f66b90f842f10cf923a07831221d916c86,fix,2022-05-07T13:17:55+00:00
vitest-dev/vitest,fbd797456c2b8705af0bc3d7cb908d8bf3c2ee91,feat,2022-05-07T20:40:06+00:00
vitest-dev/vitest,110788a793acbf0e7f25a9be5455eccadf02d83b,fix,2022-05-07T20:41:05+00:00
vitest-dev/vitest,5750cf0d0f4f58bf5241058da4abea7b3cee7383,docs,2022-05-08T05:33:10+00:00
vitest-dev/vitest,2d3f8d5283d3c89324ae1f5b52f9ec9b20bbd637,feat,2022-05-08T05:33:59+00:00
vitest-dev/vitest,555aba654cedfe0141bc08161cf2e77dedcaf589,fix,2022-05-08T05:34:37+00:00
vitest-dev/vitest,dd3c5a11100b47c5a2ae5f4b9d1c46673614862b,feat,2022-05-08T05:36:36+00:00
vitest-dev/vitest,62cf5af67d1a638c9ac6623d52da86dea13ce995,docs,2022-05-08T10:46:12+00:00
vitest-dev/vitest,00a1d7b6913a8372cf751f79fed966fe9362aa7c,docs,2022-05-08T10:47:38+00:00
vitest-dev/vitest,a2f17b01f1f9cd177d293aab189296ea83e36832,fix,2022-05-08T21:18:26+00:00
vitest-dev/vitest,9695c6c845b06713e588ef6a704d0ea43fdaeee0,docs,2022-05-09T07:45:57+00:00
vitest-dev/vitest,7459ff8a46add1a0ab3a12421be1a55315dd1857,fix,2022-05-09T08:38:11+00:00
vitest-dev/vitest,d4e8060f68541d526ab72e2ef344dd64dd73aa98,feat,2022-05-09T08:38:23+00:00
vitest-dev/vitest,d3fb5327493ebc53bf26db3cff1601087777b739,fix,2022-05-09T09:16:43+00:00
vitest-dev/vitest,4701e0b9b07728fc64189b655c53708346ac9293,feat,2022-05-09T13:58:23+00:00
vitest-dev/vitest,3dfc2eb20ecf0816f69b4108e266a2af19eeaa74,docs,2022-05-09T16:25:33+00:00
vitest-dev/vitest,154db71a1ea92c8e5e0e7971d4d505b5400ce711,fix,2022-05-10T00:26:04+00:00
vitest-dev/vitest,3cdcdf6539427f4c1a54164dca25522330cc0d72,docs,2022-05-10T02:39:19+00:00
vitest-dev/vitest,35c1b52323a2c07e6a9d9c1171b6ddfffa3bf84c,feat,2022-05-10T02:57:28+00:00
vitest-dev/vitest,ed3374fd3ce3cdb54b8b43b5c68cb63b31516fb1,feat,2022-05-13T12:28:45+00:00
vitest-dev/vitest,c3fef1a3e9a09f618d1c3d84ad864c2e4b18d4e0,docs,2022-05-13T12:29:29+00:00
vitest-dev/vitest,c491fb448ad1e8020fa6c6936fb3c98ad12966d2,fix,2022-05-13T13:47:30+00:00
vitest-dev/vitest,3179ac992af82ce84a04501e4f1c34b6ea4e2bbb,fix,2022-05-13T15:31:32+00:00
vitest-dev/vitest,6a0c1e79486ca8382ed3b1e4602d174c5fb5a66a,refactor,2022-05-14T08:14:32+00:00
vitest-dev/vitest,856db8d8b2c7d4e54cd20d5ac17d0da8b071203d,docs,2022-05-15T07:06:44+00:00
vitest-dev/vitest,5af545db36f68057dd2c4366727c577b8bba1d12,feat,2022-05-17T01:25:06+00:00
vitest-dev/vitest,b228edb1819f3364a931a23a9ebdf6c6239d8476,fix,2022-05-17T01:38:54+00:00
vitest-dev/vitest,466d6d2fca7f7c778d205b67d4f6daa1144eec0e,docs,2022-05-17T01:39:24+00:00
vitest-dev/vitest,d32a758d963a2a0b5acdd76e410043793f8f6628,fix,2022-05-20T08:49:42+00:00
vitest-dev/vitest,527bb3781ff99ecdec43f3cf0e0407b07537c0b6,fix,2022-05-20T08:50:17+00:00
vitest-dev/vitest,ddd4a9552adca00b8ea91e43a1f1750d7a98381f,docs,2022-05-20T08:50:33+00:00
vitest-dev/vitest,b802d5e8c5942dfb58585e51cf7884ac5aa77081,fix,2022-05-20T15:03:26+00:00
vitest-dev/vitest,478465a050557c98e578fbad79b41bbd236fd537,fix,2022-05-21T12:29:33+00:00
vitest-dev/vitest,fbaa546c649bb34a0c4b1dde17bd91ce9ba8d32d,fix,2022-05-21T18:11:23+00:00
vitest-dev/vitest,f8db7d7346c3ff3650bf450f5eba93b0dd8e73ff,fix,2022-05-24T21:48:52+00:00
vitest-dev/vitest,d595e08b65f9343ff9b8fcfcd54316444e529a0d,docs,2022-05-29T04:07:41+00:00
vitest-dev/vitest,c5b7a72d25b0aea327eb399b40c812504998a9f0,fix,2022-05-31T05:56:00+00:00
vitest-dev/vitest,4b54aed5831d3ed01552e3d04a6b7c38bfb95597,fix,2022-06-03T10:39:35+00:00
vitest-dev/vitest,6e6d63c537a0a94cb5aa0c1eb3d628d815b95c29,docs,2022-06-03T11:01:25+00:00
vitest-dev/vitest,7859f1a3af93d8af8c6a182a46d518ace50a9a9f,docs,2022-06-03T21:27:08+00:00
vitest-dev/vitest,ab8f0043fd6e322e34872139317cb6cb537a5d56,fix,2022-06-04T21:31:11+00:00
vitest-dev/vitest,b4a9b0b632a8de69ba7dcfb72a96bc1286822882,fix,2022-06-05T14:53:04+00:00
vitest-dev/vitest,3f5ff5b5b6214762a9365405845b9ff2308b46fd,feat,2022-06-05T14:53:14+00:00
vitest-dev/vitest,fd57b0e50704a80491e89d3a25585f80057cb188,feat,2022-06-05T15:07:14+00:00
vitest-dev/vitest,9d6c6f25cbe5c40ba1422d60f561172c488fc51d,fix,2022-06-06T05:59:09+00:00
vitest-dev/vitest,8452a7ded5f01226e5c242652bce5badbc69f30e,fix,2022-06-06T21:32:31+00:00
vitest-dev/vitest,9a87a3cc613c43f6248ae0c5573a783a8047b53f,fix,2022-06-10T00:53:22+00:00
vitest-dev/vitest,97106f6b8f79a8ae26aefc5ec601b5918cdf5777,fix,2022-06-10T07:10:02+00:00
vitest-dev/vitest,235b9502f9d7a4e6922b1d542c6aac468b0148a2,fix,2022-06-10T07:10:55+00:00
vitest-dev/vitest,1660b59080e263ce21ec3670406b255c2f36ec14,fix,2022-06-10T20:35:05+00:00
vitest-dev/vitest,fef00a7328907b7663fa37e06cffa1781b84cd88,docs,2022-06-12T04:05:22+00:00
vitest-dev/vitest,c6f23465761b03693f397095b700eed58221a5e2,fix,2022-06-14T15:27:08+00:00
vitest-dev/vitest,58818f2d9a531dfe42ccf730812d669df18583f5,fix,2022-06-14T17:55:23+00:00
vitest-dev/vitest,348a0088575a33f10926380687043f3283d2ef49,feat,2022-06-14T17:57:56+00:00
vitest-dev/vitest,805c0ba6f8202694dd0dbd831dad1565a9842d3a,feat,2022-06-14T17:58:12+00:00
vitest-dev/vitest,68715b6e464e2527d69d9fcfd06179c4fd24565a,feat,2022-06-14T18:45:34+00:00
vitest-dev/vitest,22fed1b8230a26018017a621f0768576b447daf0,fix,2022-06-15T09:30:15+00:00
vitest-dev/vitest,df0e69ce9885b53646b421329b66bade1b445ef7,fix,2022-06-16T06:39:45+00:00
vitest-dev/vitest,ebda666c757406fcadda9a088664e8611c5ed97c,fix,2022-06-17T10:04:30+00:00
vitest-dev/vitest,406f995aa4bec87adf91ab49392c0c5c77514c63,fix,2022-06-21T09:16:51+00:00
vitest-dev/vitest,856ac4c59463c6b01e0466503494be33b1ab7b0e,docs,2022-06-22T10:13:34+00:00
vitest-dev/vitest,dfd85066c0b8a149b26fbb13ee1a9d3dc2441c73,fix,2022-06-22T21:09:35+00:00
vitest-dev/vitest,7546f2986e4e73e35877998b8fde9644c6c4ddbb,docs,2022-06-24T13:23:56+00:00
vitest-dev/vitest,34b06dba5927ebc217fc97da56560357c1e161f6,fix,2022-06-24T13:24:45+00:00
vitest-dev/vitest,3320ecaa3956fa5d95b9b7d25eb1da3bcb64577b,docs,2022-06-26T05:11:53+00:00
vitest-dev/vitest,94770433ff674986055e48025059c5922b6b311d,fix,2022-06-27T06:30:44+00:00
vitest-dev/vitest,2244c1779c6a4a68b9445e7436bc1a6daa7b6359,docs,2022-06-27T06:31:08+00:00
vitest-dev/vitest,b054cd5e3664055aed47a5818c7f2b79fb90ed97,fix,2022-06-27T06:31:24+00:00
vitest-dev/vitest,edbf90785e0517c8ae44c9b39996902f928965c3,feat,2022-06-27T14:24:14+00:00
vitest-dev/vitest,6a5ce495017136d7d74c160c53bf86c4ff0ecf4d,feat,2022-07-01T09:22:11+00:00
vitest-dev/vitest,7ad8e3fd205f8d7791651b9d4847db5b36d9e307,fix,2022-07-01T11:33:18+00:00
vitest-dev/vitest,b947be48c3fb271d2e7ee3417e2a270f2d4e615a,feat,2022-07-02T09:51:26+00:00
vitest-dev/vitest,9c607572800a90e1b27d433239bfd05a7b4354c3,feat,2022-07-03T12:18:39+00:00
vitest-dev/vitest,32293432891ebb1164429cdb2fc168c28ffd58e9,fix,2022-07-04T09:18:21+00:00
vitest-dev/vitest,4870119acc335789ffe11bd4d961a5da5b861a5c,refactor,2022-07-07T08:42:54+00:00
vitest-dev/vitest,c5d07b844504f78e25f33bf3cac5b12f52886de9,fix,2022-07-08T10:31:43+00:00
vitest-dev/vitest,f714833511bf1d895361b4b118303fc8420d1228,fix,2022-07-08T17:14:58+00:00
vitest-dev/vitest,5b837f94723c0d747ea3472140c0426160b9ae4b,docs,2022-07-09T07:22:21+00:00
vitest-dev/vitest,daf9886a5ee7262845d02c36e26506bab1806b76,fix,2022-07-16T15:06:30+00:00
vitest-dev/vitest,7be1cd544082088a5f6ae278b01c7797b056fe00,feat,2022-07-16T15:07:37+00:00
vitest-dev/vitest,4aeeee092e49dcf56a1c2d6f9408256ef4498257,fix,2022-07-16T15:08:10+00:00
vitest-dev/vitest,a03849499dabc0f748f0136542664f7a2e172a59,fix,2022-07-18T06:51:46+00:00
vitest-dev/vitest,c3cc6d8063f925d455adcd8c51fcfc838f6365d1,feat,2022-07-19T06:27:11+00:00
vitest-dev/vitest,f728ff6c61c6e81fccc84ac240a2ebf66e568e94,fix,2022-07-19T12:24:41+00:00
vitest-dev/vitest,d5073341fec50bc0d0e0f9c6835880865d9832a6,feat,2022-07-19T14:41:48+00:00
vitest-dev/vitest,fe69f433eefac098c4f4da8d3ccd9497c6059dbf,fix,2022-07-22T17:39:14+00:00
vitest-dev/vitest,afa4965f07edd2375f130baa7ae27a1bb0440974,docs,2022-07-24T06:47:50+00:00
vitest-dev/vitest,eeaf734c7d0439efda3c142bc1aadba8eb23438f,docs,2022-07-24T06:48:03+00:00
vitest-dev/vitest,35112e33d25ecce1b7b4f433160fa70a9fe5d1c4,fix,2022-07-24T06:48:46+00:00
vitest-dev/vitest,8247ed9fc01848d5673e64e95066589919979249,feat,2022-07-25T13:07:44+00:00
vitest-dev/vitest,d4e6612237381097692beebb34ef35e76ade844f,fix,2022-07-26T05:58:14+00:00
vitest-dev/vitest,409aa45e57a212f0e49b9f6671e1d53e72c22496,feat,2022-07-26T05:58:43+00:00
vitest-dev/vitest,b971ede52f52447b94334dd6ffe1bd1073dc9344,feat,2022-07-26T08:51:01+00:00
vitest-dev/vitest,68951e047ff1a81fca03ce24d20305f38ad669af,fix,2022-07-27T07:14:53+00:00
vitest-dev/vitest,0d1f1e87fee9ee532c234efe657e42918975a61d,fix,2022-07-27T19:15:25+00:00
vitest-dev/vitest,60155046b78a0a29906bbcc7d6fb7e0676727c39,docs,2022-07-28T07:39:46+00:00
vitest-dev/vitest,bd567f74d3e07cefbf74edcf0638ed4c94438003,fix,2022-07-31T07:46:30+00:00
vitest-dev/vitest,bdce24e3782b7aff9d4de96d521cbd61bc7464ab,fix,2022-07-31T10:15:57+00:00
vitest-dev/vitest,4ca824e8677cbc8d07c6e8909863d525b32e4003,docs,2022-07-31T10:49:22+00:00
vitest-dev/vitest,ab4732faa867b0c78beb62d623c4653e4e0074f5,refactor,2022-07-31T13:12:48+00:00
vitest-dev/vitest,de3910bfebe1b94b0d5b801ee5cebaa237623fbc,docs,2022-08-02T07:06:19+00:00
vitest-dev/vitest,90f4995c8479a5f949cb128f72c5a1a4dfa9d62d,fix,2022-08-02T15:37:09+00:00
vitest-dev/vitest,bd370b94c14389abebd78b746d1ea2b8833910d6,fix,2022-08-02T15:37:26+00:00
vitest-dev/vitest,6ed32dd38265c127f795af48f3c0e61d3a415202,fix,2022-08-04T11:18:17+00:00
vitest-dev/vitest,135b6d829d9b4f1586edcb7d69f77da2b7a84304,fix,2022-08-05T05:34:54+00:00
vitest-dev/vitest,b1cd7e71e0a80d49b8df5f2d47a350a35b2c1a29,fix,2022-08-05T15:52:13+00:00
vitest-dev/vitest,5141e0b9ba2c79542f6afb4ada5a2ae1342c88c4,feat,2022-08-05T16:07:58+00:00
vitest-dev/vitest,95c1d34368d799da417da219d394545ee83164e2,fix,2022-08-06T10:52:22+00:00
vitest-dev/vitest,8eddd5a380e45a5657a9ed2e0afd20548c0f634a,fix,2022-08-11T06:18:43+00:00
vitest-dev/vitest,10232f3f5b00718525e8c490d3e8a7fd0684c442,docs,2022-08-11T06:22:10+00:00
vitest-dev/vitest,131420510c38ccdb8c75508fe8056d59b3e1b4d3,docs,2022-08-13T02:23:06+00:00
vitest-dev/vitest,ec37655115d44a22909aa7e36d49bb1af0a805d9,feat,2022-08-15T02:56:09+00:00
vitest-dev/vitest,ea80f2bfa7613e53ff852a1c692752a400fd8922,feat,2022-08-15T10:22:29+00:00
vitest-dev/vitest,265fdbe665bb7e1ff2ea78a1216a2042a71d9e54,feat,2022-08-15T18:21:02+00:00
vitest-dev/vitest,b54a13e5b1263a7a898ff6397d526854fb476a97,feat,2022-08-16T04:20:36+00:00
vitest-dev/vitest,e21c78c29f689a00fcb883485b30eb5e93be1d65,fix,2022-08-17T08:04:21+00:00
vitest-dev/vitest,7ba6b206ba0a2f0d84c1a5de280684aa5e5ae51c,refactor,2022-08-18T07:09:36+00:00
vitest-dev/vitest,285ac7c24ef74ee244ce927b5e3bc757feaa918a,fix,2022-08-19T05:27:18+00:00
vitest-dev/vitest,b35f42dbceb10c92fc01aff5e89bcf378253c7a0,fix,2022-08-23T08:14:21+00:00
vitest-dev/vitest,e7e8a7668089131e669b83dee1c7716c925fb5bc,fix,2022-08-28T23:59:45+00:00
vitest-dev/vitest,44b7fce9946f48b29d06f86afa0850fd246d2a0c,fix,2022-08-29T14:06:32+00:00
vitest-dev/vitest,35bb461b6e116241cd65f2fd5d00db13fd3df781,docs,2022-09-01T10:31:49+00:00
vitest-dev/vitest,51824896ba5c6dacab8610a2c8aa8c4a8e7e39fc,fix,2022-09-01T10:32:37+00:00
vitest-dev/vitest,9add2745f827f9ee4d8cf8d366773eb83a65035f,fix,2022-09-01T10:33:35+00:00
vitest-dev/vitest,5c064944126c36f3e1df0ecd5289da3b67b4353b,docs,2022-09-02T05:53:11+00:00
vitest-dev/vitest,55049f4a4ece20c52c189e0cd08263bf384afc15,fix,2022-09-02T11:52:13+00:00
vitest-dev/vitest,e393be341484a291f8467af68885c185d6d5e8ae,feat,2022-09-04T06:37:11+00:00
vitest-dev/vitest,51b5d8037e5e4bad080692b5cc137123cc86398d,fix,2022-09-04T07:14:54+00:00
vitest-dev/vitest,5bfd3c9a40a42475ac6591d774c7f9174d318ed0,feat,2022-09-04T07:41:54+00:00
vitest-dev/vitest,456079ea7326e10a0f074f611180674f8bec0864,feat,2022-09-04T07:53:43+00:00
vitest-dev/vitest,4131a52e1ef8ef060ae3c6247320155b70fe3b5c,feat,2022-09-04T07:54:33+00:00
vitest-dev/vitest,43ba8723a6965e383776e9e10fb5a94e5622128d,feat,2022-09-04T11:55:44+00:00
vitest-dev/vitest,3807c07f80bfce4f10801a1fab5fd29f2fe788cb,fix,2022-09-04T16:17:37+00:00
vitest-dev/vitest,f55fa26063d80867897d5227f06f929a44a584a5,docs,2022-09-05T08:13:25+00:00
vitest-dev/vitest,e5c40cff0925c3c12d8cdfa59f5649d3562668ce,fix,2022-09-06T12:07:34+00:00
vitest-dev/vitest,08feae1eea7ae4b24967b46cdb280813febcd3d9,docs,2022-09-07T16:36:37+00:00
vitest-dev/vitest,90ffa6dc0f4efe28cdf7910f930ebe1336444003,docs,2022-09-08T08:34:25+00:00
vitest-dev/vitest,0c2e323ee153e05307d6b7c35dbbbd739abaeeaa,docs,2022-09-09T07:49:30+00:00
vitest-dev/vitest,d016724762d6e2251ab326f7a034b376d51aca2e,feat,2022-09-10T07:51:47+00:00
vitest-dev/vitest,46f6bfbc9aa10ef5647005e507a8bdaddb9ad68f,docs,2022-09-10T07:53:41+00:00
vitest-dev/vitest,f00a1ac2280e35df93fc2f2e937bb12e2ce70c79,docs,2022-09-10T07:54:55+00:00
vitest-dev/vitest,7ae53dcfcb27b3b0d3b7444afe21ac15a0028540,fix,2022-09-13T08:13:31+00:00
vitest-dev/vitest,6ed7c2418b272594d29a72bf7486d16e3de60442,fix,2022-09-13T09:37:03+00:00
vitest-dev/vitest,4968883ef0e2c56e96e4a7a7e25fceb95f73fcff,docs,2022-09-13T21:43:54+00:00
vitest-dev/vitest,8d9a72e45195407c1d3ded460a545d149e91eec5,docs,2022-09-14T01:30:02+00:00
vitest-dev/vitest,62c1001f4c676a883ece5ed92be9869deb0b49af,fix,2022-09-18T02:56:31+00:00
vitest-dev/vitest,119932f0c7a7730c4c34071fd377922f462ba430,feat,2022-09-18T02:56:43+00:00
vitest-dev/vitest,a31767dda57239599e69adfe9dfdb91f21fab50e,docs,2022-09-18T02:57:04+00:00
vitest-dev/vitest,87400545f5f9615ab2e0aa7d92bbd95f739b0541,fix,2022-09-18T03:01:51+00:00
vitest-dev/vitest,f3524602ccc678badaae6bc5c3945008d8cfd82a,docs,2022-09-24T09:15:03+00:00
vitest-dev/vitest,cba3ff0937c51f46b6ff9789e568b32fc03f3e36,fix,2022-10-05T12:46:19+00:00
vitest-dev/vitest,bd677017d965922ccce7ca533b13baeb681d3c51,fix,2022-10-05T12:57:58+00:00
vitest-dev/vitest,dd7c80bee8112e2769193ff36d4aff8acb3a95ea,docs,2022-10-07T08:03:01+00:00
vitest-dev/vitest,d1919a069cc0cb6788d90c45d1fab88e777ad75c,fix,2022-10-07T08:13:39+00:00
vitest-dev/vitest,652f1604ac01d85dd026d6bababcc82afc5794b9,fix,2022-10-07T11:43:48+00:00
vitest-dev/vitest,0896344c7e03e7b9160a5d6ea0c8597519d383bf,fix,2022-10-07T11:44:10+00:00
vitest-dev/vitest,a24c87344cb83f4903e4cc749c1dd601d0cc6dee,fix,2022-10-10T14:30:08+00:00
vitest-dev/vitest,99b7d9e37c59f2f90cfbec98730ce6c764e51e71,fix,2022-10-10T14:31:47+00:00
vitest-dev/vitest,a6618c117328c06b2315c6a19f0eb337685b3d27,feat,2022-10-14T09:29:48+00:00
vitest-dev/vitest,d0c09987b508c9b3c824e2b9853857f1cb848ee5,fix,2022-10-14T09:31:46+00:00
vitest-dev/vitest,3c4a277ea0b6b9509491e931f23de19a50408033,fix,2022-10-14T11:44:59+00:00
vitest-dev/vitest,42d7278ee9d85c9b043d076fbcce3378c7cd9ed9,refactor,2022-10-19T09:07:48+00:00
vitest-dev/vitest,17ba76b8d11da9a6f683c7e851c19db40fce3691,docs,2022-10-19T10:29:32+00:00
vitest-dev/vitest,c00bc88258566bdf2ab5b3d7f1ffd543a782f6f8,fix,2022-10-19T16:18:30+00:00
vitest-dev/vitest,07de129823831335251d9c7eee01664e0649a6e7,fix,2022-10-25T09:32:01+00:00
vitest-dev/vitest,8ac3d47cfea527d4f57ffef1df27aa45d4c59326,docs,2022-10-27T15:41:22+00:00
vitest-dev/vitest,a1ee96a32f52182e2d2b7860559860170e1182f5,fix,2022-10-31T09:35:54+00:00
vitest-dev/vitest,28153720bcd111030de37ada133342d6b5fd2e2f,fix,2022-10-31T09:36:38+00:00
vitest-dev/vitest,6c3d708da6c0789964c8c71e3eb49b942d1cd888,fix,2022-10-31T09:36:54+00:00
vitest-dev/vitest,d8ed4fda5cc90771e9f8a9d362e342f91bb4d122,fix,2022-10-31T10:27:57+00:00
vitest-dev/vitest,b574a9416a4e17dd243b1af10a297caf5e4f04ca,feat,2022-11-01T15:35:48+00:00
vitest-dev/vitest,113d564e781ac23d7baad1f98551f621be1c7121,fix,2022-11-01T17:50:20+00:00
vitest-dev/vitest,c3d89504e1b8b3cf8d055ef4f70ca2019e60fe9d,fix,2022-11-02T08:17:32+00:00
vitest-dev/vitest,c46c30202fef3d5f047de976dc4400b297e10355,fix,2022-11-03T10:36:48+00:00
vitest-dev/vitest,b8d3a953cb175a035f59372902d7eb9ba19f941c,fix,2022-11-04T12:07:49+00:00
vitest-dev/vitest,d1b5b36c76e81152dfbba78de5b77a1833bc77a9,fix,2022-11-05T13:17:53+00:00
vitest-dev/vitest,3c3451b6f7baa875f6257f15d9ff83d926a50abd,fix,2022-11-07T12:04:48+00:00
vitest-dev/vitest,cd1d8fd71f1e0181189f9340ad25dc57ec66f1ec,feat,2022-11-07T12:14:22+00:00
vitest-dev/vitest,5b1ff43e661a7792233a035ca657dfc6347149af,feat,2022-11-07T12:23:13+00:00
vitest-dev/vitest,1592dcf047fa4bdecb1a1ad91b0f261f3c141051,feat,2022-11-07T12:30:44+00:00
vitest-dev/vitest,f0b048b787ba1db308bdc3075708ac3b37ba61bd,fix,2022-11-08T13:08:37+00:00
vitest-dev/vitest,c386bce1681d2fb2c1eb609cf5f9a7e1e76e18d0,feat,2022-11-08T15:15:16+00:00
vitest-dev/vitest,1703f7c4386cffb7ecd71fffae84c420267f1b23,fix,2022-11-08T15:40:13+00:00
vitest-dev/vitest,30c59f50c0c37772a9a7ba6e010ff0d6f47ae81f,fix,2022-11-14T12:59:03+00:00
vitest-dev/vitest,aa8e66250ecde3a005208d90dd86cf8fce64193b,fix,2022-11-14T12:59:21+00:00
vitest-dev/vitest,24998285595e9f35b72dcf7a32880698d803dda4,docs,2022-11-18T11:56:26+00:00
vitest-dev/vitest,609185bdc5027fba743ddbd5cb942faaed277cb8,fix,2022-11-21T14:19:23+00:00
vitest-dev/vitest,6ce3ed7f91cdec240e6c442965ac1a1f5223b4b6,fix,2022-11-21T15:52:04+00:00
vitest-dev/vitest,f7b27af01aa00be3c07161ad21bec3a965361526,fix,2022-11-21T17:13:15+00:00
vitest-dev/vitest,3f963ece2f41664d3d4d3a0392297610ba0176bc,docs,2022-11-25T08:44:09+00:00
vitest-dev/vitest,98974ba4a5b95a57a98bc2077b74bc5609d6bb3a,feat,2022-12-02T13:09:34+00:00
vitest-dev/vitest,6d75630fcc917310804e710ca9ea705e5e7c8ea6,docs,2022-12-04T18:38:16+00:00
vitest-dev/vitest,b8ee821ca1f632f20a93073454a67a218cb9bcf0,feat,2022-12-05T12:18:00+00:00
vitest-dev/vitest,d050604f1995b53e1b70b32bee821f01ad3e0797,fix,2022-12-05T14:45:02+00:00
vitest-dev/vitest,8595c0e5fd3c10c12f65a9a827a710e4ec81d099,feat,2022-12-05T19:03:20+00:00
vitest-dev/vitest,2e7892cb23314e3d6e8f29ea3dcf0778c9e4d237,fix,2022-12-06T13:44:55+00:00
vitest-dev/vitest,cc13c28cc8f72a1bd0a67859c449ca07e71befe9,fix,2022-12-06T18:23:33+00:00
vitest-dev/vitest,f02c982865e14f51d8f16dd317e0302e2dbc11ec,fix,2022-12-08T09:07:36+00:00
vitest-dev/vitest,e9cb4136b53925f8b888ec8412a7e46aed37b132,fix,2022-12-08T10:46:19+00:00
vitest-dev/vitest,0a78859a2b86621ac80b446ab9cf2b5cbd977cd3,docs,2022-12-09T07:52:21+00:00
vitest-dev/vitest,3bb6b0c88074c7dc5509006884a349e56de052cd,feat,2022-12-10T19:20:46+00:00
vitest-dev/vitest,0a87ebb420c22e49745dc05b8444720b0cde4c5f,fix,2022-12-13T08:15:59+00:00
vitest-dev/vitest,c85edb1ec31302c65c0372ae77b56f6bf399e396,fix,2022-12-13T08:16:25+00:00
vitest-dev/vitest,0967b24bc4e50c696bd5a2c9387d432d8b9de51b,docs,2022-12-15T01:10:10+00:00
vitest-dev/vitest,c3a63524c71b7e9f212b542c907c4be1c7584ae1,feat,2022-12-16T15:03:52+00:00
vitest-dev/vitest,b114d49f50dfbd6a29964e5946ca89e2a340d50f,feat,2022-12-16T15:19:17+00:00
vitest-dev/vitest,b8f34eb8ca0019461cd6b8c2f39b704e48b379e2,feat,2022-12-19T10:23:22+00:00
vitest-dev/vitest,7ae1417ffff77675b0334b9572263f78e42f210c,feat,2022-12-20T09:57:34+00:00
vitest-dev/vitest,1cbc24dca6de0e56397a5ec59d04dc1fdba63b42,fix,2022-12-20T09:57:48+00:00
vitest-dev/vitest,2bb9a391de261c2804e52d520daf0730fa1ce265,fix,2022-12-20T11:14:56+00:00
vitest-dev/vitest,8dc1c3cbed472e715317f0a1d06145ee86a03ade,fix,2022-12-21T07:08:38+00:00
vitest-dev/vitest,84f98e70868365c6d030db91bff1094a069ede07,feat,2022-12-21T10:56:09+00:00
vitest-dev/vitest,853eeddba894c90cceba3412ac36118cd737ad48,feat,2022-12-22T13:26:05+00:00
vitest-dev/vitest,ce5b4b85b741333593040a7f6e5a1786d57f44e4,docs,2022-12-22T13:35:15+00:00
vitest-dev/vitest,a35ac7050bf9d40ee174a2c070edf2c4583b703c,docs,2022-12-23T17:43:41+00:00
vitest-dev/vitest,a431df80b3d30976c54e3acb45b9b71c1169263f,fix,2022-12-25T08:13:16+00:00
vitest-dev/vitest,ef77dccf05cea97351d4abe2e23aa38a24f0f134,fix,2022-12-28T08:53:57+00:00
vitest-dev/vitest,9f41edda223fabb4c7bb33840ee55d03f952bdda,fix,2022-12-28T08:54:13+00:00
vitest-dev/vitest,dba13374aa1cd93efd9f785821b6d82335ca7ec2,fix,2022-12-31T12:51:55+00:00
vitest-dev/vitest,e641a110d0ed82d707a82fd215d9598b0f8afaba,feat,2023-01-01T15:10:17+00:00
vitest-dev/vitest,f8ac2094253d267fa64a85ddb60511471813d00f,fix,2023-01-06T11:00:31+00:00
vitest-dev/vitest,6b3e36d4e9fd029984ce0f6a723ddb3fdce92379,fix,2023-01-06T12:11:10+00:00
vitest-dev/vitest,bf87282c3530bd0c982455047e10d230f4acb317,feat,2023-01-08T12:52:29+00:00
vitest-dev/vitest,9eeee0c8d894a1bd95ccbb83ac364a9e83536937,refactor,2023-01-08T13:01:05+00:00
vitest-dev/vitest,fed1cd605fb5e7a47c70519290c8e4f04a9e3449,fix,2023-01-08T13:01:31+00:00
vitest-dev/vitest,7446370ce4df957daa6cfd870ee302ee59746cd3,fix,2023-01-09T12:31:17+00:00
vitest-dev/vitest,1aaa79d7086826cc0e0b915180e3605e71fc63aa,fix,2023-01-09T20:26:09+00:00
vitest-dev/vitest,532cc11b0c6f482dfde927c0ea25d62b0cb36706,docs,2023-01-09T21:18:53+00:00
vitest-dev/vitest,9b8afb204dac3d7e0ccf7e7b0226c985f2810aad,docs,2023-01-10T15:40:43+00:00
vitest-dev/vitest,efbff2a2827c307a580ec039bc184c731afe4fb1,fix,2023-01-10T17:24:07+00:00
vitest-dev/vitest,ece434a38c00eb9f8c09df74f03c6875f669ca97,fix,2023-01-11T16:30:29+00:00
vitest-dev/vitest,866f449463daa253c1efcd71e14c2bcaf5f327a8,feat,2023-01-11T16:30:39+00:00
vitest-dev/vitest,1ac4bb8d50904d06a6fceb6567b8f1dd44ad67eb,fix,2023-01-12T11:12:52+00:00
vitest-dev/vitest,d6225764856dd62cb1b21ec5bf4619052609c244,docs,2023-01-12T12:07:46+00:00
vitest-dev/vitest,61ddebae61677f1a52208d9e598038fb5f51fbda,fix,2023-01-13T12:54:50+00:00
vitest-dev/vitest,13e53ac7b3c2b0a5eab01ba2d5c2860ccc8667e1,fix,2023-01-13T15:30:54+00:00
vitest-dev/vitest,6145d7bf0d2b3ed0b55efcacd845b211bc3b724e,docs,2023-01-14T10:30:07+00:00
vitest-dev/vitest,0a31e85ca7f82b173a7995d61b58552bf18a28f9,fix,2023-01-16T12:56:29+00:00
vitest-dev/vitest,8b5012301478dd6d0de9fe84261883106b756f3a,docs,2023-01-16T14:54:03+00:00
vitest-dev/vitest,019a6d5791cc418f8d6d044ed88aceadc6c9d9c6,fix,2023-01-16T16:39:14+00:00
vitest-dev/vitest,15aa01567eb693f77dd9f06adf5c0f7e87eaef30,fix,2023-01-16T17:23:13+00:00
vitest-dev/vitest,8a1d7590818f175f368b9f4063dbc300dcddcef2,fix,2023-01-16T17:38:53+00:00
vitest-dev/vitest,d8548c6954ff66545fc999e8f3775d42b73cfba6,fix,2023-01-17T07:38:56+00:00
vitest-dev/vitest,c31a0b20b57ad6639c4b04ec896cc27eaf6c55bd,fix,2023-01-18T13:34:47+00:00
vitest-dev/vitest,859e7f01c5ff004409f9429f4d32a07460bcbfe0,fix,2023-01-18T13:36:32+00:00
vitest-dev/vitest,db9b6bb74aa21174bf6e0c79bb877d748bfecd64,fix,2023-01-18T13:40:23+00:00
vitest-dev/vitest,b566912d2cbac49b5d159357b9101c79fb8b85cd,fix,2023-01-19T08:48:23+00:00
vitest-dev/vitest,26f915adc4c9d13302f73b24d13ffcc42417e8a9,fix,2023-01-19T08:52:39+00:00
vitest-dev/vitest,488e4b9fa61bd0f2c9944134efc05463311dcc3d,fix,2023-01-19T09:57:00+00:00
vitest-dev/vitest,4cd1e5d7fb5824b69e59c874362dc078bab4bc50,fix,2023-01-19T10:30:28+00:00
vitest-dev/vitest,da7e8d53781ad45b4379d1bae2c51d31d15c9d52,docs,2023-01-19T14:58:51+00:00
vitest-dev/vitest,5df522f7603bf8eadc9c60cd0d976c43140f9a70,feat,2023-01-21T13:18:22+00:00
vitest-dev/vitest,1503e15d0897389440352b58adc109fe068d80e0,refactor,2023-01-21T13:23:44+00:00
vitest-dev/vitest,703aab46553b0d5e82e38c183e9a4dee5ec12795,fix,2023-01-21T13:24:01+00:00
vitest-dev/vitest,a5ec633a003e2f14209f0e6c8cb20c86900f9af6,docs,2023-01-21T16:33:02+00:00
vitest-dev/vitest,b6c41caae84cfd37b6bf4a60071800a233f5d0e8,fix,2023-01-23T09:26:16+00:00
vitest-dev/vitest,e88c04c4c27aa62557d60df35ab3ea7fb853cd01,fix,2023-01-25T11:16:49+00:00
vitest-dev/vitest,712ac15b696e7a56a2c8a2d28081b42eda24088e,fix,2023-01-27T11:32:53+00:00
vitest-dev/vitest,ebc95adddda44121978faaa7fbfda042482c4631,fix,2023-01-27T11:33:10+00:00
vitest-dev/vitest,f03337aeb16360dc4796b8a9ce459b575ad686ed,fix,2023-02-03T09:20:11+00:00
vitest-dev/vitest,c0f91beba45c9c97edbe9bfce664f57b9d86e9c6,docs,2023-02-03T09:36:46+00:00
vitest-dev/vitest,07a9faf3d77723e1caee9ce79a673601357d8281,docs,2023-02-03T09:40:48+00:00
vitest-dev/vitest,ab5f8927065518e512ff2ccca48612a1206e43fe,fix,2023-02-08T07:12:05+00:00
vitest-dev/vitest,c29f1761ec0c281a6f45fa4379d3985899e51b63,docs,2023-02-08T10:37:11+00:00
vitest-dev/vitest,445c7b3569c6325af01eaa91ccbf27dbc50675a3,docs,2023-02-08T10:48:36+00:00
vitest-dev/vitest,9a0002be7c372a0a379a20ef50af100376f7d3eb,docs,2023-02-11T12:47:57+00:00
vitest-dev/vitest,d3d6b1fc82fc0773f57c0f39682d3b90b745e240,feat,2023-02-11T13:08:19+00:00
vitest-dev/vitest,8705e6b275a53ce313928459c4a9959b9ce0254b,fix,2023-02-11T14:13:52+00:00
vitest-dev/vitest,ba821f9cd51c3a989d261f01af12dbac8b59af2a,docs,2023-02-11T14:14:30+00:00
vitest-dev/vitest,62c4342075601825c4448853550dd6596a2f185d,feat,2023-02-13T10:06:56+00:00
vitest-dev/vitest,81604bcee06cb64770a1ffcfaefa4718fe380eda,fix,2023-02-13T12:28:52+00:00
vitest-dev/vitest,095c63907c39f93377f4d6174d509c6cafefa807,feat,2023-02-14T08:20:17+00:00
vitest-dev/vitest,9e03f2b8adadf72999c0a633c1960fa4495be0f1,docs,2023-02-14T12:12:16+00:00
vitest-dev/vitest,20c1c849ac77c3d88e460b769003cb5633921ee2,docs,2023-02-21T20:04:57+00:00
vitest-dev/vitest,0fc08032edd42111f56a6fbceb4a5788de4e809a,feat,2023-02-22T11:52:26+00:00
vitest-dev/vitest,65d71b9e97e6d4a6d7e38e12ed2c436e41dc97e3,fix,2023-02-22T11:52:43+00:00
vitest-dev/vitest,6ff6c6eb4d6d2327c9f95d0e19488109660e2ee1,feat,2023-02-23T09:35:26+00:00
vitest-dev/vitest,af8de36215960ffcccbe5658f5f3730413969b37,feat,2023-02-25T07:26:34+00:00
vitest-dev/vitest,615e150b0f7d84e127cc9588036ad515a8350dd8,feat,2023-02-25T07:37:43+00:00
vitest-dev/vitest,4d277d8d1dc5d9e663252d604ba54765e50dc8d3,fix,2023-02-25T08:06:02+00:00
vitest-dev/vitest,796adc657d588ec3645192c3d3d500f64d60973d,docs,2023-02-25T08:35:39+00:00
vitest-dev/vitest,d2460b7a204e83a5ce97b780fdeddcddbc25e6da,fix,2023-02-25T09:23:45+00:00
vitest-dev/vitest,a21ec383b68fdd64c720ba52f73af67ba6d22cde,docs,2023-02-27T11:13:21+00:00
vitest-dev/vitest,8653830bfae0f171c85d34dd6620bf1b23139b93,fix,2023-02-28T13:56:30+00:00
vitest-dev/vitest,0280825f1a672ba23d9fcbbc6470a4b29d343a73,fix,2023-03-01T15:37:42+00:00
vitest-dev/vitest,a1954cc0de1f3ea6f60ea3e17a082cf795e09d52,fix,2023-03-06T14:33:43+00:00
vitest-dev/vitest,26265b3533917d2bea17b2a5622fb18abe4086ee,docs,2023-03-07T17:26:56+00:00
vitest-dev/vitest,819c6cbe40e4b670b5b3d77bc2cc53da4522a3c9,fix,2023-03-07T17:46:51+00:00
vitest-dev/vitest,1bdcc212e1fde6776e69c9191253bc27404c8855,fix,2023-03-07T18:01:49+00:00
vitest-dev/vitest,427b06221e558c7bda308c24a37c04616048f558,feat,2023-03-07T18:14:59+00:00
vitest-dev/vitest,c44e5afe135c804ee224bcfa0c5b70ebe47187f4,docs,2023-03-08T12:50:07+00:00
vitest-dev/vitest,c2e25bb92ff6d98af323e59771bdef8386db3237,feat,2023-03-15T19:43:52+00:00
vitest-dev/vitest,36087d1edf412735ca850ebb6613fbc2044fa2e7,fix,2023-03-15T19:44:15+00:00
vitest-dev/vitest,3573032875eac78eec55f37c7d42505bf2f0d4cb,fix,2023-03-17T13:31:34+00:00
vitest-dev/vitest,a768015e640c886ae7320db24409e1a01f8c080e,feat,2023-03-20T12:06:54+00:00
vitest-dev/vitest,cc5779d69c7fd9c683aef6f4298f9fb75397f701,fix,2023-03-20T12:52:28+00:00
vitest-dev/vitest,1531c4208d8a8c54cec9f4d48a17af28345792e2,feat,2023-03-20T21:59:16+00:00
vitest-dev/vitest,ee6f590dfee1355cdd9657c9256338de49f1608b,feat,2023-03-22T15:36:37+00:00
vitest-dev/vitest,8ac829e266d754fc414ddaf031b472d38bf53667,docs,2023-03-23T09:10:22+00:00
vitest-dev/vitest,69d2cc93b766619ebb208cb82516789a116e75d5,fix,2023-03-23T13:32:37+00:00
vitest-dev/vitest,96da6c10eff24494fa6a14e673e9eb7fffc9525d,docs,2023-03-23T14:16:55+00:00
vitest-dev/vitest,196a067a429d0ea892ac66ac03ee2462104036f7,fix,2023-03-24T10:05:44+00:00
vitest-dev/vitest,9dc6929380d510f9c6316d5e56b6d1d54f25fda7,feat,2023-03-27T09:52:14+00:00
vitest-dev/vitest,2cb91211d7b05c5ad69846fbff5da7be5825d998,fix,2023-03-28T11:41:57+00:00
vitest-dev/vitest,2f1dc5ced3bfc1d005fd4ff163026490a608d27d,feat,2023-03-29T12:14:48+00:00
vitest-dev/vitest,287dc20581535463261654976038fc4183f0e3ec,fix,2023-03-29T12:16:30+00:00
vitest-dev/vitest,446308da9dfd361dc610f71b63926f5a1c8890c7,feat,2023-03-29T12:16:52+00:00
vitest-dev/vitest,bdc06dcbc41a9af074e83e0957ae73afd704c145,feat,2023-04-03T14:03:46+00:00
vitest-dev/vitest,affc6d82d6b7f48f261422a173180144e38fa691,docs,2023-04-05T08:05:02+00:00
vitest-dev/vitest,83a9aa74e051fa987ee7a326d8057b69772abc8d,fix,2023-04-05T08:05:30+00:00
vitest-dev/vitest,5cee4fbf12eea1a3e086196ee8e40d0816ab57f2,fix,2023-04-05T15:38:01+00:00
vitest-dev/vitest,7856ec12dce1def60b210dadb4364497c808c56b,feat,2023-04-05T20:03:01+00:00
vitest-dev/vitest,6fcba9ba1641b01fcb68a2c67b931179e75833d3,feat,2023-04-06T06:17:01+00:00
vitest-dev/vitest,c51433d074d62b473fc8cffbf88e0bf9d2d683ea,docs,2023-04-06T13:52:09+00:00
vitest-dev/vitest,430b4ecbab2ed5b63f92b5012e424c3c9a4f3216,fix,2023-04-08T06:46:34+00:00
vitest-dev/vitest,b9d1a97599566fc07089d9f92d9388193a3dcf19,feat,2023-04-09T13:12:26+00:00
vitest-dev/vitest,5436c7369c7e3b3ae46898ff83078f7ed660bd9d,fix,2023-04-10T15:14:59+00:00
vitest-dev/vitest,df3f2b50eb92777a8a2b3872fd9eb7512d3f4c94,fix,2023-04-11T07:54:43+00:00
vitest-dev/vitest,7af644440b4eb2dd1844b176b87328e52162b8df,fix,2023-04-11T08:11:16+00:00
vitest-dev/vitest,cce4549627ec7bdf8e198c8cbaa4bc7a67fddddb,fix,2023-04-11T08:13:06+00:00
vitest-dev/vitest,06852f18c7d5b55a49893515c5734dac6da380cf,fix,2023-04-11T09:32:46+00:00
vitest-dev/vitest,4f6c13401383d487eca030106ad4cc24d202e912,fix,2023-04-11T11:06:00+00:00
vitest-dev/vitest,6b1b4e68bf25c0fc58596bc67b1ae582199f4545,fix,2023-04-11T11:22:54+00:00
vitest-dev/vitest,29eebf6539e31ce5812efc60d692d25d67199a6e,fix,2023-04-12T12:31:26+00:00
vitest-dev/vitest,cbb593a8a7fa1f5b61a96420e423d5610b212ec1,fix,2023-04-15T08:30:51+00:00
vitest-dev/vitest,31f835f15618b863b3ca04b0952a9b330f0fd0be,docs,2023-04-15T08:54:27+00:00
vitest-dev/vitest,7c8f0ba989aaa3152f939d6d6adbf55a14e68473,feat,2023-04-15T11:00:45+00:00
vitest-dev/vitest,0a2875e373301b387930c1297cb2eea23b2a1e10,fix,2023-04-21T06:09:47+00:00
vitest-dev/vitest,d9fda2a158373187062212710c201978485d1f13,fix,2023-04-21T08:06:23+00:00
vitest-dev/vitest,21942db0f1e0b45d408b995679eef0b8cdd3299e,fix,2023-04-25T07:03:36+00:00
vitest-dev/vitest,97b1b4a36ab8f2112231e9e096fe1beaf519c288,docs,2023-04-25T07:40:01+00:00
vitest-dev/vitest,8d4606eb011fb5a5181b9a273f9226f21284d091,feat,2023-04-26T19:04:30+00:00
vitest-dev/vitest,730af0b450dd68e5a5fd5901f46f43a446ecdb28,feat,2023-04-27T10:54:53+00:00
vitest-dev/vitest,0c09a40d2b71ebfdde65c5bb6f7a8ab8f0301692,feat,2023-04-27T13:04:05+00:00
vitest-dev/vitest,036de79711aa03e41903633dd6b47015dca49348,fix,2023-05-03T09:23:01+00:00
vitest-dev/vitest,78bad4abbab0ae3accfe6aabbd9463a9618c9a48,fix,2023-05-03T09:23:26+00:00
vitest-dev/vitest,19fcd8df8291fdd9b0b4159c76067d0e3ae067eb,fix,2023-05-03T12:18:52+00:00
vitest-dev/vitest,1f1189bc6b91a86fa18da501f55279a5191cf372,fix,2023-05-03T15:12:39+00:00
vitest-dev/vitest,5382e8b636a5c1f1771916214fe9728485506fcd,fix,2023-05-04T13:25:49+00:00
vitest-dev/vitest,93fbd02d89f71412e76fe6ddb8cd47693b105527,fix,2023-05-04T13:26:14+00:00
vitest-dev/vitest,708b10fe227c04b4219a1e5d4b539def009729b4,fix,2023-05-04T13:26:32+00:00
vitest-dev/vitest,77d071a91f81b6faef28cb30c6c5b617a661459d,docs,2023-05-05T05:05:44+00:00
vitest-dev/vitest,9836ccb48c5a39c0999484f55731f53ba494be17,fix,2023-05-07T15:04:25+00:00
vitest-dev/vitest,ddbba3962554c3a5a2ec4e7bfaa90eae9b7f1c22,fix,2023-05-10T11:34:19+00:00
vitest-dev/vitest,2aff8c5f3a2521b42b7622c83f97299a24982d7d,fix,2023-05-10T13:08:41+00:00
vitest-dev/vitest,c53ae0791a95eb7b6c1a543230f6884183484385,fix,2023-05-10T13:38:19+00:00
vitest-dev/vitest,324a9b54c204251579c7556d33f0bfc1b5411c27,fix,2023-05-17T07:59:37+00:00
vitest-dev/vitest,2cb1a15a5874ed07396a09c4180ed1911d6b1b00,fix,2023-05-17T13:06:55+00:00
vitest-dev/vitest,b354bc1c208ce300d17a3ef284a59be7470b47b3,fix,2023-05-17T13:07:04+00:00
vitest-dev/vitest,fb8fc7ab1267ca54e1e116983d595f3dc7ebe5d5,fix,2023-05-17T13:48:29+00:00
vitest-dev/vitest,32b5361fc08ebf61c8c3dd40c35f86650e8c04b1,fix,2023-05-23T18:03:42+00:00
vitest-dev/vitest,d1afd26216b6d2441e47a120f41b5802a7c2bfb5,fix,2023-05-24T07:15:33+00:00
vitest-dev/vitest,e6792a945229d5579b42e42bd5f5059a40767cb2,fix,2023-05-24T13:45:23+00:00
vitest-dev/vitest,632eef4037dad8712d3299650fb2f5d3ced6f671,fix,2023-05-24T13:46:08+00:00
vitest-dev/vitest,166817916e8091789347cefc87643836136e4198,fix,2023-05-24T13:48:43+00:00
vitest-dev/vitest,7c2f7088e62d22605026a37942c1c1c9a4bd162c,feat,2023-05-25T09:27:43+00:00
vitest-dev/vitest,4e996ae5070c9fff7c4f7cce17149e4b23f3ca03,fix,2023-05-29T13:45:27+00:00
vitest-dev/vitest,cd5d58b78e6c49a68bde4de94369fdefa2d8cac0,fix,2023-05-29T13:48:36+00:00
vitest-dev/vitest,b664d42c5c658cf05a11a7f57c07d3564c6582d8,fix,2023-05-29T14:04:05+00:00
vitest-dev/vitest,825473766f0beeb334c686b42bb749f9c36e0f8b,fix,2023-05-30T07:07:01+00:00
vitest-dev/vitest,f75ab65021ab6bf64180971a4e0e074d43485621,fix,2023-05-30T10:38:54+00:00
vitest-dev/vitest,4c9a7d5840562a07f6f98191041279231495c94f,fix,2023-05-31T14:10:01+00:00
vitest-dev/vitest,be93032fdebd9d1b47192022f4b7d25babed2169,fix,2023-06-01T07:43:08+00:00
vitest-dev/vitest,eb285ea021b5d8dc0ee3bc4f4bf77f95b33d367d,fix,2023-06-01T11:13:42+00:00
vitest-dev/vitest,7983d53752f33ce78447d84f9a4dd78a9bd4d5f5,feat,2023-06-01T14:45:22+00:00
vitest-dev/vitest,898422b082a8fd8ca0631234b185e39c34adca5c,feat,2023-06-01T14:53:33+00:00
vitest-dev/vitest,952b5be6ee1cda5016b33d233a6abf7620745e2c,fix,2023-06-05T12:16:49+00:00
vitest-dev/vitest,7c687adafd17a631f38843c6fcbd1c7b290de5f5,feat,2023-06-06T15:43:48+00:00
vitest-dev/vitest,50f0700d241a5d5b443e38f3ef7ce50640a993fa,fix,2023-06-06T15:44:31+00:00
vitest-dev/vitest,a53c2151d6e78eb4ad5aec58022ebe5fcb54333d,feat,2023-06-06T16:51:50+00:00
vitest-dev/vitest,a9a8ee7e5b642d9c2b95fcf983baf138b5b99504,docs,2023-06-06T16:58:58+00:00
vitest-dev/vitest,821126f165046f3377b345664fad200b0f799d34,feat,2023-06-06T17:00:15+00:00
vitest-dev/vitest,c1004e1493c00cb37ef39c547c51fb8bc49c4203,fix,2023-06-06T17:00:24+00:00
vitest-dev/vitest,3d43638c316dff67ba6b4670ddee9b4977a198d2,feat,2023-06-15T08:11:45+00:00
vitest-dev/vitest,02196f9d95b080dcd5d006ed918f9af3726f446e,fix,2023-06-15T08:12:05+00:00
vitest-dev/vitest,b4ac88e906aadafc71b48120d988bb62f8633847,fix,2023-06-15T13:46:54+00:00
vitest-dev/vitest,d9e1419a2b7220fa2c3cdecbaf75b6fb398af504,fix,2023-06-16T08:59:36+00:00
vitest-dev/vitest,8e385bb09eb1585a8410bf08c8e54596b08cc119,feat,2023-06-16T09:53:49+00:00
vitest-dev/vitest,969dcc14c1d18d0c5e9d32531104843abb9b942c,fix,2023-06-19T07:50:47+00:00
vitest-dev/vitest,7531c2921c730f2e54f4851381a5d32540d81043,feat,2023-06-19T08:19:16+00:00
vitest-dev/vitest,2db1a737f16b8d0b296357ffb426141d83740d4a,feat,2023-06-19T08:19:39+00:00
vitest-dev/vitest,4caae81470b691906ea9c1d46b20baf176833447,docs,2023-06-19T12:06:51+00:00
vitest-dev/vitest,edad9b19a6d9bc7750970ec6b9ad16e2e5a1932d,fix,2023-06-20T08:53:20+00:00
vitest-dev/vitest,5c0ac4adf1786b0731294b35c8dcda0a4ff6a07a,fix,2023-06-21T08:41:22+00:00
vitest-dev/vitest,6d146d16900ddfd012986084cd9aa12e99518c85,fix,2023-06-22T14:02:08+00:00
vitest-dev/vitest,fbb56ad8ae5159f3c4fe2eaaf51f07eef1a2ca0a,docs,2023-06-24T10:37:18+00:00
vitest-dev/vitest,a1e043bd20a395f23966c7bdc18ccca6dc5db135,fix,2023-06-27T09:38:43+00:00
vitest-dev/vitest,47383eb78a058edc2f72a261677ad7472f0e3569,docs,2023-06-27T11:41:27+00:00
vitest-dev/vitest,fa6637d354fa9b938496e68d2ac757fab346299c,fix,2023-06-27T12:23:03+00:00
vitest-dev/vitest,dd6d60468d10d05c49fe42d37fe1a019b909bce3,docs,2023-06-27T12:23:24+00:00
vitest-dev/vitest,9a117627564f1880080a3d2e3f118a5bb6be76c9,feat,2023-06-27T16:08:25+00:00
vitest-dev/vitest,141a86acf9fcb6d8afca32e91efda3f4c3e54c14,fix,2023-06-28T09:54:37+00:00
vitest-dev/vitest,1621cc636524d9ff3c5e188a706a2d80e5f39fbf,feat,2023-07-03T07:59:22+00:00
vitest-dev/vitest,4c8b60539d5e3b96f05269bee10257686f3321cf,docs,2023-07-03T11:01:48+00:00
vitest-dev/vitest,3d0908e76da930f8b1912c2d9854a8d270590ce5,fix,2023-07-03T11:04:58+00:00
vitest-dev/vitest,db22c6772519f62a6435a9cac21017d4b56441aa,fix,2023-07-04T10:09:05+00:00
vitest-dev/vitest,0a2739fc51be865979ae0e605a2c1cf2e48d10b0,docs,2023-07-06T14:00:16+00:00
vitest-dev/vitest,6234279cdf7ad49648629e2c57ba9e4b499a9baa,docs,2023-07-06T14:00:16+00:00
vitest-dev/vitest,6fb75dc787f9d464a2cd1d0e4ebcb70aee052093,docs,2023-07-06T14:00:16+00:00
vitest-dev/vitest,936ab9828ce08cb545605f8f02bbbf8df90b3b96,fix,2023-07-06T14:00:16+00:00
vitest-dev/vitest,f07ef61d5a10ca7a61ef6e70b0d740902e2efdcd,fix,2023-07-06T14:00:16+00:00
vitest-dev/vitest,a78e6bd0e0d8d3a1a8c632189121b4122438579e,fix,2023-07-11T07:18:44+00:00
vitest-dev/vitest,52aef92ed88076a407263a7766c3b270c1802ce8,fix,2023-07-11T07:19:58+00:00
vitest-dev/vitest,ee93762a1e50a03b627b8c06fe2425df6d487a9e,fix,2023-07-11T07:49:08+00:00
vitest-dev/vitest,2f2e80f7039b7689680ae16c3ea10fb98fec8488,docs,2023-07-11T07:50:44+00:00
vitest-dev/vitest,9608bf72d89d8eaad530ce77e5d1eee5f45678c1,feat,2023-07-11T08:56:13+00:00
vitest-dev/vitest,0b893ae8f4036bf8703fa7d9e556d7ef3ad72f55,docs,2023-07-11T08:58:03+00:00
vitest-dev/vitest,a90d64fee3d07037ffccac54c032603cca00d10a,feat,2023-07-11T09:46:41+00:00
vitest-dev/vitest,9c8e3083d687a0aa96999bde3ea0100f8963180b,fix,2023-07-28T08:31:41+00:00
vitest-dev/vitest,b524c652ccbded1ef25863d533841d492b17bc97,docs,2023-07-28T08:54:25+00:00
vitest-dev/vitest,280e67454015f06ee70252e0568addfc533a7215,fix,2023-07-28T09:06:31+00:00
vitest-dev/vitest,e8bc46b6e414a83e490fc4444bd2264faf361ce5,feat,2023-07-28T10:03:23+00:00
vitest-dev/vitest,3c851872f88ff2fd6adcfcd529ee1771422aaa7d,fix,2023-07-28T10:29:46+00:00
vitest-dev/vitest,4552185939feefba217bea3c443880574403b4f1,fix,2023-07-29T17:57:36+00:00
vitest-dev/vitest,711a6249f1092ddc95b0fb91ff1c080cdda7d62b,fix,2023-07-29T18:34:09+00:00
vitest-dev/vitest,8bd26b012778e91c8dc4a3311187dcbe1f9ab5ee,fix,2023-07-30T16:50:57+00:00
vitest-dev/vitest,dc4faf64ee4c9ad6a57399d040744f22e0ca4a1e,feat,2023-07-31T10:10:25+00:00
vitest-dev/vitest,3c67a4cbf82d1348f359945c906ebbf59ad34906,fix,2023-08-01T16:52:37+00:00
vitest-dev/vitest,a08e59930bc0667024b26ef94a3e0b5821f97bf0,fix,2023-08-02T14:18:42+00:00
vitest-dev/vitest,06ca0b6f664466d977f6874761e4c67c1d7f441d,docs,2023-08-03T07:45:11+00:00
vitest-dev/vitest,3e1e7a1fe40790ad87a36c4815287df8cc619234,fix,2023-08-03T07:45:31+00:00
vitest-dev/vitest,0c53e0981a3a859a8e05ca806f3afddc327a57e9,fix,2023-08-03T09:41:14+00:00
vitest-dev/vitest,7d1f86b8f86516a847e837cba10a36ca45a82122,fix,2023-08-03T10:10:30+00:00
vitest-dev/vitest,f8dfbd38ef5b55f98b659182997ac3e60e7b55b0,fix,2023-08-03T10:18:49+00:00
vitest-dev/vitest,47f5c3a625532a24748dfb92c6877ffe5705b96f,refactor,2023-08-03T10:21:32+00:00
vitest-dev/vitest,f4e6e99fa3a81fd7a97fb9b435da367dddba7fa4,feat,2023-08-03T15:43:50+00:00
vitest-dev/vitest,edb322fe7539f362f83c00dc3b0229ae2f1fca65,fix,2023-08-15T06:58:34+00:00
vitest-dev/vitest,7b740a278e6ab6e2448483be7551bcc287d155d9,fix,2023-08-15T13:49:19+00:00
vitest-dev/vitest,15b4fd6d41daf585dfee9a27e8767397084b0b0e,fix,2023-08-15T13:50:19+00:00
vitest-dev/vitest,91fe4853a525c118d532f72ebbb350b2a7c54ce0,fix,2023-08-15T15:05:30+00:00
vitest-dev/vitest,5a07cffa55021009ade87af5ddcf16d84e6e3f18,docs,2023-08-15T15:48:59+00:00
vitest-dev/vitest,3891d0558bbebd39355445ecbcfd69346fe42985,fix,2023-08-15T16:56:49+00:00
vitest-dev/vitest,9423b6f85e1c4220f501dbad239bc0e1843bd96a,fix,2023-08-16T13:49:58+00:00
vitest-dev/vitest,6a0cb647a7835050d092d08654e1c7b836573b38,fix,2023-08-17T10:05:47+00:00
vitest-dev/vitest,20263d9d26194e032a0aca715b174dd969f025a6,fix,2023-08-21T16:29:19+00:00
vitest-dev/vitest,5704b341f1ef411d9cd71fb343d19c64d9d19943,feat,2023-08-21T16:31:31+00:00
vitest-dev/vitest,dff60e82804ea2eb17aeff6752c1fa53b5f910b8,fix,2023-08-21T18:50:43+00:00
vitest-dev/vitest,8caabaa1fb8af197ea4df02cf174149a837c95b0,fix,2023-08-24T12:38:21+00:00
vitest-dev/vitest,0d0f35f6930c98e034bcf61a53ce21d3b63fdec2,fix,2023-08-28T09:32:22+00:00
vitest-dev/vitest,807418fa69c8ffee412fee7eeb886cd51a2f5526,fix,2023-08-31T09:47:01+00:00
vitest-dev/vitest,410bc454071615f1e350680ce53aab76fac3145b,fix,2023-09-06T17:50:39+00:00
vitest-dev/vitest,b5bf32907fae8b8b4508689a32205f94056a721e,fix,2023-09-07T08:50:18+00:00
vitest-dev/vitest,696b79e3470bd2adc618453d6ce272aa4ade8d6e,docs,2023-09-08T08:15:40+00:00
vitest-dev/vitest,f8ea716a79f994f55fc3dcfdc70f9678af79f359,fix,2023-09-08T09:58:05+00:00
vitest-dev/vitest,2fafc000d037d122fcf108b03043dc70a3365d0b,docs,2023-09-08T10:22:40+00:00
vitest-dev/vitest,8b39c117650bc94182dfbf24ddbe6f0b0258f2db,fix,2023-09-08T10:31:52+00:00
vitest-dev/vitest,19922d9b6e838ab0c4f0fddb4de4b98f2aa1aa0b,docs,2023-09-12T08:36:37+00:00
vitest-dev/vitest,ba1e7335f93b82c110209a6b6e3099908aa1b2f8,fix,2023-09-12T09:25:53+00:00
vitest-dev/vitest,1aee13af9eed86d88e299837a96945e85aaf8bf2,feat,2023-09-14T08:21:07+00:00
vitest-dev/vitest,b245ce3d43a5ac42b43cc2b339166dcf593fa842,docs,2023-09-15T08:54:39+00:00
vitest-dev/vitest,ca70a7793bba653f14d010e99eba60c227964e56,fix,2023-09-15T12:07:47+00:00
vitest-dev/vitest,e0ac97cf6efc14a831b1568d9211b184553d1c7d,feat,2023-09-16T08:11:00+00:00
vitest-dev/vitest,90ff899b07132c9fdb5e462351ece513473fff7e,fix,2023-09-18T09:28:01+00:00
vitest-dev/vitest,b4d5ae2366ba5fd6481531fa068b4c5260770ae8,fix,2023-09-18T12:45:20+00:00
vitest-dev/vitest,725a014687fc51f2c9ae011c16ed59e8b39bc991,fix,2023-09-18T15:39:41+00:00
vitest-dev/vitest,4e941208613a55a6edf4eab0013e17801414a3d2,fix,2023-09-22T10:13:52+00:00
vitest-dev/vitest,a5979ea09d7d4c1d3b25bd656aa9c93c8792c46a,fix,2023-09-27T07:39:10+00:00
vitest-dev/vitest,8b4a44ad16461612fa9884dbe7b831a2f80eacfc,feat,2023-09-27T07:39:26+00:00
vitest-dev/vitest,84f442f7dd72a5699b85a4a6d63296197258dc51,docs,2023-09-27T07:44:54+00:00
vitest-dev/vitest,f8dacb2c2cc3b06d38437b0d089f20e63efee439,docs,2023-09-27T09:33:55+00:00
vitest-dev/vitest,bbb43fb1f56abc8632665c547b0727d254658f8b,feat,2023-09-27T12:30:45+00:00
vitest-dev/vitest,6a66b35eb35280fbc474b835f518af6eb83b3475,fix,2023-09-28T07:16:35+00:00
vitest-dev/vitest,db1ff438075d34389de5bb4f5cd08370a08337d5,fix,2023-10-01T12:46:37+00:00
vitest-dev/vitest,114a993c002628385210034a6ed625195fcc04f3,feat,2023-10-02T12:13:40+00:00
vitest-dev/vitest,2e1a1bd42b468e79af69c93ac8b6cecb16b5c5d7,fix,2023-10-02T13:54:04+00:00
vitest-dev/vitest,ca5dbef47107358182533be307b10d3323914cb4,fix,2023-10-03T10:51:57+00:00
vitest-dev/vitest,271ec3da6238dad7aae60760a16ac74ba500cb94,docs,2023-10-03T10:52:11+00:00
vitest-dev/vitest,77ea93266116e618a22c2e5ea605a442ae518439,fix,2023-10-03T11:24:02+00:00
vitest-dev/vitest,dc1e97d1bbd41e01df2b64cf5720723b835d2cf3,docs,2023-10-06T07:08:13+00:00
vitest-dev/vitest,c05b11a0fa967a5354e40582c48d011e2222bb5a,docs,2023-10-06T07:13:14+00:00
vitest-dev/vitest,e7e8c3cc0d2bd6d4d2a439d02e0b7f7e10b8eba9,fix,2023-10-06T07:57:22+00:00
vitest-dev/vitest,d280f4890870297b7cae0ecca422451e101498fc,fix,2023-10-06T09:02:36+00:00
vitest-dev/vitest,de52215223cd8e8df748d05fc20065dbfda3a6ba,docs,2023-10-06T09:34:20+00:00
vitest-dev/vitest,ff93a5737cc878a65dfe94e2fd817645df1700b6,fix,2023-10-10T11:24:30+00:00
vitest-dev/vitest,cd03cb5104ddeb4d06c6527df08ed17b4499a972,fix,2023-10-13T15:15:01+00:00
vitest-dev/vitest,b1439852012f0e31507d5fcafee7c1f508105018,fix,2023-10-13T15:17:20+00:00
vitest-dev/vitest,a4501d6bdca04e701c618055339f417afc5446b6,fix,2023-10-16T07:19:23+00:00
vitest-dev/vitest,f8e472404efcd68f33a9e88319419b0c2007264f,docs,2023-10-16T08:18:02+00:00
vitest-dev/vitest,4cee6711883ef9777799bf85f6bc91503921f01d,fix,2023-10-16T08:20:22+00:00
vitest-dev/vitest,80a706a1686741ff3c3772cb8e0c515c83ddefe4,fix,2023-10-17T08:24:07+00:00
vitest-dev/vitest,4293e1b15111316b8ef622d04f4e5d8b70ad9474,fix,2023-10-19T09:46:59+00:00
vitest-dev/vitest,ca6ea7ee7c635a0e2106cde01f4ab5e69c49f9cd,docs,2023-10-23T09:51:05+00:00
vitest-dev/vitest,fde1843ed83dd05e44ee0bf172d54a45581a352a,feat,2023-10-23T09:52:31+00:00
vitest-dev/vitest,fc51ad0441bb299b1be323cd90475d6fcd976cbb,fix,2023-10-23T10:07:43+00:00
vitest-dev/vitest,d990640d65d6a572626528c16ad494b2bd2bf070,docs,2023-10-23T15:41:02+00:00
vitest-dev/vitest,9995edbe667a920e325126faf3124db02d72fd6a,docs,2023-10-23T18:27:37+00:00
vitest-dev/vitest,263b7167236540677a112cf9b0bec925f812ebd2,feat,2023-10-24T07:18:27+00:00
vitest-dev/vitest,29299f3ce247c92c2042bb69f75dd1712df39f13,fix,2023-10-25T13:11:47+00:00
vitest-dev/vitest,b8ca38730b299c9a21a0d8a2d68e5c1a263a7a58,fix,2023-10-31T10:45:09+00:00
vitest-dev/vitest,3c9f920ae3243f6eed75ce3887cae21f8bdc6f5f,fix,2023-10-31T11:19:32+00:00
vitest-dev/vitest,0db386dc1fe708791c0548e652592d4fd988d071,fix,2023-10-31T13:45:40+00:00
vitest-dev/vitest,9021e8b84bec120e5c7546d6e0aed88db3b60f3c,feat,2023-10-31T15:30:44+00:00
vitest-dev/vitest,1ecbe74d453f5f856e4bfc7dd9b3097e939610ba,fix,2023-11-01T13:01:14+00:00
vitest-dev/vitest,3397fdc45cc0f57df4f7afe08e472a9c5ff360b9,fix,2023-11-02T11:56:13+00:00
vitest-dev/vitest,067ce7e0634e0919f6888eefba83ff65325f5351,docs,2023-11-02T13:58:52+00:00
vitest-dev/vitest,4c957a27234cddda272d66c37300b8fa90370b6f,docs,2023-11-02T20:34:35+00:00
vitest-dev/vitest,b3327a64c97fbe9b15455fead987ede6ac7c0630,fix,2023-11-04T13:28:18+00:00
vitest-dev/vitest,d03a2a218e54125fb7f1d37b6501ea93b9249c2e,feat,2023-11-04T13:28:43+00:00
vitest-dev/vitest,3bec5d1cf568bcba4885d76b05de160212d810fb,docs,2023-11-08T07:37:03+00:00
vitest-dev/vitest,0a8c8af0f7ef5f8cc318ef0da017d5f5e99a3cad,feat,2023-11-10T12:24:26+00:00
vitest-dev/vitest,b9b54d9e46b0291c4bad73326e4036814dfc3268,fix,2023-11-10T12:24:26+00:00
vitest-dev/vitest,bf5ad951d23079ca91595e518af565ff3c190a4e,feat,2023-11-10T12:24:26+00:00
vitest-dev/vitest,cd0df14ef36a51286fee250005430cc60e8b66b4,fix,2023-11-10T12:24:26+00:00
vitest-dev/vitest,e5cf1418bc466f8a2103ed13e06d16abdc542bca,fix,2023-11-13T10:26:42+00:00
vitest-dev/vitest,9abde2049869595cba390341cd56fbea5762ddb4,fix,2023-11-13T20:23:04+00:00
vitest-dev/vitest,7dee832d8d3bcfcb6b1507ac8c9490812e5a9a63,fix,2023-11-14T15:18:08+00:00
vitest-dev/vitest,5d7a2719278506f45fbcb68dad14081ac551e37e,docs,2023-11-14T20:27:49+00:00
vitest-dev/vitest,2c41dd1285605957b49de828b10125bfa6090746,docs,2023-11-15T00:45:00+00:00
vitest-dev/vitest,503331d88178637cce83a762a1de8056e86886d8,fix,2023-11-15T12:51:41+00:00
vitest-dev/vitest,0ccf5ac57ef6bd09616b55b87d9c3b9bb2e9745e,docs,2023-11-15T15:43:02+00:00
vitest-dev/vitest,ce84f069d730f14c0fe45eb826b17b48b952ed33,feat,2023-11-15T17:39:14+00:00
vitest-dev/vitest,648bccb9409c78544f197f425395231472a9c4a9,fix,2023-11-16T08:31:26+00:00
vitest-dev/vitest,2d1b4785d1ccfcecba598a3a9096c672edfac148,fix,2023-11-16T12:00:48+00:00
vitest-dev/vitest,c3619c78d89dba524343efad586af9870104ad9d,feat,2023-11-16T12:11:58+00:00
vitest-dev/vitest,ac665c96e0b6e2972cfd569724b836a14d52cafd,fix,2023-11-16T13:35:49+00:00
vitest-dev/vitest,f47a63d9e8a84ce977e0d172a92accdcc87a433b,docs,2023-11-18T08:28:12+00:00
vitest-dev/vitest,0be7a73e9d65cc710ce1a29197ca0b7601a1035a,docs,2023-11-18T08:29:35+00:00
vitest-dev/vitest,b6d26ea6942960fbd617d0b3da62c698d2c16c11,docs,2023-11-18T08:29:51+00:00
vitest-dev/vitest,6a149a644a1a66f79c73ae17cbb9e8e27ac4f468,docs,2023-11-18T08:30:01+00:00
vitest-dev/vitest,0a14dd81fb8a1a1206b01e4325c0a142e16a1afe,docs,2023-11-22T12:01:02+00:00
vitest-dev/vitest,23652300d77ba22272724cc7cd744d26cc4e986f,fix,2023-11-22T17:16:21+00:00
vitest-dev/vitest,a70f216d6a7e377571ee29e9745dcefe2dfb5754,fix,2023-11-23T14:29:18+00:00
vitest-dev/vitest,1fdd6fe2db9a221bd4e67d823fedb93c30589ae5,fix,2023-11-23T14:30:02+00:00
vitest-dev/vitest,ed50a944c5a53ae6488536fc0e3d2e4c1a467eb0,fix,2023-11-27T08:09:23+00:00
vitest-dev/vitest,515eadf9e4e0b82703b11b1e2c63335b323aedb0,fix,2023-11-27T08:12:34+00:00
vitest-dev/vitest,2b2416dbdb2004cf30857cf0bcf880bb060b1eb7,docs,2023-11-27T12:28:24+00:00
vitest-dev/vitest,3f8c3fb1093af7159e38d6a234d8c4833b79c06b,fix,2023-11-27T12:38:10+00:00
vitest-dev/vitest,241a8c13a0300e9c4aa653aab3da43ac4f9c111d,fix,2023-11-27T14:51:11+00:00
vitest-dev/vitest,8d183da4f7cc2986d11c802d16bacd221fb69b96,fix,2023-11-28T12:39:41+00:00
vitest-dev/vitest,4166c413ba897a6987e18884ffea3cacd6e6cd9c,fix,2023-11-28T18:30:59+00:00
vitest-dev/vitest,64c3ec74f7ac410506f366ed2044973256e7c8e2,docs,2023-11-29T09:31:06+00:00
vitest-dev/vitest,c01c2ff06aadc2f91e1330ef8064c2a8759e3057,docs,2023-11-30T21:22:03+00:00
vitest-dev/vitest,eca25dc9b3a952b87a07bd4063ed92f0d81e3914,fix,2023-12-03T17:54:58+00:00
vitest-dev/vitest,da7949dcd056a00c39ed6a163562cedd463a6ca8,fix,2023-12-04T13:55:46+00:00
vitest-dev/vitest,0c71c93f3cf620c88e24c7bf0fe27aa7782a2bc5,docs,2023-12-04T14:24:15+00:00
vitest-dev/vitest,a9908453a0ac57202424bb4db6b7847cb1e2dde4,fix,2023-12-05T09:32:30+00:00
vitest-dev/vitest,574cc7d0d20833eab545eb62a1f0eb5d62b79405,fix,2023-12-05T10:24:55+00:00
vitest-dev/vitest,6e6ee10e26bb91ce7bfeb871945384897912f52e,fix,2023-12-05T11:51:33+00:00
vitest-dev/vitest,43783cfe5c035f22d6e62f9569ef97a5308583a8,fix,2023-12-05T12:35:30+00:00
vitest-dev/vitest,1e4aa8e410f79b22d4df38a0fe7722bd76d7cfbe,fix,2023-12-06T09:19:10+00:00
vitest-dev/vitest,640881a5942892636aaaeef3b5844a25d9932878,docs,2023-12-06T17:20:50+00:00
vitest-dev/vitest,e7c5e1f7b65526d268b905e2da9001bd61d96f0d,fix,2023-12-07T10:08:20+00:00
vitest-dev/vitest,3413518b3a33bcbb05e5135b5f8f515fd8d15076,fix,2023-12-08T17:36:41+00:00
vitest-dev/vitest,2b911d21f3bdf87c11ae128f73edfee826b6a42e,docs,2023-12-09T11:23:52+00:00
vitest-dev/vitest,37388d6972f7c924c367713dc1e6be3e9ecc0582,fix,2023-12-09T11:24:49+00:00
vitest-dev/vitest,92afd54cba7afd05e80b8ed182bc2d1cb5b36565,fix,2023-12-09T11:27:45+00:00
vitest-dev/vitest,a7931bbf76b80343799046f69b7b5e36c0f0a95b,fix,2023-12-09T16:58:58+00:00
vitest-dev/vitest,486a3e6197b9d97c7a3142952a59a8710cd99c51,feat,2023-12-15T10:08:09+00:00
vitest-dev/vitest,9cc3668960ad8cb44dcb0745047673e0196d038b,fix,2023-12-15T10:08:37+00:00
vitest-dev/vitest,67d93eda66c73b49af210ad8a117ecfceaa81a3d,feat,2023-12-19T10:34:11+00:00
vitest-dev/vitest,71911039c3629f7e67f551358b5177d67858c23d,fix,2023-12-19T10:34:27+00:00
vitest-dev/vitest,fd5d7e66e4a90f3048f50b1ef86330522d6c9b2c,feat,2023-12-19T10:35:22+00:00
vitest-dev/vitest,f43fdd872a28adcd5a18c625b2e5b0bb2bb0a6fb,fix,2023-12-19T11:36:26+00:00
vitest-dev/vitest,4d55a026d2d5d1920018c9b79a6d969b875fa11e,feat,2023-12-19T11:57:03+00:00
vitest-dev/vitest,f859efc0940f6e72766b56f528975f62578f8762,feat,2023-12-19T13:53:26+00:00
vitest-dev/vitest,f8f70f7ca2d5108e6d402e85b761df8cac5094a1,fix,2023-12-19T13:54:31+00:00
vitest-dev/vitest,c6f5f7f93a30ca4c69ef93a34bc8761165b6c51e,fix,2023-12-19T13:56:20+00:00
vitest-dev/vitest,19faf00ecc8527c5957e3aed4c5baaf6fd48450e,fix,2023-12-28T09:44:21+00:00
vitest-dev/vitest,8f6225b8828b0f0441c2990b2ea76ee4a2a8c3d2,fix,2023-12-28T13:57:27+00:00
vitest-dev/vitest,578db5e33aa94f2d2dee4ba64b3d4d841c1f4a05,docs,2023-12-28T15:53:17+00:00
vitest-dev/vitest,7e6a62af0a625255574f28466531f55136921cdf,fix,2023-12-31T13:22:39+00:00
vitest-dev/vitest,2baea35e2e7f38d9c1fad8d348b856d604ca10df,fix,2023-12-31T13:26:31+00:00
vitest-dev/vitest,70e8a3897319dc879749308505d977f0fd8a88ea,fix,2024-01-01T15:21:33+00:00
vitest-dev/vitest,47bc233d856a5543cae193b77a33d5cf4a798fee,fix,2024-01-02T11:43:50+00:00
vitest-dev/vitest,7ca786570d56520472ab9255a8db3f3f260f3144,docs,2024-01-02T12:03:29+00:00
vitest-dev/vitest,e0b8c54ea602d4d51684141aaae2f0722bf6ecc3,refactor,2024-01-03T12:14:34+00:00
vitest-dev/vitest,072e02bf83709c158adbc8d2a4ed3fb772bbb1bf,fix,2024-01-03T17:47:00+00:00
vitest-dev/vitest,7b4a2fce03fc81af70296b4f81c96cda3a6a5d93,fix,2024-01-03T17:59:47+00:00
vitest-dev/vitest,b8140fcadc114fd2d05ca997da4f7aa4e226417d,fix,2024-01-04T11:23:33+00:00
vitest-dev/vitest,9e34557eee52d94983e15138d306f3ec9e60db96,fix,2024-01-04T14:11:38+00:00
vitest-dev/vitest,e12a5a36f4857e580f8cb785fe7d1fca9c0dcf30,fix,2024-01-04T16:35:06+00:00
vitest-dev/vitest,15bbbf8192d07b2cfba98fdfe97ce4fca2b0f4f0,fix,2024-01-04T16:40:15+00:00
vitest-dev/vitest,7719e79ee5b36abeb8bf55e108dc049d5af27293,fix,2024-01-05T08:08:24+00:00
vitest-dev/vitest,1769c796a98051b07ec618abede0bc4acf41b6c8,fix,2024-01-05T08:09:03+00:00
vitest-dev/vitest,043b78f3257b266302cdd68849a76b8ed343bba1,refactor,2024-01-08T15:31:20+00:00
vitest-dev/vitest,508fced95d604cd6ac0d871c5211139c201234c7,fix,2024-01-09T14:42:51+00:00
vitest-dev/vitest,e9fe41811d5ac60eee92126255093726680c0546,fix,2024-01-09T14:43:50+00:00
vitest-dev/vitest,0e77e697cbcb6c6bae2ee9cfa11c118382ef96e8,fix,2024-01-10T13:58:18+00:00
vitest-dev/vitest,c4eacbb7c623276c0d766061c489db47f50396f5,fix,2024-01-10T14:33:25+00:00
vitest-dev/vitest,ca76f4576d1fbfb82f9131fbefc0e3cabaea4902,fix,2024-01-11T17:27:01+00:00
vitest-dev/vitest,21513f0aa1d3c5685a01b69b4c0f5f503b295522,docs,2024-01-12T09:57:51+00:00
vitest-dev/vitest,9ae9dac955a299a6bcfbf17cf2a72771a158ed32,fix,2024-01-12T09:59:02+00:00
vitest-dev/vitest,8c969de28603366e406aa477ed518abc5b6961f2,feat,2024-01-12T13:44:27+00:00
vitest-dev/vitest,7f59a1b858408a2bd583eb9a2e0cc7661b1dadfb,feat,2024-01-12T15:06:35+00:00
vitest-dev/vitest,463bee38463cd66f9b1f11983a787d9e0e3a7dea,feat,2024-01-12T15:41:39+00:00
vitest-dev/vitest,c2cceebbfd28f50c32b9ed6f4519b1fba96171b4,feat,2024-01-12T16:04:31+00:00
vitest-dev/vitest,db01f6c20900c1a3c58d61c1f0d6fb69acd7a361,fix,2024-01-15T13:34:28+00:00
vitest-dev/vitest,06bae4ddab764fe11843115710158278f9e812cd,fix,2024-01-15T14:02:15+00:00
vitest-dev/vitest,952c31dfc4706f3f4fd2cb84a253ce8ea2b11e9c,fix,2024-01-16T12:49:07+00:00
vitest-dev/vitest,39a7169c8adf2c1c7ceb7a09a40b14c40c780ac5,fix,2024-01-16T12:53:39+00:00
vitest-dev/vitest,6c5fe49be4d80c95860878d10c07f7e917b9e60c,fix,2024-01-17T14:37:04+00:00
vitest-dev/vitest,21f5744ddb229ec9bb64f0edecc84ce787ca63bd,fix,2024-01-17T14:42:30+00:00
vitest-dev/vitest,ba7ae53b22ed414e43c5400a0c54f4234cb61992,docs,2024-01-17T14:42:51+00:00
vitest-dev/vitest,f8bff9efb8bba79e6f6207decc35442d510acf2d,fix,2024-01-17T14:43:09+00:00
vitest-dev/vitest,7d0a4692905eca19b6ff877e14f0520ee90b2746,fix,2024-01-19T05:26:00+00:00
vitest-dev/vitest,f74583fe8e2c104bbc38a57a0a424bdfaf8ab790,docs,2024-01-19T10:04:47+00:00
vitest-dev/vitest,7314857559ebff0e5b5fe19cfc6615c88e33389e,fix,2024-01-19T17:55:03+00:00
vitest-dev/vitest,d53b85805d2a893276aaf19c9e746d13ad5174f2,fix,2024-01-19T19:21:05+00:00
vitest-dev/vitest,9c7c0fc9776673fa86e1b099351e537d54825ddb,fix,2024-01-20T07:39:34+00:00
vitest-dev/vitest,915d6c431764a041d54096180a17abe2ebcf93ce,fix,2024-01-26T05:10:22+00:00
vitest-dev/vitest,cf5641a9345124e7254afd0d299bdcb9ea94971d,fix,2024-01-26T05:10:47+00:00
vitest-dev/vitest,fff1a27027155f8ef6a81fe2f02fec82f256a6c1,fix,2024-01-26T10:58:18+00:00
vitest-dev/vitest,35675bd38a89d87ac4b2aff0351c28183c4b9b29,fix,2024-01-30T07:57:24+00:00
vitest-dev/vitest,a55adac6c15ed134ca59000a2ae560cfeaf097db,fix,2024-01-30T07:57:35+00:00
vitest-dev/vitest,0417ba2002dee8e550d84b7aacc027c21be50f07,fix,2024-01-30T20:34:23+00:00
vitest-dev/vitest,2c5d192a0b802849eda2238d33328a153f2aab61,docs,2024-01-30T21:51:45+00:00
vitest-dev/vitest,714c911f7e33fa3bf557a07f3a094757d9e8b1dd,fix,2024-01-31T09:39:13+00:00
vitest-dev/vitest,ae73f2737607a878ba589d548aa6f8ba639dc07c,fix,2024-02-02T16:27:14+00:00
vitest-dev/vitest,2494fbf26a45ece5fad10566f06371837c6cd971,fix,2024-02-05T11:53:45+00:00
vitest-dev/vitest,5b1021daf7116ee1bd60502805b4242211d75652,feat,2024-02-06T12:21:34+00:00
vitest-dev/vitest,6f5b42b7a8e8a3c2ddb1c6876ea474553d686e28,feat,2024-02-07T10:35:17+00:00
vitest-dev/vitest,b607f1eafaa2914dc03f87f072a3842acfea3f74,fix,2024-02-07T11:17:42+00:00
vitest-dev/vitest,ef55724377b9fe1032bcdcb24160d9a58096c7bb,fix,2024-02-08T09:35:14+00:00
vitest-dev/vitest,567d20b99fb1db0ebcc86a49b3bebd9fd7511aae,feat,2024-02-08T14:03:17+00:00
vitest-dev/vitest,5ed537f03ea33df3516e530b55a5c1f0fc219e24,feat,2024-02-08T16:33:58+00:00
vitest-dev/vitest,ef0440cbd326f7aff2f1a732a409a85940ff908a,fix,2024-02-09T10:16:28+00:00
vitest-dev/vitest,4e179426399dfcf105eaa558fe061d4ab1951b21,feat,2024-02-10T10:53:41+00:00
vitest-dev/vitest,38f79321d0b550f9f689307443275ea0b6a8aae6,docs,2024-02-12T08:44:22+00:00
vitest-dev/vitest,e1bd8d5dc956c0db2fc1642f9f6d4bd398cffc14,fix,2024-02-12T10:40:45+00:00
vitest-dev/vitest,5749d2c209d105641efd4534c1c8f1c5324417b3,fix,2024-02-12T12:11:48+00:00
vitest-dev/vitest,828858f861514a0ba3d456068d340577f4d81510,feat,2024-02-12T12:16:34+00:00
vitest-dev/vitest,656e210b7a3e55147415a3702fdbfe7420f1d71e,fix,2024-02-12T14:55:53+00:00
vitest-dev/vitest,3ffcd2ea6256e5d01259d724d9e5782f3d422c75,fix,2024-02-13T07:27:03+00:00
vitest-dev/vitest,efa21e0821a32424b9490a855a696ee53b89c9aa,docs,2024-02-13T07:58:25+00:00
vitest-dev/vitest,cad08ee19b0cabe96a23b038a21723f64437d0e4,docs,2024-02-16T08:45:20+00:00
vitest-dev/vitest,d3d7cbab20a513d1ddef114232a6c6ec01fb9ec8,docs,2024-02-16T13:46:47+00:00
vitest-dev/vitest,e191e658d5052cb335ffe163a045ed294238d341,docs,2024-02-19T08:44:09+00:00
vitest-dev/vitest,a280451be51be8a6204010c3aeba1893ef5d7c28,fix,2024-02-20T13:05:43+00:00
vitest-dev/vitest,28f22b96a29508f992cc25b50871fa751758da8d,docs,2024-02-20T13:19:54+00:00
vitest-dev/vitest,d1a06730ec1bce40d7f71b4942808d193cae272f,fix,2024-02-22T12:27:25+00:00
vitest-dev/vitest,ec6f56ae2011bc5ec0a41cf6eb7e590422069b5e,docs,2024-02-22T13:26:39+00:00
vitest-dev/vitest,8ee59f0d9dff5c15e0fe27e555ed73346f465e20,fix,2024-02-23T09:41:02+00:00
vitest-dev/vitest,5b58b3990e35ae8204f49ed540fc51378daabfde,fix,2024-02-27T12:15:44+00:00
vitest-dev/vitest,29f98cd3cef82982d5ca6f4be821122e09f7b60e,fix,2024-02-27T12:25:10+00:00
vitest-dev/vitest,c3eb8deb768f6ef1adff8e6644ce99de58fd8b01,fix,2024-03-04T20:03:15+00:00
vitest-dev/vitest,6d1b145118d42b14bc0739820c4ce9e17fbd45dd,fix,2024-03-05T10:06:16+00:00
vitest-dev/vitest,6eda473f30c4670ec72a06bd3b083a724712ae2a,fix,2024-03-12T15:00:46+00:00
vitest-dev/vitest,bdc371ee83e36812bb6e4467d9d3608eb068daa7,fix,2024-03-14T12:10:12+00:00
vitest-dev/vitest,2fef5a7ee8038ad9daa2af091cdbf00689bd3127,fix,2024-03-14T12:12:09+00:00
vitest-dev/vitest,201bd06737544af49d809cab0e4328a54349edd8,feat,2024-03-14T14:49:37+00:00
vitest-dev/vitest,356db87b71c238585a9315881ef89544d19dc4d7,feat,2024-03-14T14:50:03+00:00
vitest-dev/vitest,e77c553ffb389a79bf568ab0ec4a48f2c572f9a3,fix,2024-03-14T14:55:06+00:00
vitest-dev/vitest,07ec3779aba22680ae1dd4cb83cd276354c8023f,fix,2024-03-14T15:25:36+00:00
vitest-dev/vitest,4f6e39c1af1953b2cd6c45b49383af955c5b08e0,fix,2024-03-15T09:35:21+00:00
vitest-dev/vitest,d7e8b53ed057b2127d8073b11f5f2732354bdd7c,feat,2024-03-15T09:37:58+00:00
vitest-dev/vitest,ab25a5266442741389d5361116677ed38cb273f9,docs,2024-03-16T10:49:43+00:00
vitest-dev/vitest,fee7d8be9d6e6f710270600ae91fa35d861b7075,docs,2024-03-16T20:54:04+00:00
vitest-dev/vitest,16bacfabc64196e79e6fe82f48e158448399efc4,fix,2024-03-26T14:46:57+00:00
vitest-dev/vitest,6fb15280bcef1c1690ef18bc86fa3d03f7e73fa4,fix,2024-03-26T15:04:48+00:00
vitest-dev/vitest,0ec4d0e0530b2d949838b7166e073790b2a39696,fix,2024-03-26T17:03:17+00:00
vitest-dev/vitest,7e9178123ef21b32de7d008dc60e95d811bad8c6,docs,2024-03-28T09:58:30+00:00
vitest-dev/vitest,3463f9bbd48bcf04a5c0b5794faa96983da8ce31,fix,2024-03-28T15:06:01+00:00
vitest-dev/vitest,e4e939ba2ab48c67ee14b82ec957fc9a8a52756c,fix,2024-03-31T09:09:44+00:00
vitest-dev/vitest,d8a434a4ccff8dcc9e79262c05ef694a31bdd9fa,docs,2024-04-02T08:49:26+00:00
vitest-dev/vitest,91b06ccea951f340a261e7eb063eb58ecff45e08,fix,2024-04-02T10:50:16+00:00
vitest-dev/vitest,1f5483405286c502c30c4b8ed427d1adeb45d311,fix,2024-04-02T13:51:03+00:00
vitest-dev/vitest,d4003882a05b65754f7000280cef2884e957d333,fix,2024-04-03T10:14:50+00:00
vitest-dev/vitest,10b89713d2593ce562676455cc29e18a27fd0cde,feat,2024-04-05T10:59:56+00:00
vitest-dev/vitest,db98145f4f6426b45ba8682f23fca6944ae311bd,fix,2024-04-05T11:00:28+00:00
vitest-dev/vitest,bea234b1c4c52e68c2d754fb9850df38f165883d,fix,2024-04-06T07:31:30+00:00
vitest-dev/vitest,99276399ab426b0f84dc1395f9e3530c97280aba,feat,2024-04-08T12:20:02+00:00
vitest-dev/vitest,672a1ed395a9422a51d9a198bf4cddd425cf9f0a,docs,2024-04-08T12:26:58+00:00
vitest-dev/vitest,fc26f562a7faf03b9b8810b6ba374346364a9259,refactor,2024-04-10T17:33:41+00:00
vitest-dev/vitest,04b234d11b4937b73718585c48c3edf9bb00e856,fix,2024-04-11T12:04:46+00:00
vitest-dev/vitest,f2066c4e15d2a40fe44426c05bfccc15b0a66e4e,docs,2024-04-16T12:34:53+00:00
vitest-dev/vitest,9e6417c994eb3f11b5aa1cf90d3a82e2050e54be,fix,2024-04-17T12:47:40+00:00
vitest-dev/vitest,413ec5e6fc0addb2216db6104228138f8027f392,fix,2024-04-17T12:48:23+00:00
vitest-dev/vitest,9c64967f691fe32de803ae3ddb0f248ea8c3c598,fix,2024-04-22T07:14:14+00:00
vitest-dev/vitest,ba5c93e16c400121386910a5e815824e16c8d6fb,docs,2024-04-22T08:05:56+00:00
vitest-dev/vitest,e40f9924751b69dbad868ae318d8be7289071ca7,fix,2024-04-22T08:48:06+00:00
vitest-dev/vitest,ec9d7c9366b9ff792c0b35897d71a4906b416cc1,fix,2024-04-22T12:13:39+00:00
vitest-dev/vitest,e0ae82921aaa74e75f24537327805fe583fd7831,docs,2024-04-23T09:31:31+00:00
vitest-dev/vitest,780b187f22d06d09a23a640605da01b349a4354c,feat,2024-04-23T13:09:20+00:00
vitest-dev/vitest,23f29cea6491f3ecde8b885413f4c46989ab3bfc,fix,2024-04-23T14:45:26+00:00
vitest-dev/vitest,f1bec627a0bf768e1a722847489d5158d6dcc110,refactor,2024-04-24T10:08:04+00:00
vitest-dev/vitest,d7fa5cde6f270c66392b74a848b1eb2c178a2304,docs,2024-04-25T09:19:50+00:00
vitest-dev/vitest,48fba19022ebb1f8f9c6f04c90cf5f362513a6a3,fix,2024-04-26T13:45:12+00:00
vitest-dev/vitest,200609ccfd01b6855133dcd7a6f065950c8dc3bd,fix,2024-04-29T11:22:56+00:00
vitest-dev/vitest,08c79d6c67ca646860b208826bfc513a29b65873,docs,2024-04-29T11:23:24+00:00
vitest-dev/vitest,103a6002759b5e73cf07a41fb08512bd4248c4c1,fix,2024-04-30T10:02:54+00:00
vitest-dev/vitest,959247e90fe5bcfa8be781c9b9109c32404e0a2d,refactor,2024-04-30T10:27:01+00:00
vitest-dev/vitest,7d57c11631e6db4e38bd471a5128f6368bdc2baa,fix,2024-04-30T10:28:28+00:00
vitest-dev/vitest,4b7f7f5f69faa228f938ba4b6d201d11c8bd533f,docs,2024-05-01T11:26:32+00:00
vitest-dev/vitest,c9e68ced74e18e887466edcc6d5f2a608ef0d901,fix,2024-05-02T08:44:00+00:00
vitest-dev/vitest,40c299fe611b12a59f69745547b5d449aa83812b,fix,2024-05-02T08:52:11+00:00
vitest-dev/vitest,bdce0a29db1b5a2766d583cef40277a2b3857659,feat,2024-05-02T13:16:48+00:00
vitest-dev/vitest,21e58bd890c4b770d8b015b25e598ae8455dbea8,feat,2024-05-03T14:00:59+00:00
vitest-dev/vitest,6faf8f84bd6ae9a8264b51ddeaa09839fcf48a06,feat,2024-05-06T08:05:42+00:00
vitest-dev/vitest,dbbbe4304ad2eda3077a680aa550d2895498a416,feat,2024-05-06T09:56:47+00:00
vitest-dev/vitest,ed60e405e16e6103b4493adc5af41ac3d37b0ee2,feat,2024-05-06T09:57:19+00:00
vitest-dev/vitest,1277dc1e3572baf1bdd28640090b24dbd4e385bd,feat,2024-05-06T10:12:02+00:00
vitest-dev/vitest,34a80b392f55a62d28069398554b27a541db158d,fix,2024-05-06T11:28:58+00:00
vitest-dev/vitest,31994942f72aeadf62759e7e328fd66b5b6d1852,feat,2024-05-07T09:30:10+00:00
vitest-dev/vitest,bcccce6df63b7c0408c6d14978e7cde82f1c90ca,fix,2024-05-07T10:36:58+00:00
vitest-dev/vitest,a99a14c1cc7c16ff63c9f5f3b027443fecd4d8df,feat,2024-05-09T11:19:38+00:00
vitest-dev/vitest,d7371eae333b2cc5166061a349c8014c44aff020,feat,2024-05-09T12:40:22+00:00
vitest-dev/vitest,7f8f9c0c057f13d7b0120b7122dac276eecef2c6,fix,2024-05-09T15:24:35+00:00
vitest-dev/vitest,d41e46a811b2a40ddb2722faeafce89959213549,fix,2024-05-13T09:19:50+00:00
vitest-dev/vitest,f232fdd6180e42109c72f650ee17ba659eca604e,fix,2024-05-13T14:40:29+00:00
vitest-dev/vitest,e20538a36e087ae7f145d18ddbe3ee852d005633,feat,2024-05-14T16:57:08+00:00
vitest-dev/vitest,aa431f4db6198b894810de1a10360cca186c81a4,feat,2024-05-14T17:17:15+00:00
vitest-dev/vitest,a43188766815f56d5ec7b6eac36a15c52053fc85,docs,2024-05-24T08:26:58+00:00
vitest-dev/vitest,d6700bbd895e63776263b206ec73ccbb858a1b94,fix,2024-05-28T09:15:06+00:00
vitest-dev/vitest,b24691efdb7c5df69bf3494fcf7053b0d4a02836,feat,2024-05-29T15:29:23+00:00
vitest-dev/vitest,7b2f64cfa34d087d383d915c08268c0da3f54754,feat,2024-05-31T09:19:38+00:00
vitest-dev/vitest,ddb09eb1294dd4195e244ed0f3cd0d25743ae80a,fix,2024-05-31T12:51:03+00:00
vitest-dev/vitest,a820e7ac6efa89b9944094ccc1a7f11ec2afb7ac,fix,2024-05-31T15:01:01+00:00
vitest-dev/vitest,7900f9f89c6a37928df9ea1ae473e526883d6d43,feat,2024-05-31T19:33:31+00:00
vitest-dev/vitest,e5b9a0be422523d80ab834126ea35dac515e05d6,feat,2024-06-01T12:41:12+00:00
vitest-dev/vitest,f9d9b3bef61ab6d4e7ff9d1ece6c32ed9f2917da,fix,2024-06-02T00:12:50+00:00
vitest-dev/vitest,f29b9d40849293e2436842d6e30f1767f884719d,feat,2024-06-02T12:11:47+00:00
vitest-dev/vitest,5ebb3abf5bd5a8e3673d23534986bae04acab7ad,fix,2024-06-02T19:10:33+00:00
vitest-dev/vitest,34a310da19e42adfe03d1a5a5a6106330bf869f1,fix,2024-06-03T06:57:17+00:00
vitest-dev/vitest,7afb3682f3e64ac14f31acc018f79f7022961862,fix,2024-06-03T10:10:14+00:00
vitest-dev/vitest,1831008b1f5f3199c1161a6525c2cb93930da80e,feat,2024-06-03T11:06:36+00:00
vitest-dev/vitest,087fa87c33e958c2e50aff4498a976bb17c7459b,fix,2024-06-03T11:21:24+00:00
vitest-dev/vitest,76b82e5b999c5ec3fb18ddabca397455aaf0576c,fix,2024-06-03T11:22:10+00:00
vitest-dev/vitest,caaafd903bfbbefcc3a149a54285d26b259428e3,fix,2024-06-04T12:24:35+00:00
vitest-dev/vitest,49f34ec477c8ac70dc3487bc51ebe84d15019b47,feat,2024-06-04T12:35:28+00:00
vitest-dev/vitest,47003679436ea3681c08be354c66f8e184383c04,fix,2024-06-05T10:40:18+00:00
vitest-dev/vitest,52d545bf9ccb49bba1e090bbb69cfc5228288bd5,fix,2024-06-06T16:41:18+00:00
vitest-dev/vitest,a60a140ef7dd0c98c39cfbbe9733bb05de7f16f5,fix,2024-06-11T15:55:15+00:00
vitest-dev/vitest,041076e7c89bd2b3ced6e7d9d1bb5458748de864,fix,2024-06-12T11:42:41+00:00
vitest-dev/vitest,0a715946bbf19b8410fd7ae9790bad00337adf17,fix,2024-06-12T11:55:14+00:00
vitest-dev/vitest,8d55d6bd4964c0f255b422bbbb2c5ac5e63a58d7,fix,2024-06-16T12:21:31+00:00
vitest-dev/vitest,66e648ff88d911a4cac272f6c2f0b18b1540b706,fix,2024-06-16T14:02:22+00:00
vitest-dev/vitest,e6020b9c277e47ab00bc5d60845704559c423ab9,feat,2024-06-17T11:18:32+00:00
vitest-dev/vitest,4dbea4aed1069c44c3c55af2582f94563f9f5d39,feat,2024-06-18T11:29:49+00:00
vitest-dev/vitest,f33dabbef2f30460351ec2b6822bcdbea306fe5b,fix,2024-06-19T08:53:04+00:00
vitest-dev/vitest,98f9b7ab9f14eba4736182df8651120efc8ded16,feat,2024-06-19T09:51:01+00:00
vitest-dev/vitest,2380cb95eb75f0b98b08a580546014e26d0ae2b6,fix,2024-06-19T19:37:25+00:00
vitest-dev/vitest,48f28f7314046b3b109a0978a1c72473490200e0,fix,2024-06-20T12:39:28+00:00
vitest-dev/vitest,63ae10bd90d254faf57dc0c8d1f4e7a184d2e2e1,fix,2024-06-20T15:57:28+00:00
vitest-dev/vitest,e9ddf9ce2eaf1ce74a88f8a7ca2d8314739020ae,fix,2024-06-20T20:56:21+00:00
vitest-dev/vitest,c31c41c726acae3ae30d8ab9a1fdad855a194b86,feat,2024-06-23T16:16:58+00:00
vitest-dev/vitest,3b31a56d535e0307c5aad9c321c6b2f4fa8f4c62,feat,2024-06-24T08:06:27+00:00
vitest-dev/vitest,0eda99de95e74438581bbefbcc37660ed3132478,fix,2024-06-24T08:56:40+00:00
vitest-dev/vitest,e0f45cb5777ec402f18ce1c721f1a0c559113daa,fix,2024-06-25T13:00:22+00:00
vitest-dev/vitest,154cb22de6ad0f28f1b1e25bef4ba31cde482931,feat,2024-06-25T20:04:55+00:00
vitest-dev/vitest,caef40a0b4333815680eee71a01c5feb9c17957d,fix,2024-06-27T07:49:11+00:00
vitest-dev/vitest,b9fb92cbb86ebfb64c31807eefd2eb1e3714aafd,docs,2024-06-27T14:03:50+00:00
vitest-dev/vitest,200a4349a2f85686bc7005dce686d9d1b48b84d2,feat,2024-06-28T08:38:07+00:00
vitest-dev/vitest,429e1a7f86bbaadc485428f5c63c973196ec0d99,fix,2024-06-29T11:52:35+00:00
vitest-dev/vitest,d7f23d08c4a5420bb0b6483c7e3dc87a1ae8eeaf,fix,2024-06-29T11:54:02+00:00
vitest-dev/vitest,d066ba98af7288a99f1ad733fc3d8e2f8f26ecf5,refactor,2024-06-30T17:47:56+00:00
vitest-dev/vitest,2898a525d3587cb38c038456fac04d7ec5ef0b33,fix,2024-07-01T06:07:58+00:00
vitest-dev/vitest,169bc1fde4aef7efe2171c73a42c3332a0360a13,fix,2024-07-01T07:20:17+00:00
vitest-dev/vitest,b1a27d40493301f7b135b6ba99d52c9edc28fffb,feat,2024-07-01T11:52:45+00:00
vitest-dev/vitest,ff978e58de0b3b82ddfc019e31b302044fc0594c,feat,2024-07-01T14:10:16+00:00
vitest-dev/vitest,b21f3a9858e7aa1ef2081a9adce23fc2461a2c06,docs,2024-07-01T14:19:38+00:00
vitest-dev/vitest,c8d56fe5fceabfc61b8f1e42e9d30f740e671638,fix,2024-07-01T16:04:19+00:00
vitest-dev/vitest,cf9d84d6985a58b2d5f3e28deac96e15a4838f23,docs,2024-07-02T07:32:31+00:00
vitest-dev/vitest,d87bef9611222aca2b2f6c5d67cb6c39eed1a429,fix,2024-07-02T08:44:32+00:00
vitest-dev/vitest,91ba6f95e4bea54c6e732161d05cd3e49c7712a3,fix,2024-07-02T12:29:26+00:00
vitest-dev/vitest,42bd4a2593b141492c60537a13fbae3deec2d19d,fix,2024-07-03T19:02:03+00:00
vitest-dev/vitest,057b4f34b2fd1c1139e841f9e597af834e9ef8c5,fix,2024-07-04T09:35:12+00:00
vitest-dev/vitest,354fb9d994cdd7c52d34f21964b69756f2faecdf,docs,2024-07-05T07:42:56+00:00
vitest-dev/vitest,4776eca1da1bdb81e94c3d648a4edf509636e3e5,fix,2024-07-08T10:05:28+00:00
vitest-dev/vitest,e68830581340a63caa2297c78dd26fb51ce50b51,docs,2024-07-08T10:15:11+00:00
vitest-dev/vitest,8c035988be0c34418d07ab22d29c50ef52e48e51,docs,2024-07-08T14:49:13+00:00
vitest-dev/vitest,4d5597df7b343a444329d9f789fbb3a4b22d5cbc,fix,2024-07-08T15:10:41+00:00
vitest-dev/vitest,95a2d8706053e9f92ba390676379aa036d0b024a,fix,2024-07-09T07:38:53+00:00
vitest-dev/vitest,a169d25a922936fabb603173337455ed6d59e86f,fix,2024-07-10T07:24:31+00:00
vitest-dev/vitest,7f0cc24e334a9545311a5c579ae2509b799f84d5,fix,2024-07-10T12:42:18+00:00
vitest-dev/vitest,80a43d5c7c1c541d3dcc0996d411fc39ecbb2e35,fix,2024-07-10T13:08:44+00:00
vitest-dev/vitest,ee725184155b7821a3414c1334532b49d9895f75,fix,2024-07-10T15:13:34+00:00
vitest-dev/vitest,58fac77b3786e9ac522a85d6f058fc10ef8064bf,fix,2024-07-10T15:43:46+00:00
vitest-dev/vitest,840e02f13e007b740079ef84b6bdf030624a0751,feat,2024-07-12T15:25:44+00:00
vitest-dev/vitest,f44cc917ccb50624b7da6c6fccc8781068a76daf,fix,2024-07-12T15:34:55+00:00
vitest-dev/vitest,382694158a605c85714259f74ed6b53cdcd30a2f,fix,2024-07-15T10:21:44+00:00
vitest-dev/vitest,2d62051f13b4b0939b2f7e94e88006d830dc4d1f,feat,2024-07-15T11:06:45+00:00
vitest-dev/vitest,f1ef2f6362d1607953d383e395d503feb5368613,refactor,2024-07-15T15:43:05+00:00
vitest-dev/vitest,a852b16152588a9cc2aafa47581dae5399c88248,refactor,2024-07-16T08:20:15+00:00
vitest-dev/vitest,32c0d99b3cd03df5570c6886b42498aa6a378fa2,docs,2024-07-16T10:47:26+00:00
vitest-dev/vitest,f68453f8918580e408a7d7ab7a4770e95982f5a6,feat,2024-07-21T14:20:00+00:00
vitest-dev/vitest,905761485548cb5ac9d478a335c6df37a5b06538,fix,2024-07-22T08:59:50+00:00
vitest-dev/vitest,5da45db1520654205bb26093087107473222cf4f,fix,2024-07-22T09:00:38+00:00
vitest-dev/vitest,291766d75cf7fb149ab6dcfc5127f51815fedbac,fix,2024-07-22T10:40:06+00:00
vitest-dev/vitest,93882f388e542c6f4228f8d97d2b727b65883da3,fix,2024-07-23T07:33:33+00:00
vitest-dev/vitest,17a81f099bcde5b77cb4dfaf38382e61fac036fa,docs,2024-07-23T07:43:55+00:00
vitest-dev/vitest,12bb567e526f868a83913d907e18a90f947ae30e,fix,2024-07-23T13:52:36+00:00
vitest-dev/vitest,3aab8a1ed680c8224f03a3a47c1ce6937a32eb89,refactor,2024-07-23T17:28:59+00:00
vitest-dev/vitest,1affb99551a40b16df47ec78915c05cdc6d74e94,fix,2024-07-24T09:00:55+00:00
vitest-dev/vitest,56dbfa66899d3c75163fa75788a0bfc03701b764,refactor,2024-07-24T14:19:05+00:00
vitest-dev/vitest,d4c005bce560dee3ddc9b37bb5310ae5741494a0,fix,2024-07-26T07:07:46+00:00
vitest-dev/vitest,13d85bd19ab4b394ee01ebe03130dcf06568f0a1,feat,2024-07-30T11:21:40+00:00
vitest-dev/vitest,1da6cebe467e2338f5e669de23eec6f2503aef9f,fix,2024-07-31T16:05:09+00:00
vitest-dev/vitest,c997937bf37c0a39883bcf29d5c4188b96ae3924,fix,2024-08-01T08:56:18+00:00
vitest-dev/vitest,a7be50dbceea31611403542caca7ebf44e4e014a,docs,2024-08-01T11:44:01+00:00
vitest-dev/vitest,c72506b1a344438845c1699869d0ceebe5534af4,docs,2024-08-02T08:18:49+00:00
vitest-dev/vitest,7b37d27ba7ce9e75fce385126e61d85d575f82ad,fix,2024-08-02T11:21:32+00:00
vitest-dev/vitest,0453c5a8d3c84c989dad858363c396b3e9d6c30e,docs,2024-08-06T17:38:21+00:00
vitest-dev/vitest,3347f83e5a25946fdd8754241dd25608e5596181,feat,2024-08-07T06:18:27+00:00
vitest-dev/vitest,d807767fd15cc6133f4af5c89b5f0c932b63e6b6,fix,2024-08-07T08:14:50+00:00
vitest-dev/vitest,4409d779dbabb811b72670da66da4fdb77200e96,feat,2024-08-09T13:15:00+00:00
vitest-dev/vitest,d7951125c203e866eebcd8e7ea51886bdd41418d,docs,2024-08-09T14:26:46+00:00
vitest-dev/vitest,5d542035acb198bb7f74055e8aff26abf28dc2fb,docs,2024-08-09T14:42:42+00:00
vitest-dev/vitest,6e06278280324d7ea8252ef2dba850087a9af2a8,docs,2024-08-09T15:19:19+00:00
vitest-dev/vitest,53fafef6088899201ad169ff6778b382aaceb111,docs,2024-08-10T17:51:18+00:00
vitest-dev/vitest,e662c7b2c307adbf312684c21efd8d05b1284b9a,fix,2024-08-12T11:02:12+00:00
vitest-dev/vitest,1f6cb59f1346238e5d113167b21d69032cd65088,fix,2024-08-12T11:02:44+00:00
vitest-dev/vitest,91dea8c1461acf223fc514fc259012577ea72945,fix,2024-08-12T11:03:03+00:00
vitest-dev/vitest,34199bdf9a8cc9ac3615285bfe051948fa0cf7e4,feat,2024-08-12T14:05:16+00:00
vitest-dev/vitest,f5e0b9877f23b46043fab9a0b2e7819e9c23f2ce,feat,2024-08-12T14:14:12+00:00
vitest-dev/vitest,afdcb8f2b3386cdd9c01f2eb0896772c385d96b6,fix,2024-08-12T17:13:28+00:00
vitest-dev/vitest,153ff01b10a7364d23f0c59a7a73d105a22ae520,fix,2024-08-13T10:42:39+00:00
vitest-dev/vitest,1606f34f27ffb386fd922467666f53ed2f62bed3,fix,2024-08-13T10:59:58+00:00
vitest-dev/vitest,8ff63560591c5dbdcb58950856df0c667f6bf744,feat,2024-08-15T08:38:44+00:00
vitest-dev/vitest,da52d23fd1815dba954ecad935d76a8233be04a2,fix,2024-08-20T07:43:32+00:00
vitest-dev/vitest,163d76248c9dfded7d57ad012bee5fe3eed28a09,fix,2024-08-20T11:46:04+00:00
vitest-dev/vitest,92d098cf3cc17d4591afaec9b3206825b3cf45c4,refactor,2024-08-26T15:52:13+00:00
vitest-dev/vitest,9f78a91a6f7158d77ee57872bf6d1162b97ef546,refactor,2024-08-26T16:05:44+00:00
vitest-dev/vitest,122e4fe0a7d4f208205617069b3df6a0ffaf7467,docs,2024-08-28T07:26:45+00:00
vitest-dev/vitest,008f00b2b3ccb82bdd5967577230708d1e180643,feat,2024-08-29T15:53:13+00:00
vitest-dev/vitest,12e702bd7147649456ad27a85f44afe6558d2b5e,fix,2024-08-29T16:35:07+00:00
vitest-dev/vitest,c853126e90ce580b938b4e4ae3c97000a7fc79cf,fix,2024-09-02T13:46:06+00:00
vitest-dev/vitest,c3b2757cd3d0c9c32a23be4ab49b4e48586c5e0f,feat,2024-09-03T09:22:20+00:00
vitest-dev/vitest,0499a31520243beb10243ff7d288b35acedc5fb3,feat,2024-09-03T11:21:38+00:00
vitest-dev/vitest,8d883cf05832241e6d8f97d099f6d1fdd4e231d5,fix,2024-09-07T07:02:40+00:00
vitest-dev/vitest,7ab0f4a8ff5f2affe1353b5fcaacf717ed1ee3de,feat,2024-09-08T17:37:16+00:00
vitest-dev/vitest,ac698b1c8d3b6e587b18040ab610eeb995aa178d,fix,2024-09-11T18:30:59+00:00
vitest-dev/vitest,94a186ec911e78b96961e7c7ee951130c616e989,fix,2024-09-12T12:28:16+00:00
vitest-dev/vitest,16aa76c261c1559e88cb6a39b71923d0638750c1,fix,2024-09-12T17:39:46+00:00
vitest-dev/vitest,7d028cb37d3e964a37899559b640bcb3a13acda7,docs,2024-09-16T08:16:31+00:00
vitest-dev/vitest,91f859979a1fda78c00996d30c42b36064c6b36b,fix,2024-09-17T05:45:02+00:00
vitest-dev/vitest,87232420ebe0d5b6052529c0043ae4981590caf1,docs,2024-09-23T19:23:37+00:00
vitest-dev/vitest,1371ca6a6fba068b98484ec554200e558c5283ec,fix,2024-09-25T05:32:43+00:00
vitest-dev/vitest,f8ff76a95e3db424b348ef78b7dd7b798ea77150,fix,2024-09-25T06:12:41+00:00
vitest-dev/vitest,fb79792dc9ab2cb5cb1c3674fa9d7cecd2748138,fix,2024-09-25T08:32:08+00:00
vitest-dev/vitest,adcdaee8a2e106256027901538300410870ce6a5,fix,2024-09-25T08:35:55+00:00
vitest-dev/vitest,91442dfc980aad81b72a67a51e98eb5f58da3f63,fix,2024-09-25T08:36:16+00:00
vitest-dev/vitest,e9821f70b9b8ab871c62d293d96afd67c629bf76,fix,2024-09-25T08:36:49+00:00
vitest-dev/vitest,f952874e3252688c93cb54d0c037f7871f4ce647,fix,2024-09-25T08:37:23+00:00
vitest-dev/vitest,d0bf89d377a9c4c206aad7dbe9c76c80ec3a49f0,fix,2024-09-26T09:46:10+00:00
vitest-dev/vitest,1800167e4608327f335bc136f41543403486cfef,docs,2024-09-27T01:46:45+00:00
vitest-dev/vitest,4ce99b39f5fe5418ea0ea6800045417a848f0136,docs,2024-09-30T15:45:00+00:00
vitest-dev/vitest,891d6fe57c50a16900e7993461c64054a5431a50,docs,2024-09-30T15:45:31+00:00
vitest-dev/vitest,1497134e4bcc77e61fc73fbfc713547cc8b74ceb,fix,2024-10-01T13:58:53+00:00
vitest-dev/vitest,5267d4e99bcf041827497767c224419e8cbd8749,docs,2024-10-01T14:04:48+00:00
vitest-dev/vitest,214ec2677dbd463b9b9f8f90894e54a018c23d8e,docs,2024-10-01T14:59:38+00:00
vitest-dev/vitest,c5e29098e856d3a9a18ce203d9bd9fac7c997f26,fix,2024-10-02T07:51:37+00:00
vitest-dev/vitest,d2a86ff57a3a32efbd05f55286f7765c4ee91853,fix,2024-10-02T09:10:49+00:00
vitest-dev/vitest,1bacfeab3898dac364049d18a0bc9e9a1652eabf,docs,2024-10-02T10:56:06+00:00
vitest-dev/vitest,f4a682d7ac3e0500d712594092db2c9d42768dc4,docs,2024-10-02T14:28:15+00:00
vitest-dev/vitest,383f17916608768858beafcbfcce645190ca4ec8,fix,2024-10-02T16:17:36+00:00
vitest-dev/vitest,d289e7eb394f6c0dd073c27e032ecb0b3e3886ce,fix,2024-10-03T06:56:17+00:00
vitest-dev/vitest,f36eac77c17e3961f6d567ec416b1b96d57b8d4a,fix,2024-10-03T12:09:12+00:00
vitest-dev/vitest,496bd251ba5cec8274763bb541ca8c71d1eb0c06,fix,2024-10-03T12:25:32+00:00
vitest-dev/vitest,946d8bb1659972905ae21f67936952eb72c2fa7a,fix,2024-10-03T14:01:20+00:00
vitest-dev/vitest,000459a9ae9624a8518a6399bd1c1117ef87f0b9,fix,2024-10-03T14:29:34+00:00
vitest-dev/vitest,9ece395264c9ee59181194fbbd98145e7f1512a9,fix,2024-10-06T08:16:19+00:00
vitest-dev/vitest,9936c098d55bf0c1dae0e1e61f62f093cb0b5907,docs,2024-10-08T11:50:33+00:00
vitest-dev/vitest,11b9432eca226d1c6a5601d4b2d6d70b67c89123,docs,2024-10-09T20:20:06+00:00
vitest-dev/vitest,7155cee210791cb29da94f2ad3e315ca506fb68d,refactor,2024-10-11T07:22:08+00:00
vitest-dev/vitest,4b2ce07fb0f9a1a52fda077a123c57f993d48ef2,fix,2024-10-11T11:12:03+00:00
vitest-dev/vitest,47dde76f310faf83c35351b9f612d2dc7ca969c0,fix,2024-10-11T14:06:32+00:00
vitest-dev/vitest,19d64e20efc248aaaee78c51e334c2b35ebe3a98,fix,2024-10-11T15:03:33+00:00
vitest-dev/vitest,d131fd6411391685d17a5fe72c07b61bdc3c5f84,fix,2024-10-11T15:45:54+00:00
vitest-dev/vitest,502ecbfea865fff3a85a172298bf5db6a6b2ba34,docs,2024-10-11T15:46:07+00:00
vitest-dev/vitest,c4076e64cfb06ae6322c20260a13d1e932f0100e,docs,2024-10-13T01:41:41+00:00
vitest-dev/vitest,fde5d50985b224d1a67538ca0143b73189067bd2,fix,2024-10-14T11:08:29+00:00
vitest-dev/vitest,9c518c1424d6d7891b222f911cc31a1c731032a7,fix,2024-10-14T11:24:34+00:00
vitest-dev/vitest,c0a2f3fc5684f1b9384217ab10bda627614e2b17,refactor,2024-10-15T11:59:59+00:00
vitest-dev/vitest,a939779f1db473f8be3de8454bc94de70cfe5b97,fix,2024-10-16T06:55:40+00:00
vitest-dev/vitest,63f8b07042e9885d74daca7e175351c47078b99a,docs,2024-10-20T03:59:33+00:00
vitest-dev/vitest,19278f4cb9e8b1f59a8a1ae261ce502c5f9eea2d,fix,2024-10-21T12:16:04+00:00
vitest-dev/vitest,ec488981c5629e5874370c1c989657b6e5c9facb,docs,2024-10-21T14:20:25+00:00
vitest-dev/vitest,169028f03abf5e80d77924f4ed9ae6107647c4c0,feat,2024-10-25T12:38:16+00:00
vitest-dev/vitest,df6d750b79066fdc412cece56051ed4d878e189d,fix,2024-10-25T13:20:10+00:00
vitest-dev/vitest,b28cd2e3967f8fa58ad36518dfff67950ddee86e,fix,2024-10-25T14:57:13+00:00
vitest-dev/vitest,2a0e5aa9aecc50c1442fa5a74d6c70b5fa6af26b,docs,2024-10-26T00:55:26+00:00
vitest-dev/vitest,2444ff225fa82f07b185ae6e5fef7b10227ec876,fix,2024-10-28T12:19:27+00:00
vitest-dev/vitest,47d7c0aeb6dac50b0279eb1d202a204f31ead52d,docs,2024-10-28T12:48:05+00:00
vitest-dev/vitest,bcc590888eb62af81d155206ed7b5a9408f6891a,feat,2024-10-29T11:29:23+00:00
vitest-dev/vitest,e934f8d972294f7f60e5bc0a464578e3d85eff62,docs,2024-10-29T19:01:21+00:00
vitest-dev/vitest,5d4b38282f095b2ab19883859569c6e26d7747a3,docs,2024-11-02T08:32:38+00:00
vitest-dev/vitest,7e1faf3da6d80516b32afb7a14db7fcea6e52ee8,fix,2024-11-05T10:03:55+00:00
vitest-dev/vitest,f0aeaca8e5c7c8b2411d8e372fb6beb5426277f0,fix,2024-11-05T11:53:56+00:00
vitest-dev/vitest,08b264afbd5a1717e43c5c25b70bb8e87ac0e7f9,docs,2024-11-05T14:41:22+00:00
vitest-dev/vitest,0d67f04b653f7a5f6971083d05367e5a2478a17d,fix,2024-11-05T14:53:00+00:00
vitest-dev/vitest,ecd0cbe7b46822f3f99b065fee0c3a079d84413e,docs,2024-11-06T16:05:40+00:00
vitest-dev/vitest,6af73d93f72fda43b36d3ffca978446b969bb21d,fix,2024-11-07T15:01:00+00:00
vitest-dev/vitest,3c56feb4f942a9f691b2d354a06f4d151191634b,fix,2024-11-07T15:02:26+00:00
vitest-dev/vitest,6e793c64a1952bee8948dee908b7f7d5ae857f5d,fix,2024-11-08T09:01:07+00:00
vitest-dev/vitest,00ebea6414b8a92f00a1f0ce00eeda4abcfeea3e,refactor,2024-11-11T07:56:38+00:00
vitest-dev/vitest,98f76ea75fd03fdfffc24e9a7472612b1f82d5b3,fix,2024-11-12T12:41:15+00:00
vitest-dev/vitest,4c96cce70734d99cfa264aa0b361b4acd3a9f752,fix,2024-11-12T12:45:33+00:00
vitest-dev/vitest,9a0c93d7876d84a975efa8c8ffca0d42bb9d5782,fix,2024-11-13T10:54:53+00:00
vitest-dev/vitest,417bdb423d7a33d9c8be5b2d0d7027a2c38ded43,fix,2024-11-13T15:03:43+00:00
vitest-dev/vitest,9c8f7e3e687a775dbe998bfdac5cb33baf01f086,feat,2024-11-13T16:01:17+00:00
vitest-dev/vitest,e26e066c7759d43c3b819e3bb9d3c905e7b6c459,feat,2024-11-13T16:01:32+00:00
vitest-dev/vitest,697c35c52de6db4d8da1c853104aacecd1337d1f,feat,2024-11-13T16:03:12+00:00
vitest-dev/vitest,85c64e35b120f240e66d5fb9ca67fa55ed8eb74d,feat,2024-11-13T16:20:26+00:00
vitest-dev/vitest,6324a00e640e939028d2e8084d9cfd8b5ebce14d,refactor,2024-11-14T09:38:04+00:00
vitest-dev/vitest,dc238e92bd5ee75a6841c5eb21957320a0a4003a,feat,2024-11-18T14:07:44+00:00
vitest-dev/vitest,bd29bcc7406d570353bacacd09d7c510e97f6148,fix,2024-11-18T14:08:18+00:00
vitest-dev/vitest,03ca286788fc6262fd88b6456905415ffce06697,docs,2024-11-19T08:05:16+00:00
vitest-dev/vitest,dac813abe6be361d75619cd157cb097d68a5175b,docs,2024-11-20T13:02:29+00:00
vitest-dev/vitest,38e50f1bbd4310a1eea2de24133f79fbfc3c7b62,docs,2024-11-27T08:46:01+00:00
vitest-dev/vitest,7b35d13a6f235ce2b5bb406107980d36c19e9a2f,fix,2024-11-27T09:18:55+00:00
vitest-dev/vitest,fe2a187f92e2c14dce9b7a65a83af0f9ef162012,fix,2024-12-01T09:52:34+00:00
vitest-dev/vitest,98c7e51918d0b33914c99019ccfdbda28fbb6959,refactor,2024-12-01T22:17:14+00:00
vitest-dev/vitest,bf7b36ac1054fd80a54d393448e8fc25eec153c1,fix,2024-12-01T22:31:53+00:00
vitest-dev/vitest,4d94b956da1112c5403356752a5eb7f6888c540b,feat,2024-12-01T22:34:46+00:00
vitest-dev/vitest,a485b32b7201f8715f3638df6ca05a0646da4631,fix,2024-12-01T22:43:46+00:00
vitest-dev/vitest,db7a8888016788a715cfadbc3faaedef1651407f,feat,2024-12-05T14:01:06+00:00
vitest-dev/vitest,e8ce94cfb5520a8b69f9071cc5638a53129130d6,fix,2024-12-05T14:02:38+00:00
vitest-dev/vitest,e3144fd8dab55f659190c6308864428e290d08dc,fix,2024-12-05T14:23:40+00:00
vitest-dev/vitest,aa1dac3de879aa4a1d889c6b594aaa010825ee4e,feat,2024-12-05T15:03:35+00:00
vitest-dev/vitest,46fc53405743f20db5255f0468e772fb3afe6211,fix,2024-12-05T15:44:33+00:00
vitest-dev/vitest,7abe854cdec4396a6a26809bfa3565410d53fd5f,feat,2024-12-05T16:45:28+00:00
vitest-dev/vitest,3c18ecf720e4fc2a039d35112ead2ee61ace97eb,docs,2024-12-06T08:46:48+00:00
vitest-dev/vitest,545cfa2f07be65a30c28cc6238bb60ae59411a3f,docs,2024-12-08T14:11:34+00:00
vitest-dev/vitest,751e2dcecd712bab885403c9209b4414d01cd476,feat,2024-12-09T08:50:21+00:00
vitest-dev/vitest,2b5c5201dc16f1bf7c8bbbac0c0e20a8674a0c5f,feat,2024-12-09T09:19:05+00:00
vitest-dev/vitest,8e94427e9be5f8cd5e023979ddae60a770d69fb8,fix,2024-12-09T09:23:18+00:00
vitest-dev/vitest,b3e43d0452ac463e4fa521d6e6b5480bea097274,fix,2024-12-09T09:24:20+00:00
vitest-dev/vitest,1bf27f0dde6b8ea867d3343338f38b0e0a7c4ebb,feat,2024-12-09T10:28:04+00:00
vitest-dev/vitest,cc703362fb6328b7a65f9610658b91a82070850f,fix,2024-12-09T10:31:29+00:00
vitest-dev/vitest,2fb585aea696c27c31fa8f64e0d00940516ecc1c,fix,2024-12-09T14:57:56+00:00
vitest-dev/vitest,9a1b50122359123ad7f5999b85ee2f314d91e83d,feat,2024-12-10T10:12:47+00:00
vitest-dev/vitest,8a6f5f16c9406cda7e38b8e63c5c108bc11d207f,fix,2024-12-11T09:30:37+00:00
vitest-dev/vitest,4e60333dc7235704f96314c34ca510e3901fe61f,fix,2024-12-11T14:31:03+00:00
vitest-dev/vitest,78b62ffe1dc078d3e48573b3517f19bbeb898726,feat,2024-12-19T13:21:41+00:00
vitest-dev/vitest,3d742b2b525107a1714986220fcb5f63e4cf93d8,feat,2024-12-20T07:55:34+00:00
vitest-dev/vitest,579bda97aac0c8899145bc2e007e332201534cad,fix,2024-12-23T08:34:01+00:00
vitest-dev/vitest,61b30162ae32e34d4dd6ad219a7cd877aab21cca,fix,2024-12-23T08:41:37+00:00
vitest-dev/vitest,8967f095d299b5dc8270f7ce23bbb7c0c243387f,refactor,2024-12-27T08:59:21+00:00
vitest-dev/vitest,c2beb8ca93a6874755e0fe7089de6c259312b239,fix,2024-12-27T09:05:03+00:00
vitest-dev/vitest,a941d35808f7a3b0c1aec740202b94af899fa3dc,docs,2024-12-28T17:25:52+00:00
vitest-dev/vitest,c98b4b1c8b0b47c12497138722555c6ddc4cc15d,fix,2024-12-31T10:15:38+00:00
vitest-dev/vitest,a437b65697db040f5769675d94549c0ffccb01a6,fix,2025-01-03T04:29:53+00:00
vitest-dev/vitest,a4ac2fe44d33f48af563522fdf3680e271210c90,docs,2025-01-03T11:47:45+00:00
vitest-dev/vitest,6a09cc3bc841c8141571547d10a38f71d06bf6df,fix,2025-01-03T12:26:41+00:00
vitest-dev/vitest,c31472d2199eb00c9012db22392d3bfe6384a16a,refactor,2025-01-03T13:26:48+00:00
vitest-dev/vitest,1dbf5140c1fef445bffd02937fa23feb163c4bec,fix,2025-01-04T10:37:42+00:00
vitest-dev/vitest,57c8740b27770013ecf9cff12c3d63cdbbfdb41f,docs,2025-01-07T00:15:52+00:00
vitest-dev/vitest,74dbe03fa388442066c3d20d62595a7b34490fb3,fix,2025-01-07T18:35:12+00:00
vitest-dev/vitest,3912554b50e6111722961a4315366de636bd66a8,fix,2025-01-07T18:36:42+00:00
vitest-dev/vitest,423d6345374e0b8adb7966caaf40f9588e21dd3c,fix,2025-01-08T13:22:02+00:00
vitest-dev/vitest,e0b47759a95d833483794cf84de334d4d5a54f6e,docs,2025-01-12T16:32:11+00:00
vitest-dev/vitest,50cf61b80514ed969c0f5467930bc5394500e7dc,feat,2025-01-12T17:41:54+00:00
vitest-dev/vitest,b3070550ddba1f23cecc72846707eaa09bef415f,refactor,2025-01-12T19:22:41+00:00
vitest-dev/vitest,917583609716fbdba38577f3210b5c0445032ee1,feat,2025-01-12T20:26:51+00:00
vitest-dev/vitest,903f3b9b76561e2df33ccf383229d8eb45f2ccbf,fix,2025-01-13T13:34:25+00:00
vitest-dev/vitest,6e51843a92df105fd85f9b803d579269e55d35b1,fix,2025-01-13T15:47:00+00:00
vitest-dev/vitest,e2e065853052c26b3121ea413a9db7145be3512d,docs,2025-01-13T16:19:57+00:00
vitest-dev/vitest,798c0da20a5eac334182f2b8fde023ff51ad6432,fix,2025-01-14T05:43:30+00:00
vitest-dev/vitest,8cab9601bb077132187c34f5bc1b8d94c271ba49,fix,2025-01-14T06:47:32+00:00
vitest-dev/vitest,9b218854f36eb7bb5f9ff4e8544c92e1444c2608,fix,2025-01-14T13:08:20+00:00
vitest-dev/vitest,766624abd68e34d7c8345cf5f2bbb4628ceec9e4,feat,2025-01-14T15:46:44+00:00
vitest-dev/vitest,0ad2860bf6647b4951aea69b60b76d05117518c8,feat,2025-01-15T07:49:42+00:00
vitest-dev/vitest,003c0bef48dcd13f660162578eb914fe1482c801,fix,2025-01-15T13:43:53+00:00
vitest-dev/vitest,1c2b210d163c8caf511424004baea884fa9e33d2,fix,2025-01-15T15:33:15+00:00
vitest-dev/vitest,b526896511edec5e78ef39f9bda10d0304422024,fix,2025-01-15T16:40:22+00:00
vitest-dev/vitest,3fcf88ead1c4f4d47df052a94bd9deefbfc27659,docs,2025-01-16T13:53:15+00:00
vitest-dev/vitest,537fa5ed40a01e4707cc5ed40377377d9c70e3b7,fix,2025-01-16T15:05:11+00:00
vitest-dev/vitest,f4c376284181d5e98ddfaf58010c7dc157380877,docs,2025-01-16T15:29:43+00:00
vitest-dev/vitest,66357f38704d43537b14892f614704920dcba4ae,docs,2025-01-17T10:13:26+00:00
vitest-dev/vitest,f841032f0a7ad408c2500db2bf23158dc395d084,docs,2025-01-17T12:29:20+00:00
vitest-dev/vitest,ef1aa89333a11d4b9e12a2c5e05d8a04f79bbd1f,fix,2025-01-17T14:23:28+00:00
vitest-dev/vitest,99732d9946f7c4bec9060eb6fe663685fbb8a286,docs,2025-01-20T00:19:22+00:00
vitest-dev/vitest,fa4634b2379bcaeca3b669d7aa1bcf3c06c77c0a,fix,2025-01-20T14:55:52+00:00
vitest-dev/vitest,e43a8f5666b65c945a7e5d7acbc2af5ae1d40fcb,fix,2025-01-20T16:21:45+00:00
vitest-dev/vitest,9745fe8cb5a3c8c1cdb2e06d9dd2593555a0ee2d,docs,2025-01-21T13:52:50+00:00
vitest-dev/vitest,c60ee27c06fcae8d470c6d5284512bf856ce9a45,fix,2025-01-21T14:16:36+00:00
vitest-dev/vitest,bff70be978d42390d8af2a3b8b5ddd0556309fd0,fix,2025-01-22T15:04:32+00:00
vitest-dev/vitest,ce6af70c00481c067a5bedc1815f5f95d6a2048b,fix,2025-01-22T15:21:44+00:00
vitest-dev/vitest,5e001eea711ac87539191c54d6ea976304e6f86a,docs,2025-01-22T15:43:42+00:00
vitest-dev/vitest,45085cf8f7b06dfadddcebf4e1f72b075b71f1a6,docs,2025-01-22T17:12:08+00:00
vitest-dev/vitest,9acc13f367988ff5711f51d8b360a7f6d6602d2c,docs,2025-01-26T08:37:22+00:00
vitest-dev/vitest,191ef9e34c867d0efd04f49b3d38193a68e825dc,fix,2025-02-02T08:31:33+00:00
vitest-dev/vitest,3c8050e69acf57755c8796c0c7711ab7871b4606,fix,2025-02-03T05:34:21+00:00
vitest-dev/vitest,d3acbd8b967d19361a3235222316edc98b8ff65e,fix,2025-02-04T13:38:15+00:00
vitest-dev/vitest,ed15b5b3331db00aa3d8f42333f88f7edb13ad16,fix,2025-02-04T13:59:10+00:00
vitest-dev/vitest,2abf053c2c52958d34c8fccb8e2d0aec01f7e408,docs,2025-02-04T14:13:17+00:00
vitest-dev/vitest,1b8c5c9e1518674e2c5048008c298731e3d88c9a,fix,2025-02-04T14:30:41+00:00
vitest-dev/vitest,9542b699c630e684d83c123be342eb478e96e7b4,fix,2025-02-04T14:57:20+00:00
vitest-dev/vitest,d1d08989b834fbed7502ecc00d5271a15f046a56,docs,2025-02-06T02:34:48+00:00
vitest-dev/vitest,01a597218a4c4cdb618049cfeda984a26bc0b5de,fix,2025-02-10T16:28:49+00:00
vitest-dev/vitest,bb94c19fb06123973457f4c7422cdf7c81aa463c,fix,2025-02-10T16:37:35+00:00
vitest-dev/vitest,e348bd4c99e571888c1cd5b6f45856716cbbf999,fix,2025-02-11T01:15:44+00:00
vitest-dev/vitest,1f2e55522a65f0f576da6e9abdf75d34150bd73c,fix,2025-02-13T15:13:22+00:00
vitest-dev/vitest,f31a07bb35356347dba31e809d1715d08e949038,fix,2025-02-13T17:23:37+00:00
vitest-dev/vitest,8f138257ba9efbc32e498e7711907870197ce8e0,docs,2025-02-14T08:32:11+00:00
vitest-dev/vitest,43774b8915b4364c7910be754e4e5e78330ae60d,docs,2025-02-14T10:21:29+00:00
vitest-dev/vitest,6cc408d66445de5472f61ea527ceea6e0dddb16e,fix,2025-02-18T02:04:25+00:00
vitest-dev/vitest,f71004ffa379fc290031e628857ea4f3fb5d44c8,fix,2025-02-19T01:06:13+00:00
vitest-dev/vitest,d5765f71b3d269cb2d3a06666a5070372e21e62e,fix,2025-02-20T01:41:23+00:00
vitest-dev/vitest,5387a5b3bfc62048dd5210bd65f894b43367563a,fix,2025-02-25T14:45:08+00:00
vitest-dev/vitest,4b5ed90213060e26e4f0e97d9a43afe651aa0fc3,fix,2025-02-26T16:18:16+00:00
vitest-dev/vitest,d5cb821276271241754a3bb0af587a1e5c4c3069,fix,2025-02-27T02:49:45+00:00
vitest-dev/vitest,fee90d855b046786418c666354425d8649bc8b76,fix,2025-02-27T04:54:38+00:00
vitest-dev/vitest,c0f47e03b06e1d847bc48cc8dabfafe4c0ba36c4,fix,2025-02-27T12:43:02+00:00
vitest-dev/vitest,96a746261b439c6546b12a03ac002f18a37419c9,docs,2025-02-28T10:47:32+00:00
vitest-dev/vitest,0a0b9bbedbd59b9b3833de55f1fa3cfa0c6d5f9a,docs,2025-03-01T15:24:28+00:00
vitest-dev/vitest,ca9ffac5f76b1c3e318f5c601850fbae39cdc8ec,fix,2025-03-06T15:03:29+00:00
vitest-dev/vitest,4f7db681439ef0eec631df02d159ece76748443d,docs,2025-03-07T07:36:54+00:00
vitest-dev/vitest,db14ab714dfe258a7c0a023d63873e793c4e07aa,fix,2025-03-07T07:37:13+00:00
vitest-dev/vitest,0fb21faa34692cd3115ef9c5ba45b76bde8498e3,fix,2025-03-07T08:44:44+00:00
vitest-dev/vitest,fcf3cf5d0af7005f5250b53511fa941fe41c4aa4,refactor,2025-03-11T13:51:45+00:00
vitest-dev/vitest,422ba66bfa018f3ef727ab7fe7d467e32954c044,fix,2025-03-17T11:52:07+00:00
vitest-dev/vitest,f9e1cb494eb49fa38093cc9be435b4b449771f9e,feat,2025-03-17T12:02:27+00:00
vitest-dev/vitest,ea3d67b03b0a987d7d5b1f8d2713d1335fc2ac32,feat,2025-03-17T12:03:51+00:00
vitest-dev/vitest,6adecb90366cd8824ef3cacb1a87c5cba9bf39c2,feat,2025-03-17T12:05:26+00:00
vitest-dev/vitest,20a5d4bfc45e0e4d3022d61fd16c3c52f9536fe5,feat,2025-03-19T13:18:14+00:00
vitest-dev/vitest,18becc6e514128b62e96adada439c488cdd7384e,docs,2025-03-21T09:37:33+00:00
vitest-dev/vitest,7fc5a290835780867c48b26fc496ef28a2bcf5ea,fix,2025-03-25T03:03:11+00:00
vitest-dev/vitest,2a8520a8373944e42f24de2075d8c32f1866cd45,feat,2025-03-26T09:06:42+00:00
vitest-dev/vitest,2702cf4245ffa543f5b5b2335ab299453870a4e3,fix,2025-03-26T19:34:54+00:00
vitest-dev/vitest,8299709d21c947e2fb0776b0725efa91dd6be16a,fix,2025-03-28T12:46:53+00:00
vitest-dev/vitest,a550551801c18ebbea2c40b345d7fe4488ff780d,fix,2025-03-28T12:47:56+00:00
vitest-dev/vitest,716b0294ea57832b59f802e180e29af49c200178,refactor,2025-03-28T12:48:16+00:00
vitest-dev/vitest,b166efa285f4f678914008edf4a1b96e9d936dab,fix,2025-03-31T09:47:23+00:00
vitest-dev/vitest,69ca425c695805ee19e5d14840df9c9ef6d8e7a4,fix,2025-03-31T10:12:41+00:00
vitest-dev/vitest,7c3dfb174ac7158a7239a2dd2d676f56ca6a61fb,fix,2025-03-31T16:15:14+00:00
vitest-dev/vitest,c375101d459a4ef5eb44fe1d4392a800b91c5434,fix,2025-04-01T12:51:04+00:00
vitest-dev/vitest,c45097ea9903bd21ccd46359af2abdfc17b2b8d6,refactor,2025-04-04T09:46:00+00:00
vitest-dev/vitest,db6c3bcc10f61079cd331de1882032271d48aefc,fix,2025-04-09T08:45:50+00:00
vitest-dev/vitest,5652bf9201c4bc5cfb9d4bc3b0e21b93b3bc58d3,fix,2025-04-11T05:24:06+00:00
vitest-dev/vitest,412866556b7193d3c1a1acb1295f79c07e885758,docs,2025-04-12T06:17:45+00:00
vitest-dev/vitest,37854a3395d7ca0fdc34f9c081f14135d01e1e57,docs,2025-04-16T14:47:33+00:00
vitest-dev/vitest,03f55d7472793eaa606d5c785849be0a40817fe6,fix,2025-04-17T10:48:31+00:00
vitest-dev/vitest,6555d61db10717f10077a6ea142cd0150757cb33,fix,2025-04-17T13:51:33+00:00
vitest-dev/vitest,d97f6d4807937db7615ae1e22eaf5571c4017256,docs,2025-04-17T16:00:16+00:00
vitest-dev/vitest,53c997300e94b00acbd2e95622caaa318f41209c,docs,2025-04-18T07:15:58+00:00
vitest-dev/vitest,f9eacbc55dc6b04ba1a48bd2fc1ad26a47062b15,fix,2025-04-18T07:17:01+00:00
vitest-dev/vitest,bc537a12d80b215d02e041059d34cec7dbe5f00c,docs,2025-04-18T09:18:06+00:00
vitest-dev/vitest,9be32fb74dfc990c40024e3ca979b92cae6e4fdd,docs,2025-04-24T16:20:51+00:00
vitest-dev/vitest,deb1bc27ad1a61331922460bc56fd84263754299,fix,2025-05-02T11:37:47+00:00
vitest-dev/vitest,ca743ede683af5324c970e3e83cfe4ca8cbcceb3,docs,2025-05-02T12:05:35+00:00
vitest-dev/vitest,d613b81305c950ac666641487c44466c9d21f145,fix,2025-05-05T12:34:29+00:00
vitest-dev/vitest,78a3d27879eab9e0f034251e1d2a9da00dda39b9,feat,2025-05-05T14:17:56+00:00
vitest-dev/vitest,4af5df33b56a80173b1bceb940a9579c59b4b327,feat,2025-05-05T14:21:24+00:00
vitest-dev/vitest,465bdb3d77a86a108ccb7168c8ad25d60e3153bb,feat,2025-05-05T14:21:42+00:00
vitest-dev/vitest,5f50495843d92b099ec13d9178d2ef2150feec71,docs,2025-05-05T16:38:49+00:00
vitest-dev/vitest,708cc9414dbe896d7d03e2db3f46a7f9266e6252,docs,2025-05-06T11:22:18+00:00
vitest-dev/vitest,525f524c7d319b680b5342dcd866bd3112c3aac2,fix,2025-05-06T14:53:25+00:00
vitest-dev/vitest,ba6da4d070bd26d4ec40efbf6b37d431877e7f2f,fix,2025-05-06T20:36:42+00:00
vitest-dev/vitest,df07611f061ee00abb8c9a825a772468b0ad52ce,fix,2025-05-09T15:25:21+00:00
vitest-dev/vitest,5a91eca20de00dfc680e17f6cb4e2cae62d6534f,fix,2025-05-12T18:52:58+00:00
vitest-dev/vitest,464218f42cb4812f4dba77674f2152606c4c215f,fix,2025-05-13T17:28:56+00:00
vitest-dev/vitest,33b930a12feb9f8932b10ed9e41e078200f62379,docs,2025-05-15T19:04:49+00:00
vitest-dev/vitest,34f43ae68755b56f36ab586aa16d6582d118e791,fix,2025-05-16T15:15:10+00:00
vitest-dev/vitest,623ce929a307572d726d59d5c678c798b5b78a4b,docs,2025-05-17T13:15:33+00:00
vitest-dev/vitest,ef6ef542bdb8de76a371efbdea94af1eb5358a6e,fix,2025-05-17T13:26:45+00:00
vitest-dev/vitest,a05d48c258f8ce629d613d000703422aa3c78784,fix,2025-05-17T13:27:31+00:00
vitest-dev/vitest,e84e2184ef8ca78a3097eb7b666f81628a87ff6d,fix,2025-05-17T13:33:00+00:00
vitest-dev/vitest,b67d307ded3b897d5e139afe71e4a59b34f3133b,feat,2025-05-17T13:34:35+00:00
vitest-dev/vitest,d9f5163534fcda2ff7074215b7edb42286582d39,feat,2025-05-17T13:44:06+00:00
vitest-dev/vitest,d1a1df0364b74d0df3494370afbf9f37c7f43a76,feat,2025-05-17T14:28:34+00:00
vitest-dev/vitest,e6fbd8d2560303e7f88dc6c8e65e7b1b62ec94b1,feat,2025-05-17T15:39:38+00:00
vitest-dev/vitest,6dc1d18586eb57e7002a9f1b2a8c41a5b0a3d4a9,fix,2025-05-18T12:48:29+00:00
vitest-dev/vitest,33d0538521faf424602ff6c3cabd0d547b0635aa,fix,2025-05-19T12:36:51+00:00
vitest-dev/vitest,e996b4103b97123df98439b482fc9c4acbdecab7,fix,2025-05-19T13:12:53+00:00
vitest-dev/vitest,0e960aa78b1362b4a472673761ea5e38a95563b5,fix,2025-05-19T13:14:41+00:00
vitest-dev/vitest,52bd789651d9301550c4eddf41c2c5251f297313,feat,2025-05-23T13:18:20+00:00
vitest-dev/vitest,76091074a1cbc213a34ad8409ceab0efe4943fcc,fix,2025-05-23T15:14:41+00:00
vitest-dev/vitest,1b29ff60fb153bd5cb56172b3a9e0715cfeff1bf,docs,2025-05-23T15:32:42+00:00
vitest-dev/vitest,646a1512f155bfe8f7a7f18f164a01727a6ec89e,docs,2025-05-26T02:51:55+00:00
vitest-dev/vitest,1716b61c525aded9525f9f8324645ac6c30fc098,feat,2025-05-26T08:55:58+00:00
vitest-dev/vitest,abd3bb76a016ee6ffebca2e0fbb1eef3c8cb11c6,feat,2025-05-26T15:44:05+00:00
vitest-dev/vitest,b9a312a8a26d15a3623e0c4a0d21003a0fb2a4bb,fix,2025-05-28T13:08:55+00:00
vitest-dev/vitest,d6ef0da11f7f977daa4be1324d3208822e01ce1d,fix,2025-05-28T13:57:30+00:00
vitest-dev/vitest,95961e40ac741c2dcb9a70c3ac43f9c524585716,feat,2025-05-29T08:39:44+00:00
vitest-dev/vitest,0cbad1b0d0d56f1ec60f8496678d1435f8bb8977,fix,2025-05-29T09:50:45+00:00
vitest-dev/vitest,3bdf05d19c507d030fe4a8653af268b8c9b813ce,fix,2025-05-30T11:12:32+00:00
vitest-dev/vitest,35e313f8c92bb839e295adfc15d4afe2aea4753a,fix,2025-05-31T13:42:19+00:00
vitest-dev/vitest,ea4f167e12388e9bbcc47e743b0660485d99ee52,docs,2025-06-02T09:53:40+00:00
vitest-dev/vitest,9b9f09bcb9c6a690ff7174536e016bee199e8621,fix,2025-06-02T10:09:04+00:00
vitest-dev/vitest,54e93989dcb9e317f1bfac8eae0644719cadf311,docs,2025-06-02T10:13:45+00:00
vitest-dev/vitest,e4c73503ee50ed76d49b1e61cd0d84527bfdfe6a,fix,2025-06-03T15:27:40+00:00
vitest-dev/vitest,c8d6264bf4fde7fb9ac4fc22d2dcf882a2eb8f42,feat,2025-06-04T15:53:27+00:00
vitest-dev/vitest,02ec89203f2413d7c0a79302314dda7e1bf2351d,fix,2025-06-05T13:40:26+00:00
vitest-dev/vitest,0f3350667254177a6dfe297bf74bfc5eb10d4dc9,fix,2025-06-05T16:40:44+00:00
vitest-dev/vitest,dfe81a67ac12b456fb1a7daef095cc271cd77308,fix,2025-06-09T07:06:02+00:00
vitest-dev/vitest,dc469f260f589299c14f8a171f3512b7e19f605c,fix,2025-06-09T10:58:36+00:00
vitest-dev/vitest,8aa252121311f9020561050a3c2faacc0d4676ee,fix,2025-06-09T10:59:14+00:00
vitest-dev/vitest,83862d46ea28290bc438259781b1d3bca48eb1ec,fix,2025-06-09T11:29:58+00:00
vitest-dev/vitest,44940d9dd77bd3db84808425ef3adfb1a806e0eb,fix,2025-06-10T10:24:38+00:00
vitest-dev/vitest,42eeb2ee657f7060bcf4941fd2c9eb16171bf0b5,fix,2025-06-11T12:32:57+00:00
vitest-dev/vitest,14dc0724f9bfbf71c598156597ac12494ebce2f4,fix,2025-06-11T12:48:37+00:00
vitest-dev/vitest,6869969120ce4cb52d3713ad2a54f869aa887e91,fix,2025-06-11T14:19:48+00:00
vitest-dev/vitest,0c3be6f637d65ef47f2fcf2ccd637f1ecc9d1786,fix,2025-06-14T13:49:09+00:00
vitest-dev/vitest,93f3200e452874ed4e2d018718bbbde7ebd28590,fix,2025-06-16T16:14:40+00:00
vitest-dev/vitest,de707276c8180fda86051b480cc9b02bb80b7994,docs,2025-06-17T16:40:29+00:00
vitest-dev/vitest,8a18c8e20a19f2c8d9f402e426886999f378c389,fix,2025-06-17T16:41:37+00:00
vitest-dev/vitest,14c507200acae3b1f152829d1e27c04984b0e060,feat,2025-06-20T08:52:26+00:00
vitest-dev/vitest,ff93444f86ac7258d88569d0185527c24336c1dc,fix,2025-06-20T09:53:11+00:00
vitest-dev/vitest,dc8486d22ced57cb8ec8d59fb1cdcbd72b6dc036,fix,2025-06-20T10:51:24+00:00
vitest-dev/vitest,4703cf850b2b07c5edb792ee2eaa78610a2e88d2,fix,2025-06-20T11:43:29+00:00
vitest-dev/vitest,89a1cb626ab06ad689d2212f46b708226f799941,fix,2025-06-20T12:13:28+00:00
vitest-dev/vitest,5261df0b98ac3c20e20c6cb333d6f4c255c1066e,fix,2025-06-20T14:06:41+00:00
vitest-dev/vitest,437d461aae71301da62b044b0964d3312b1ef290,feat,2025-06-20T15:10:25+00:00
vitest-dev/vitest,4d84f0ac6db51cf2f7fb8464ce6b189735ae021e,fix,2025-06-22T08:01:32+00:00
vitest-dev/vitest,ca27f371cd785b37beb10c8e7036c7277ea0dbd4,docs,2025-06-24T12:52:21+00:00
vitest-dev/vitest,2248b06d4e023c38c33b0ad70ef8b8a4ac052bbe,fix,2025-06-24T13:27:28+00:00
vitest-dev/vitest,924cb696105a75367b38a132049a10c9f15a2af3,feat,2025-06-24T14:14:35+00:00
vitest-dev/vitest,6d64a3f6e64b4e4e7c3b50f6a3a5b932903951e7,docs,2025-06-25T12:56:52+00:00
vitest-dev/vitest,932d837c6ede77591d4c2298b639346319e05239,fix,2025-07-03T12:27:23+00:00
vitest-dev/vitest,a1e576ae0ae68075f130d8293f618ce2da4b6c7f,fix,2025-07-14T08:28:13+00:00
vitest-dev/vitest,e9c9282523dfa3cd05e9970e5436ab2e3b1e9816,feat,2025-07-14T09:01:51+00:00
vitest-dev/vitest,43977c2b8f090d492a9117cbacfd9b5180edacf1,fix,2025-07-14T09:02:30+00:00
vitest-dev/vitest,81d7601e453bf644017c1a1ed4819958a1d7beff,feat,2025-07-14T09:02:56+00:00
vitest-dev/vitest,247d693b734131a1740e029b7743c137d573d25b,docs,2025-07-14T09:03:14+00:00
vitest-dev/vitest,0ad29decd5a403e0c087622245e35a8d5a0d8a6c,fix,2025-07-14T13:10:36+00:00
vitest-dev/vitest,66a403acdccc45ac0f73c6b31e032820e0b771e8,docs,2025-07-14T13:10:56+00:00
vitest-dev/vitest,f55bb81e60258b3b774e8142333b5d35c11d96bd,fix,2025-07-15T12:32:10+00:00
vitest-dev/vitest,88071a8f23f2c301da330d81dc0e05fe8923dd80,fix,2025-07-15T14:10:26+00:00
vitest-dev/vitest,aa79e2733ed6a6a2c5ef5279492429368e3964a9,fix,2025-07-21T11:00:58+00:00
vitest-dev/vitest,bea874610adf664f83f4b9c37313b67ca32029a3,fix,2025-07-22T14:02:52+00:00
vitest-dev/vitest,9be01ba594b855f7b77cca2baa0ace3d8eaa16f1,feat,2025-07-28T11:43:53+00:00
vitest-dev/vitest,13f94622937b11493404d01b008509f808e8b239,fix,2025-07-29T12:54:18+00:00
vitest-dev/vitest,b8cb62104e79d5148323179b78ea0dea3ba129ff,docs,2025-07-29T12:54:48+00:00
vitest-dev/vitest,9e412de354e48edcd96fde9a86557f7e3275592e,fix,2025-08-01T14:13:07+00:00
vitest-dev/vitest,e922e9266c50c110f797704ed41cb3cc1ec1a58b,fix,2025-08-04T11:14:16+00:00
vitest-dev/vitest,ba8cc90521bd5475af6e2a81dbcfce26cbb41d49,docs,2025-08-04T11:15:14+00:00
vitest-dev/vitest,058b78194c5529a857cf39a60e534bbc722997de,refactor,2025-08-04T11:15:48+00:00
vitest-dev/vitest,61703c9ea7cf53819106052df042e2a6a08c3489,docs,2025-08-04T11:33:15+00:00
vitest-dev/vitest,149f8e509570e2743ff6a5bcca800efc6aa4d6e3,fix,2025-08-04T12:30:28+00:00
vitest-dev/vitest,202d5d6ddc55068e279405001e0266fccd7c203b,docs,2025-08-06T14:38:59+00:00
vitest-dev/vitest,b825ef87c5aa7b36f56d8a265f50a31f0b66b05d,fix,2025-08-06T16:03:32+00:00
vitest-dev/vitest,c0b9ad936e40265aa545b7bf5e09c15bffda991d,docs,2025-08-12T12:40:53+00:00
vitest-dev/vitest,61eb7dd9c929e5a27312ed141d88cade5e0b6c3a,feat,2025-08-12T12:50:17+00:00
vitest-dev/vitest,21622b5ae9bc62759ee5b260ad218168898ef11f,fix,2025-08-15T08:28:17+00:00
vitest-dev/vitest,bdb7067f135f116639137026054b08078c6f599e,feat,2025-08-15T10:56:43+00:00
vitest-dev/vitest,a400a9d2aad47c03ad6f361a7a7fee9863697d5c,fix,2025-08-15T11:59:53+00:00
vitest-dev/vitest,c1ac15c6b22903cf17b5b105dffd0b8aabf083c3,fix,2025-08-15T16:05:48+00:00
vitest-dev/vitest,adda7b9dfd9de3ea5acf4293f9552bcb0b26acc7,docs,2025-08-19T08:01:56+00:00
vitest-dev/vitest,ff5170cff574c7230bbb07f66ebd7a75e5526543,fix,2025-08-26T08:54:35+00:00
vitest-dev/vitest,606cb9e3e37811130ed16786154c87f846ad5820,feat,2025-08-27T10:00:11+00:00
vitest-dev/vitest,99e016bec831281cc85e615e35b47184c631e000,feat,2025-08-27T10:43:33+00:00
vitest-dev/vitest,57b2cca2e0300e100bb5d77fa84dff41fa34116f,feat,2025-08-28T08:38:46+00:00
vitest-dev/vitest,549d321e22b546be97352b855ebf312219723cbc,fix,2025-08-28T08:41:20+00:00
vitest-dev/vitest,fb4500bec244ef6d3a32c314e92ee82c17c3d2ea,fix,2025-08-28T08:47:03+00:00
vitest-dev/vitest,3be0986aa5968b66ba1d5f4d937864aebda5e524,feat,2025-08-29T12:33:48+00:00
vitest-dev/vitest,2308cbf130386382bc491f4db16a02cdfdad17b4,feat,2025-08-31T09:38:44+00:00
vitest-dev/vitest,2b9b34311fbae60dd89715b67976d4bc92a13985,docs,2025-08-31T10:47:43+00:00
vitest-dev/vitest,bf450b4339ea62e61ba7d44bf218233a3d51dc06,fix,2025-09-03T09:19:51+00:00
vitest-dev/vitest,969456b4ac37f8f8fee62c05fc9115b1434d7653,fix,2025-09-05T01:33:46+00:00
vitest-dev/vitest,896645b089e092f7aee0ebd7db805ac22d82078c,refactor,2025-09-06T02:31:35+00:00
vitest-dev/vitest,2344c1f6e8c9598b2aec6fb6f6b558c2a252b736,feat,2025-09-06T02:31:54+00:00
vitest-dev/vitest,3be86980d53c7441bd5fd21903d9e44e85ce1c99,docs,2025-09-08T08:34:16+00:00
vitest-dev/vitest,6d5b5b1a5ea38645059bd98b44a1b5f06d625abe,fix,2025-09-08T11:39:43+00:00
vitest-dev/vitest,048f7a1cac36efe3b1062c0e66d4803461248f4a,fix,2025-09-08T13:42:42+00:00
vitest-dev/vitest,25fd32bf0a0e97ef58e1170d1449210d2e3ac931,fix,2025-09-09T04:58:27+00:00
vitest-dev/vitest,ea6d7322ede49a5210129c7fd164065c4fdcacca,fix,2025-09-09T18:56:57+00:00
vitest-dev/vitest,9e722834ae705e795d3002a5a28da09d0fc8dd33,feat,2025-09-10T05:37:42+00:00
vitest-dev/vitest,42dfd1c43c41c4470a556397611023f2016e88f4,fix,2025-09-11T13:11:58+00:00
vitest-dev/vitest,cdcf7e854c1bc95a84a238484badcbe6f5207342,fix,2025-09-15T12:21:32+00:00
vitest-dev/vitest,ac1d92f140f5e3d3f51d85cee3864eb0427e6c9d,fix,2025-09-18T13:51:08+00:00
vitest-dev/vitest,26eeb082dbf9ef671895ffff43f556fc610496e4,refactor,2025-09-18T13:56:09+00:00
vitest-dev/vitest,b2804a1f972b083fde707147ef00e1780675fc34,fix,2025-09-19T09:17:20+00:00
vitest-dev/vitest,07a8a6e13471ee93480f9c5e54e5e1cd6380460b,docs,2025-09-19T09:42:11+00:00
vitest-dev/vitest,4d41928c6d0d8ea71329dd8dfefe40c4ba87054e,feat,2025-09-19T10:08:11+00:00
vitest-dev/vitest,38adc86cfd896361ccf952ec25d399ac2eaf8a2d,feat,2025-09-23T17:38:41+00:00
vitest-dev/vitest,4f4c5e72dfd34e04d1676709658c3ac4fba39956,docs,2025-09-23T18:42:35+00:00
vitest-dev/vitest,9f9d2565ec1eafa02aa3273ce7ff35ba5c1a6a09,docs,2025-09-24T12:07:25+00:00
vitest-dev/vitest,acbe0e973ba95a0eb1b337fe5650f945f4d51bba,fix,2025-09-26T12:04:38+00:00
vitest-dev/vitest,fe13be635cb938da5c7e884ed8e58bccac82fc97,refactor,2025-09-29T14:44:49+00:00
vitest-dev/vitest,ee6b27b5f780224af33849a44b1b3137e9a7b6f6,fix,2025-10-03T08:53:45+00:00
vitest-dev/vitest,948016d8bd74883effce0c0b10cd82013be764b9,docs,2025-10-08T15:53:34+00:00
vitest-dev/vitest,699bf804154c1343442d61588ccbc27a73ca6210,docs,2025-10-08T15:54:33+00:00
vitest-dev/vitest,fe5895d2bb019a24b6a688ecfcaaeae18adce642,feat,2025-10-12T11:06:22+00:00
vitest-dev/vitest,91c7e5f926be562b7362d84e55d322ae389692dc,docs,2025-10-12T12:13:33+00:00
vitest-dev/vitest,e63b17efcf54c1d3b901ee42457a35450d741131,feat,2025-10-13T12:12:58+00:00
vitest-dev/vitest,c0b250e5c8036fc03aee8db660d5f1b8aa35b399,feat,2025-10-14T08:24:00+00:00
vitest-dev/vitest,8cb219c41ddc5a0575a914b0c2ec9b799700e708,docs,2025-10-14T08:24:20+00:00
vitest-dev/vitest,f6690ed46176de43e71caf287f09ce9afb486025,fix,2025-10-14T08:34:35+00:00
vitest-dev/vitest,2f462469e87e9afed8e70072dd6e4544468b42df,docs,2025-10-16T19:38:53+00:00
vitest-dev/vitest,c9c303178dd2050b683bbbbc641bea4560a21506,fix,2025-10-17T11:08:52+00:00
vitest-dev/vitest,87108db330a2dd05b87257da8a17bf7a3a3a9acd,fix,2025-10-21T14:57:42+00:00
vitest-dev/vitest,ff08294e88892790fd8cd87aec2ce498d7832140,docs,2025-10-21T16:55:18+00:00
vitest-dev/vitest,ee0b6b0a563de229fe9e88d6eea16a84af1d9ec9,docs,2025-10-21T17:32:19+00:00
vitest-dev/vitest,1a290f80912f8aa492ddc056b5e85bfad0a4193a,docs,2025-10-22T17:04:09+00:00
vitest-dev/vitest,a7c4f6f566b59b05632396c3a46a2e3a854633d7,docs,2025-10-23T10:13:52+00:00
vitest-dev/vitest,588f76858036cc22aa37454349b27b5dd1f8b2c5,fix,2025-10-23T15:54:46+00:00
vitest-dev/vitest,2eedbce7683c8c051a5b0862921410508a9ffd3a,fix,2025-10-23T16:30:36+00:00
vitest-dev/vitest,c9536b97ea3f9b0fa7170dd9ba2f7753a65fedd2,docs,2025-10-24T00:00:49+00:00
vitest-dev/vitest,22f03aa18b42050dd6e540ae746c9b1f15dbbca8,docs,2025-10-24T11:42:59+00:00
vitest-dev/vitest,0fb74bd3b12ccec99ec34d82d42132b68e27de94,fix,2025-10-24T12:43:05+00:00
vitest-dev/vitest,155521a8573efcb560dc3a149ccdf430ca4eb9fc,fix,2025-10-24T13:38:54+00:00
vitest-dev/vitest,d1bff3bb3ef61e1c94d1be23f91d2669ba3b96b9,fix,2025-10-26T11:02:37+00:00
vitest-dev/vitest,0be48074578a0c994192fea11d0541b47f7429a5,docs,2025-10-26T11:53:05+00:00
vitest-dev/vitest,a3f4eec6ff76c10f6d41aba248ce839c4aa28920,docs,2025-10-26T14:37:42+00:00
vitest-dev/vitest,c0f0c34b59cf48785590fa6c37b9f78894148cd0,docs,2025-10-27T09:54:38+00:00
vitest-dev/vitest,f87568d6460900bc1f4403dcd390421f29bca169,fix,2025-10-27T12:25:21+00:00
vitest-dev/vitest,7ee283c9653db823660881d38e9ef41ece30d368,fix,2025-10-28T10:19:37+00:00
vitest-dev/vitest,a4f86f1ba44141d3256e2563a47b0b4dedd462e4,fix,2025-10-29T12:34:25+00:00
vitest-dev/vitest,3e19f27d03c324ef9111c4e40e7b04e08498fa16,fix,2025-10-30T10:17:23+00:00
vitest-dev/vitest,7e6c37ae5f1935d16be37e9885427b7010efe164,fix,2025-10-30T12:56:59+00:00
vitest-dev/vitest,e3b7775509dde217436b455d9d3ebcd11e21e7e3,fix,2025-10-30T14:24:30+00:00
vitest-dev/vitest,ca041f51ad2395dd91d18c33b642fb346c6bfd15,fix,2025-10-31T07:17:07+00:00
vitest-dev/vitest,197caf2f94e249566c0d168ccf4a3ed9b14dd02a,fix,2025-10-31T07:35:02+00:00
vitest-dev/vitest,31706dfe519bd837db7a18da0e8e44ee3ffef1f3,fix,2025-10-31T09:23:27+00:00
vitest-dev/vitest,f50ea7a250a2a27c8dbf220dd271990d4535c63d,fix,2025-10-31T11:42:44+00:00
vitest-dev/vitest,c9078a26e3b5fe38acdc59d7ba282eaa5740b6ef,fix,2025-11-03T16:20:06+00:00
vitest-dev/vitest,751c3926fc13a1a1d85e8e47a6903f87dc3b60fb,fix,2025-11-03T20:19:11+00:00
vitest-dev/vitest,a1b7361ab171e03daf4900141fd7502b1ccc1844,fix,2025-11-04T15:14:37+00:00
vitest-dev/vitest,069e6db9bd42124cb926eabec9481b6a91f15382,fix,2025-11-06T11:50:11+00:00
vitest-dev/vitest,da8b93aa532cd1193f416e08c9e3f40b8015086d,fix,2025-11-06T13:39:50+00:00
vitest-dev/vitest,65292c365584efa71b6a837ac24967aeaa77f9bb,docs,2025-11-06T13:59:05+00:00
vitest-dev/vitest,f98bfb4a370c855b1a875f7e12af0c1be3e6c09d,docs,2025-11-06T14:02:44+00:00
vitest-dev/vitest,77aa3168c002bf6bdb3ec9d853095487bb030d90,docs,2025-11-06T14:09:08+00:00
vitest-dev/vitest,9044d935698d69d4cae79420615f5ca54dead208,fix,2025-11-07T10:19:22+00:00
vitest-dev/vitest,c79f47c65c007f57b54dca94f2b0f0e4d32d1972,fix,2025-11-07T11:38:04+00:00
vitest-dev/vitest,e8b459d79aa81b060245938ca6c7955ca67e5f27,docs,2025-11-07T11:38:40+00:00
vitest-dev/vitest,506a9fd0fb848642fc5608ae71cf27285169e98f,fix,2025-11-08T23:48:10+00:00
vitest-dev/vitest,8016da88606b86a6ec71e9fb8799a35e5496b34e,fix,2025-11-10T16:46:43+00:00
vitest-dev/vitest,353ee5bbcb9e1fad3147e067cd8ba1b10ba71da2,fix,2025-11-10T16:47:03+00:00
vitest-dev/vitest,a415d0375afa4c3726174d8f87db340ca20a428c,feat,2025-11-12T17:38:19+00:00
vitest-dev/vitest,5e750f4ba829700120a865db6f2b72fa59ca6f0b,fix,2025-11-14T08:34:09+00:00
vitest-dev/vitest,6d7f0a99e703094e5478df21ac83132c6ad6b2b0,fix,2025-11-14T13:35:50+00:00
vitest-dev/vitest,7c9edffb055546390379c7c97ad7cff70e1d6891,refactor,2025-11-14T14:00:18+00:00
vitest-dev/vitest,f56dc0cc4c2c0e61bada9500208de6e56d4b434e,fix,2025-11-14T16:02:05+00:00
vitest-dev/vitest,042c60c80ab20f0e6c5b759b875f51602a4dc621,fix,2025-11-17T09:47:55+00:00
vitest-dev/vitest,f3ec6fcb0abc4bc44b6511423a24587dfbbad47a,fix,2025-11-17T10:24:46+00:00
vitest-dev/vitest,5406e8ea478b012e20e30ffff52d61c72a260cd8,fix,2025-11-17T10:25:30+00:00
vitest-dev/vitest,57ae547de0987401988532bda39e1c0ca3dded52,fix,2025-11-17T10:26:27+00:00
vitest-dev/vitest,bc3a6921e2782a55a192802891feee84f50ec283,fix,2025-11-17T10:43:00+00:00
vitest-dev/vitest,772923645f250674e937dd887572e76e971524b9,feat,2025-11-18T09:56:21+00:00
vitest-dev/vitest,4bdcb113e8fd32c4098f1414ecbe97cfdaaa8346,docs,2025-11-18T13:28:59+00:00
vitest-dev/vitest,e944a37b715f73009932f8f499624d3f71edd0e7,fix,2025-11-20T11:57:26+00:00
vitest-dev/vitest,6356b1d38de2b1098ed64774d665fe542888d93d,fix,2025-11-21T10:36:53+00:00
vitest-dev/vitest,9d1763d11cd84325227ee02cd8e93d102867f491,fix,2025-11-24T07:48:41+00:00
vitest-dev/vitest,f5b72374bd9aa0a0ad54eb01ec7b2f925a005038,fix,2025-11-24T12:07:32+00:00
vitest-dev/vitest,2c468ee95ee1d42129f59665eabc563e34dae1e4,fix,2025-11-24T15:44:37+00:00
vitest-dev/vitest,ed8a2ebbdd515110b9118a97ac3b808c0268686e,fix,2025-11-25T09:54:21+00:00
vitest-dev/vitest,3326cc9f43f102322f3c627590d103d8a3890dd5,fix,2025-11-25T09:58:16+00:00
vitest-dev/vitest,64502a2c4ef3e7619ac379b0332b7ac18ec184ab,fix,2025-11-25T10:02:29+00:00
vitest-dev/vitest,555c2a2958aa698cad08d756c5f6ac8917319cb4,docs,2025-11-27T09:15:47+00:00
vitest-dev/vitest,ddf2d8989334f2db6b2ee76329561b0858310073,refactor,2025-11-27T12:53:07+00:00
vitest-dev/vitest,075ab35207ce7e6ad6bd3abb02ba6d14d5108c7b,fix,2025-11-27T13:06:50+00:00
vitest-dev/vitest,120b3dac1e4dd834205a954b73635aa91543dac1,fix,2025-11-27T15:15:45+00:00
vitest-dev/vitest,1a24607b4bd196854c92a72eed8a71af8a269599,fix,2025-11-27T15:17:42+00:00
vitest-dev/vitest,a5d98fd0d82e90994f0e82e2db63b42212ad0886,refactor,2025-11-28T09:12:29+00:00
vitest-dev/vitest,f97ac398c80df8923a1f72e9412fbb3e139d3ce3,refactor,2025-11-28T16:22:36+00:00
vitest-dev/vitest,1c00fb11653be97d58e91ba07348d2266ca5ba53,docs,2025-12-01T12:47:18+00:00
vitest-dev/vitest,fa34701d25eced7fc9ada6d8f46a4ab71a61ec4c,docs,2025-12-02T06:22:59+00:00
vitest-dev/vitest,d57d8bf0a635e94fae89b532c34d9b544bfc17cf,fix,2025-12-02T11:56:30+00:00
vitest-dev/vitest,20997641948205107f7a9f9c1f73f93c2923f4dd,fix,2025-12-02T11:57:47+00:00
vitest-dev/vitest,aca647113ae52478e24dce826688b6d688572d70,docs,2025-12-02T13:54:22+00:00
vitest-dev/vitest,da0ade249722df7556638f50a9db01cf01e6a2f8,fix,2025-12-04T05:52:39+00:00
vitest-dev/vitest,78cfbf99ae8ca6edc1e6b04149806cbbbf3c20ce,fix,2025-12-05T10:58:43+00:00
vitest-dev/vitest,1a259c3403210864e29ace623663b916bc0d94b1,fix,2025-12-08T08:48:41+00:00
vitest-dev/vitest,167d3a98abfdea871cfeeb5654ca9ed061fcfdde,docs,2025-12-08T10:28:15+00:00
vitest-dev/vitest,372e86fdef381038a2c4999fc9007dd7292a0628,fix,2025-12-08T14:31:42+00:00
vitest-dev/vitest,568513ca6565d2e3d68a005fd0e86f9a81fa9a45,fix,2025-12-09T16:25:48+00:00
vitest-dev/vitest,84a306210cefa1caa6b9849a41fd26ec01775074,fix,2025-12-15T01:22:27+00:00
vitest-dev/vitest,a995998a01a838d27f1bf70f39b17630a08762a1,docs,2025-12-16T15:04:58+00:00
vitest-dev/vitest,c788829859757824f22dd148a6dff91a4a9227f3,fix,2025-12-17T11:33:55+00:00
vitest-dev/vitest,dd03316323a4a9b7cf42fd64825d542c8959aa80,fix,2025-12-17T11:47:28+00:00
vitest-dev/vitest,a36c3bed323ebb89ffd09617b8a97977cba0ba0c,refactor,2025-12-17T11:49:05+00:00
vitest-dev/vitest,be574f36eea15f4b01ffe99226ca5dfcc77a5344,docs,2025-12-17T12:22:43+00:00
vitest-dev/vitest,79cf623729d2d03198752ffba238e75277151625,docs,2025-12-17T12:23:17+00:00
vitest-dev/vitest,55d5dad69774f44b3bad258949ceddeb0bca520c,fix,2025-12-17T12:35:50+00:00
vitest-dev/vitest,b70c9612176a445eab70c55c12d32b0d9b78bd17,fix,2025-12-17T13:18:03+00:00
vitest-dev/vitest,0444475f815af588f62fe4b2132391b3f0291fbb,docs,2025-12-22T02:24:39+00:00
vitest-dev/vitest,3c6e9b64fa85c05c9b44afce4bb90699e8777528,docs,2025-12-22T19:41:41+00:00
vitest-dev/vitest,de4e6aafb7ae35c284513d8b924af6502f7dee28,docs,2025-12-22T20:28:16+00:00
vitest-dev/vitest,b09405375d58c1f8f0653a758855fdba56843b93,fix,2025-12-26T20:29:53+00:00
vitest-dev/vitest,2dd3dd8396e78c3de44dd0be2c562c457b6b6d52,fix,2025-12-27T14:39:36+00:00
vitest-dev/vitest,e6a3f8cc73e1675812b9588fbbc8a234f04dbc06,fix,2025-12-29T14:42:53+00:00
vitest-dev/vitest,96a2965342876f99b06491813ae165d4f9ade3bc,docs,2026-01-04T11:25:23+00:00
vitest-dev/vitest,c23dd11bda62a81832523b25e0f441a7a1196ea8,fix,2026-01-04T20:09:22+00:00
vitest-dev/vitest,fca1c95b47a9287b5d93fbd48a313117293651b7,docs,2026-01-06T16:51:29+00:00
vitest-dev/vitest,41d82762e8359ff75560a13243f7f80bbff2525c,docs,2026-01-08T09:22:06+00:00
vitest-dev/vitest,c5d32d4eab788be975f823c4e78fb511a65e6a75,docs,2026-01-08T10:02:31+00:00
vitest-dev/vitest,5ec44b736158b2b4ce96c179d2ea89565b40429d,docs,2026-01-08T12:34:19+00:00
vitest-dev/vitest,f1ea6bee408e580d537ed7c94c36d4adbff3ef65,docs,2026-01-08T17:56:59+00:00
vitest-dev/vitest,d390eb527ec7f0b10d87e057bc981c7e66c2a1cb,fix,2026-01-09T12:20:46+00:00
vitest-dev/vitest,59f92d403bf97b3145911aaeffbae36b465284c7,fix,2026-01-09T14:04:48+00:00
vitest-dev/vitest,c7610c25e2a2b0d9d5e08db8f75a9b79844be454,docs,2026-01-12T10:51:29+00:00
vitest-dev/vitest,90c302f3b914b08949f9ee67c56c3489a60220db,fix,2026-01-13T10:07:42+00:00
vitest-dev/vitest,6608019797f35c6954ffb067906de549b9b8404a,feat,2026-01-13T14:39:46+00:00
vitest-dev/vitest,46aabaa44107d56e245341aedc8d4f93f5a39a60,fix,2026-01-13T14:50:12+00:00
vitest-dev/vitest,e342255630af0fea7fbb3136e34ebced3d487efc,fix,2026-01-13T15:35:10+00:00
vitest-dev/vitest,841df9ac540a4dc2329264e33bb742f2621da685,feat,2026-01-13T16:40:55+00:00
vitest-dev/vitest,4b480aaedb53287062ee4805e6a69540f2e87423,feat,2026-01-13T18:22:46+00:00
vitest-dev/vitest,2bea549c74348cfab474adcc2887404782130695,fix,2026-01-14T09:01:32+00:00
vitest-dev/vitest,8b81563abde02e40b683b9054223d9648a6740df,docs,2026-01-14T18:26:39+00:00
vitest-dev/vitest,3e4b913b126982a0b4a41f1f2d5c301e79c59bc5,feat,2026-01-15T08:33:09+00:00
vitest-dev/vitest,578636b47d3ad09fd2a3d189539767b64d384c8e,docs,2026-01-15T08:55:20+00:00
vitest-dev/vitest,f91ca94790cf544bb9bab7d85e401f1a25767c4e,docs,2026-01-15T15:41:26+00:00
vitest-dev/vitest,1a4705da994491f15f24852167380b32c0083510,feat,2026-01-15T18:01:23+00:00
vitest-dev/vitest,d3220fcd82e16badc080fa5145db0efbc760b28c,feat,2026-01-19T10:05:13+00:00
vitest-dev/vitest,9027af331da994129b83d6e2d9e50595d9738b4e,docs,2026-01-19T10:09:20+00:00
vitest-dev/vitest,96eb928266ac4fa8952961abec4c49e3ce5eae0e,fix,2026-01-19T10:10:00+00:00
vitest-dev/vitest,f865d2ba4cbf00894d044cb11d09f45e70687fce,feat,2026-01-19T10:16:20+00:00
vitest-dev/vitest,0c7eaac16ef2aa71121d7f9c3924725e26fc389f,feat,2026-01-19T16:26:27+00:00
vitest-dev/vitest,2de117af914466d7ed98ee62809aaeec85b1e25f,refactor,2026-01-20T08:35:07+00:00
vitest-dev/vitest,77d75fd344b6105b9965f068bb39ee307591bad5,feat,2026-01-22T09:56:03+00:00
vitest-dev/vitest,de7c8a521daa6b79c923a7b65ec6c010d97300cf,feat,2026-01-22T10:21:30+00:00
vitest-dev/vitest,c8d2c411c4badf184fec3247479c3dc9bc2e1a15,fix,2026-01-22T17:37:53+00:00
vitest-dev/vitest,c01186022a898d6ae1aa2c0c2cb7308cc1c24d23,fix,2026-01-23T17:58:21+00:00
vitest-dev/vitest,5d0fd3b62724268c982e87ec95917c7953896a53,fix,2026-01-23T18:10:46+00:00
vitest-dev/vitest,2a8cb9dc21404e798feb035ef69dcfe7b045197d,feat,2026-01-24T10:20:49+00:00
vitest-dev/vitest,73a81f880b8b5257bbbc27e50f71db426cdcf08b,fix,2026-01-24T11:07:25+00:00
vitest-dev/vitest,8ce1fc550a6ef7fc2845f48490a53e6f8bdf29f5,refactor,2026-01-24T11:07:33+00:00
vitest-dev/vitest,59ea27c1cdd12a97a1969cb3c874f8ce906f4518,fix,2026-01-24T11:20:16+00:00
vitest-dev/vitest,7e10fb356fa9b86b095be63e9a13c55a39aefece,feat,2026-01-24T11:37:39+00:00
vitest-dev/vitest,b5fd2a16a49f29159251dda33be729225b18449e,feat,2026-01-26T14:05:26+00:00
vitest-dev/vitest,b624fae538241490ac2da6f5a9da513a3fb2697e,fix,2026-01-27T11:23:17+00:00
vitest-dev/vitest,5b16483c3b9682b8dc59bab9cf596c5f1711dc54,fix,2026-01-28T16:15:04+00:00
vitest-dev/vitest,20e00ef7808de6d330c5e2fda530f686e08f1c8d,feat,2026-01-29T13:00:07+00:00
vitest-dev/vitest,13c9e022b5386d28ab82da1ee0fbdd72417ee5d1,fix,2026-02-02T13:53:07+00:00
vitest-dev/vitest,6d39aa32aa9a42228f1b1de332ce2b6f424d05ab,docs,2026-02-02T13:53:32+00:00
vitest-dev/vitest,8ed3cc748cc558eb7fee8ef19b970b511876bb6d,docs,2026-02-02T13:57:43+00:00
vitest-dev/vitest,e53854fcc840f998cb89f2ccce2cb10dbbc20822,feat,2026-02-02T15:27:57+00:00
vitest-dev/vitest,c83395f2c9ec40edc545a4a1f5d335f28f85e328,feat,2026-02-03T12:55:57+00:00
vitest-dev/vitest,728ba617fb5c2fa502b5d104fbae639e9f2c2e5d,fix,2026-02-03T14:11:46+00:00
vitest-dev/vitest,de215c19c08474aff6099a5fca2b9ae128334c1b,fix,2026-02-03T16:45:50+00:00
vitest-dev/vitest,835102110661c26353b169caad7d4d9af09d51ea,docs,2026-02-06T08:55:41+00:00
vitest-dev/vitest,990281dfdcb15dc0b718e4f86e9e8e699781bcfb,feat,2026-02-06T09:06:54+00:00
vitest-dev/vitest,79e20d5a3a8ec8b13fea0d4359cb1b33495c743d,fix,2026-02-06T10:06:06+00:00
vitest-dev/vitest,b66ff691a43f15f5c400c1e27c04f8956204461a,fix,2026-02-06T10:06:36+00:00
vitest-dev/vitest,89cbdaea3f86e699c8e46ee52b08204cbc8bf345,fix,2026-02-06T12:55:46+00:00
vitest-dev/vitest,eeb0ae2f8732eb46867b43789b2404eea327ad1f,feat,2026-02-07T11:44:22+00:00
vitest-dev/vitest,9cb80c0279c49edff733d5ad6b83f54782d5dc33,docs,2026-02-07T11:58:53+00:00
vitest-dev/vitest,3eb2cd5418ab32bb330be0025f65fe48dee00c7b,fix,2026-02-08T11:13:07+00:00
vitest-dev/vitest,8182b77ad78775fa0c584e008407f936595b4c40,fix,2026-02-08T11:36:11+00:00
vitest-dev/vitest,4873984228cca580da312ec079230a96e8b2684c,fix,2026-02-09T10:35:10+00:00
vitest-dev/vitest,24603e3c462631602be154472815c84f99e262b2,feat,2026-02-09T10:41:55+00:00
vitest-dev/vitest,84b5c76913444ca1afb93705abf0a45e9ae50431,docs,2026-02-10T11:00:59+00:00
vitest-dev/vitest,0917470ce96863259fd6ad66800c3b2b6f44b155,fix,2026-02-10T12:09:48+00:00
vitest-dev/vitest,7a8e7fc20529fb5e83ede2a6d0cb48402e0524b8,feat,2026-02-11T08:45:50+00:00
vitest-dev/vitest,b779bca021bc977841d8128df51f03e15d318625,docs,2026-02-11T08:50:26+00:00
vitest-dev/vitest,9fd4ce53365337b35f92b6c9d32fe0732a1c389d,fix,2026-02-12T09:24:31+00:00
vitest-dev/vitest,7c94c174c5541965ce03a7b7820c6710b4dbd632,refactor,2026-02-12T09:25:01+00:00
vitest-dev/vitest,86fad4b42603a5d1c4935b82656d2fd8d2d44bf1,fix,2026-02-15T03:14:43+00:00
vitest-dev/vitest,bb013d54bfa24afc242cb6f7a9d06989b8e7c486,fix,2026-02-15T10:51:43+00:00
vitest-dev/vitest,79520d82d7d388b106325fcae56d7a861229d59e,fix,2026-02-15T11:00:39+00:00
vitest-dev/vitest,4d390dfe952ac6231a31277674642bcab041fa47,fix,2026-02-16T09:39:25+00:00
vitest-dev/vitest,b63653f5a24dabe5fee6ee4e2599f20716e892e3,fix,2026-02-16T14:31:16+00:00
vitest-dev/vitest,7ef5cf4b78af32c4ac8cd8b68195331ad445a6b0,fix,2026-02-16T14:45:32+00:00
vitest-dev/vitest,1d9392c674b1afd584d23a8ae38765d643cf22ef,feat,2026-02-17T07:01:08+00:00
vitest-dev/vitest,c61511d4a5c5cc2a3db524fe389f4d1d97668068,fix,2026-02-17T09:24:31+00:00
vitest-dev/vitest,4d7938a567d4afb16ed793fe1ac34b7b9880f06e,fix,2026-02-18T06:08:18+00:00
vitest-dev/vitest,093c8f6b5be20ea8cf1b3836c8ecc4d8b29c2c37,fix,2026-02-19T00:08:17+00:00
vitest-dev/vitest,309362089023385dd97111fdbc8f625d42f9b88b,feat,2026-02-19T14:16:19+00:00
vitest-dev/vitest,b7902bcb409882a445aa5f9a8675cb1a71696ad2,docs,2026-02-20T10:47:58+00:00
vitest-dev/vitest,c3f37721cdc633e4c59c7014f1dc9014529e35ee,feat,2026-02-20T11:04:48+00:00
vitest-dev/vitest,05f1854e24fb96694ca86a7b4bbf384553f2219d,feat,2026-02-20T11:10:45+00:00
vitest-dev/vitest,395d1a29e82dbb866383fe95b1977e72de202860,fix,2026-02-20T11:52:05+00:00
vitest-dev/vitest,0bd2bb44fee11fe69a33f201100c318c4e9bf1f2,docs,2026-02-21T11:54:25+00:00
vitest-dev/vitest,cc735970adab31d500a5ad299fdb0e9bd2bed219,fix,2026-02-21T19:07:20+00:00
vitest-dev/vitest,149d98fbbc451ac83878bd1ab9cdc7dcea67e026,docs,2026-02-24T14:45:08+00:00
vitest-dev/vitest,001e45807ac6f945395f6052187a43421d82fadb,refactor,2026-02-25T01:27:29+00:00
vitest-dev/vitest,8880c907a4a279ef7144a64a1cc5f84f14a4574e,feat,2026-02-25T10:49:17+00:00
vitest-dev/vitest,e5aeced26c6916fb3f5f1e5f7142e149381afa11,docs,2026-02-26T08:50:12+00:00
vitest-dev/vitest,0cb2f72391a9af43bfc8c46c9b56024ddb4723aa,fix,2026-02-26T12:47:56+00:00
vitest-dev/vitest,accf5d4822d7b70ecda7a92cef7c92242c332353,docs,2026-02-27T09:00:06+00:00
vitest-dev/vitest,4072d013218a7a1bfa8b64817cbab1428a7f981b,fix,2026-03-03T08:46:14+00:00
vitest-dev/vitest,1e89ec0205cd6d475056b2b18370a42c21eb9cbd,fix,2026-03-04T16:04:47+00:00
vitest-dev/vitest,689a22a1b8c79595f6f4ae82d2b43c895d7f1c50,fix,2026-03-05T09:01:39+00:00
vitest-dev/vitest,3505fa5a3d873a7ff3639673926d68a25c24445e,fix,2026-03-06T08:42:01+00:00
vitest-dev/vitest,d93a1c0be7159a58f3394ea16cba390e03b7395e,docs,2026-03-06T11:53:09+00:00
vitest-dev/vitest,ca077b7f2b64e4e66fe60dc2a8149cdb9ad28d85,docs,2026-03-07T13:19:02+00:00
vitest-dev/vitest,3e9e096a231fa0ec6475da82e36cbd6fcc9bc8f9,feat,2026-03-09T09:28:12+00:00
vitest-dev/vitest,031f02a89be34491c441b4da9c4e2bacb7db71df,fix,2026-03-09T09:33:55+00:00
vitest-dev/vitest,99e52fe583196f9ed3ce1d9247c258045cc99550,fix,2026-03-10T07:34:01+00:00
vitest-dev/vitest,228067e3fe8ee516e05cc192e57c2dec8db04823,docs,2026-03-10T07:35:20+00:00
vitest-dev/vitest,1de0aa22dd6311a93546a75a3c58a6be519c1baf,fix,2026-03-11T14:25:37+00:00
vitest-dev/vitest,54f2660f5637705916105966ba9380acdac4e1e1,fix,2026-03-15T13:58:41+00:00
vitest-dev/vitest,633ae230382dbc232285af128cf6a2226f9cf815,fix,2026-03-16T08:14:50+00:00
vitest-dev/vitest,b78f5389d6cb0e80abd839bccac14c6a882b43cf,fix,2026-03-16T08:23:34+00:00
vitest-dev/vitest,ed27080103b2c96c3d482e68ba56e06d1fcf1a25,docs,2026-03-17T19:04:40+00:00
vitest-dev/vitest,ae5ec03ef98097aed2851f287a76d595582fe578,fix,2026-03-18T19:49:57+00:00
vitest-dev/vitest,2d81ad897b3ba5de234ad370b8e41e4e194d17b4,fix,2026-03-18T19:50:19+00:00
vitest-dev/vitest,9ae316e11ff4e72b470bbfb1fb782975d8b79dcf,refactor,2026-03-19T10:18:03+00:00
vitest-dev/vitest,1bc3e63be448d7af659e73cb08e6e6fc8fd997d0,fix,2026-03-19T11:02:00+00:00
vitest-dev/vitest,e78adcf9761bb2d1634f77b007fca43b34637ac9,fix,2026-03-20T14:40:16+00:00
vitest-dev/vitest,aaf9f18ae70e52b6e67aaf85f7f784d9dabd0acc,fix,2026-03-22T06:09:38+00:00
vitest-dev/vitest,7b6054328a1808dc5845620a374390b6c223e846,fix,2026-03-23T10:22:00+00:00
vitest-dev/vitest,0d5f9d6ef326ddac33730a013e5aaa9c603e804c,fix,2026-03-23T10:24:26+00:00
vitest-dev/vitest,0f08dda2c619b228fc0d2f9a0b4432f4b4e04f54,fix,2026-03-23T10:25:41+00:00
vitest-dev/vitest,ebfde798fbaeeb1fc7542d734dff216f39272201,refactor,2026-03-23T14:56:33+00:00
vitest-dev/vitest,b3c992cb29ede4cca1581ed08dd9921d575cb384,fix,2026-03-25T12:07:11+00:00
vitest-dev/vitest,e92f2878e6a097cf5b68735dc005d90bee06c304,docs,2026-03-26T14:47:53+00:00
vitest-dev/vitest,6b869156b5d8950f86c5f5094708f40a96a11220,fix,2026-03-27T06:39:42+00:00
vitest-dev/vitest,ec2045543121eb352ae51e3526c29b8fadd9483e,fix,2026-03-28T08:26:30+00:00
vitest-dev/vitest,ca341067bcff72102075085b88e565f81ee1722b,refactor,2026-03-28T09:11:06+00:00
vitest-dev/vitest,a245c283141116270b209ff8b27535979fb486b8,docs,2026-03-29T23:56:27+00:00
vitest-dev/vitest,9dbf477864a1b8a55726eb01bfe7033acec77bd1,fix,2026-03-30T08:24:27+00:00
vitest-dev/vitest,3f5bfa3658e391aa98f41d36592931b80cc7acbf,fix,2026-03-30T08:27:48+00:00
vitest-dev/vitest,d0f042f26af55132bf53994812a2bda28fe63b7f,docs,2026-03-31T00:55:34+00:00
vitest-dev/vitest,487990a191efddcd983f040f087e3617f72cc3f1,feat,2026-03-31T10:17:52+00:00
vitest-dev/vitest,59b0e6411be2b4aa5f2b339d02691aa83d5e403f,feat,2026-04-02T00:08:22+00:00
vitest-dev/vitest,7827363bdaeeb5d82d486f99b301dcea3a010568,feat,2026-04-07T09:49:38+00:00
vitest-dev/vitest,65c9d55eba8f9b88be9ed560d598daccec4d5b34,fix,2026-04-07T19:31:10+00:00
vitest-dev/vitest,39b3c8515f92b2c11a5148bc29a2d8c93b8ba46e,docs,2026-04-08T16:24:18+00:00
vitest-dev/vitest,6d989d8aeb704e7bd6679eaab49d67bef91dcd28,docs,2026-04-09T06:53:34+00:00
vitest-dev/vitest,d4fbb5cc931754d05327264baaf7b4364ed02f84,feat,2026-04-09T07:23:59+00:00
vitest-dev/vitest,92a531efd418763d8d6496f981964b89f59a6c58,docs,2026-04-10T04:11:47+00:00
vitest-dev/vitest,21e66ff6367f87ef91a70e4c44315a89644d35c5,fix,2026-04-15T06:23:48+00:00
vitest-dev/vitest,f1b1f6c7b053381f1d9ae184298240a4faa581b0,fix,2026-04-15T23:36:48+00:00
vitest-dev/vitest,6abd557b7219156893dd13a1dbe86501d5542d2e,feat,2026-04-16T16:00:16+00:00
vitest-dev/vitest,0e0ff41c7e86d6e2bf581f074dc216805d10d371,feat,2026-04-20T11:44:11+00:00
vitest-dev/vitest,271d995b7bd23dbf91bfb5a19b3973fbb4b833fe,docs,2026-04-21T10:54:58+00:00
vitest-dev/vitest,e7bc1549079ea9d0df9248f11e4d69ccd2585ee6,docs,2026-04-21T10:55:42+00:00
vitest-dev/vitest,325463ab292c45c3ef27aa21ec7da380c307052c,fix,2026-04-21T10:56:23+00:00
vitest-dev/vitest,e1aa7a60aac8d0ac3b89e75acafde38bf2e34213,fix,2026-04-21T11:27:03+00:00
vitest-dev/vitest,3f802da4bce90517981a403b5e38aaff6386af16,refactor,2026-04-22T04:49:32+00:00
vitest-dev/vitest,2f892712dc3b9ef0d89f4cd039c24aea7a063b9c,fix,2026-04-25T08:40:53+00:00
vitest-dev/vitest,9387f57cfabb222fa8b98526b75b90d4ddb61f75,fix,2026-04-25T11:01:43+00:00
vitest-dev/vitest,0c1df24f3251422b131130bf4842c6a1579dfc86,docs,2026-04-26T07:14:52+00:00
vitest-dev/vitest,1ba7338c3c84ee13bc4a57efac002306ce0399a6,fix,2026-04-26T14:30:59+00:00
vitest-dev/vitest,9229f2edc37f979dc6c6740fce87f0b5f6656790,refactor,2026-04-27T07:58:47+00:00
vitest-dev/vitest,9baa5faba544eda18b48418733143f4647767358,feat,2026-04-27T12:10:47+00:00
vitest-dev/vitest,8527a80e9b4fdb2218f6bbd549b53a27924a3f07,refactor,2026-04-27T13:37:28+00:00
vitest-dev/vitest,32bb9037caae50cb8d0b02f9dd472d655d88ad65,refactor,2026-04-27T14:15:56+00:00
vitest-dev/vitest,083f6bdd6b42d32914519726894b7b37ada309d7,feat,2026-04-28T08:40:04+00:00
vitest-dev/vitest,95dc6e3f16ce20a75df21a05fa6d2181d9dd9b1a,fix,2026-04-29T06:03:47+00:00
vitest-dev/vitest,273933440292e2e669ee7d415bf24a467f816617,feat,2026-04-29T08:03:21+00:00
vitest-dev/vitest,628ab32f18636c3f82ac6882e5338d8f833c2938,fix,2026-04-30T07:01:34+00:00
vitest-dev/vitest,c99d18f8d1cc9392bdb769ce692e474accec6e4e,docs,2026-05-03T04:03:50+00:00
vitest-dev/vitest,e60b2f49eeb172f23fe2329b3bb5ced79ca48aa5,feat,2026-05-04T05:27:36+00:00
vitest-dev/vitest,2c5f3ee2f90e27d8be99697e884cd58649e3e1ed,feat,2026-05-05T09:47:26+00:00
vitest-dev/vitest,3de18b81f7913eb309c5f31492e38a21a7ef52eb,docs,2026-05-07T14:27:56+00:00
vitest-dev/vitest,3876283e817014bab3909c740740ec4a8ae8d1b9,feat,2026-05-07T15:47:03+00:00
vitest-dev/vitest,04f04cdd13febb6595f7db8ab6a2f59794cff9b5,feat,2026-05-08T07:17:32+00:00
vitest-dev/vitest,41db6ce282dd1d08c6833a62d38dc3e307baac13,fix,2026-05-08T07:18:50+00:00
vitest-dev/vitest,7e66bc7266fd4e0beac8828a9cd049e25caefbd7,fix,2026-05-10T04:45:45+00:00
vitest-dev/vitest,ea55eb366b6167dc7855d859d97417034e5c5344,refactor,2026-05-11T14:42:56+00:00
vitest-dev/vitest,035e3bb70b5d123e7604c2db1660eb96cffc4957,fix,2026-05-11T15:49:20+00:00
vitest-dev/vitest,286851ea2ce3d57f5cfd638fbbb98f15c708821e,fix,2026-05-12T04:57:13+00:00
vitest-dev/vitest,2a27657a457571db73f962403dec0df4b35f4064,refactor,2026-05-17T22:47:33+00:00
vitest-dev/vitest,745b30b647dd9ba02dd49a8a8f61d7b4c261b0fb,fix,2026-05-17T22:48:20+00:00
vitest-dev/vitest,2b13547a5f72f033bf300fb737b84252a98fe9b4,fix,2026-05-18T07:30:36+00:00
vitest-dev/vitest,4f7c2670cf596dd5176c009fc9ce3b817e7b2195,fix,2026-05-18T11:04:02+00:00
vitest-dev/vitest,d60d9c9951d1de22390d06047e4ed47390d50bf6,docs,2026-05-18T11:08:25+00:00
vitest-dev/vitest,bbf2f0df38afc2536c170f7bc8f82807a55b38b3,fix,2026-05-18T12:28:08+00:00
vitest-dev/vitest,54ad2f589027cb7dd4253c6b9eb0ccb04c6ca188,docs,2026-05-18T14:31:27+00:00
vitest-dev/vitest,6d772c800ab064208a8809d97fbdd5a4774a2f58,fix,2026-05-19T09:39:49+00:00
vitest-dev/vitest,3003c4327db9e75b0f646e533552f558853f10ac,fix,2026-05-19T09:40:59+00:00
vitest-dev/vitest,100758604a2e007f2f7ebaca0381a65735d25939,docs,2026-05-19T10:03:13+00:00
vitest-dev/vitest,c22cfb656c868a7ce364c0e2da00cfcb9c6eb03a,fix,2026-05-21T07:17:06+00:00
vitest-dev/vitest,8c4b6da025883893a684d123c94ee03b063d6ad1,feat,2026-05-21T17:36:48+00:00
vitest-dev/vitest,ac6971ca24bd3ae30c04f2b5b60ca8d177c9b805,fix,2026-05-22T06:44:50+00:00
vitest-dev/vitest,766b8d2fa290fc2c7e65fff7bc31d1559e839510,fix,2026-05-22T06:55:17+00:00
vitest-dev/vitest,66110d2719b0788966057ab5553389c71d8aa806,fix,2026-05-22T06:58:53+00:00
vitest-dev/vitest,706faacce08d9d3d2d99c4e779bd0be3d7f79fa4,docs,2026-05-23T09:28:48+00:00
vitest-dev/vitest,e203202f959b1b781b2029c067a0a937e5a60f88,feat,2026-05-23T11:12:19+00:00
vitest-dev/vitest,4fee2e3031c9d1524d4dee216b1aedeaa348c4c7,fix,2026-05-23T17:26:28+00:00
vitest-dev/vitest,8c154c07e3d79cdb322286422c6f02992adb5082,docs,2026-05-24T10:21:53+00:00
vitest-dev/vitest,0cce023434615ce2b63d7e254c0edd8e1b3cbe7f,docs,2026-05-25T06:15:57+00:00
vitest-dev/vitest,31e81fe2e223404e890093ac17527a4091b4c76a,docs,2026-05-25T07:49:53+00:00
vitest-dev/vitest,af993b66b4e5ba9498cb658a86a74a2c0416b75e,fix,2026-05-25T20:27:51+00:00
vitest-dev/vitest,5c5baee6f0932915fd2d553aa704e8f5736d98fe,docs,2026-05-26T14:23:32+00:00
vitest-dev/vitest,152750ec0abd24fdca09fd356ffd2147aae8b15e,fix,2026-05-26T15:11:19+00:00
vitest-dev/vitest,18f3030798c420a02f1c36f45a5c57229c36e803,feat,2026-05-30T09:20:14+00:00
vitest-dev/vitest,2abbadd725dc6918bb855fd2777332adfc599a05,docs,2026-06-01T10:52:03+00:00
vitest-dev/vitest,fe5ed6bc73ee521bb3333cee32511dcab5a95494,fix,2026-06-01T11:03:08+00:00
vitest-dev/vitest,65547d6bb3e1013fe72526225c5562458c558e4d,refactor,2026-06-01T11:56:11+00:00
vitest-dev/vitest,e30dd9cf692ede7bc62d1cbdb5732f513a85e001,fix,2026-06-01T13:24:13+00:00
vitest-dev/vitest,04f81854f46645f788357266785973006a44dffe,feat,2026-06-01T13:34:44+00:00
vitest-dev/vitest,92d4358754b09fe3fc9b4ba0392c89a184b877c9,refactor,2026-06-02T07:18:35+00:00
vitest-dev/vitest,945d9090e5d7a0387585909956c8cf5d0146f8df,fix,2026-06-02T14:42:50+00:00
vitest-dev/vitest,6d6e46b1efccec5afc80fcf67bafd5a877293ae4,feat,2026-06-03T13:25:44+00:00
vitest-dev/vitest,6a3bb02e0474484ec166bbe25453a3239b176a8c,fix,2026-06-04T00:58:09+00:00
vitest-dev/vitest,86ffc8ac608e14f94429cefe09a85be6aaef5f94,feat,2026-06-04T07:09:39+00:00
vitest-dev/vitest,bdd985433e31b7e792483dab8f07a6832960fa55,feat,2026-06-06T10:35:13+00:00
vitest-dev/vitest,ee48b959eef46857e7bcc65691c72e4e8a2d32de,feat,2026-06-07T14:53:14+00:00
vitest-dev/vitest,c8bf19f6675e5cadf401a991b944ba1901aaa772,fix,2026-06-08T05:23:08+00:00
vitest-dev/vitest,79b7d8fcca5b19f7ce0a7f353439e8cee00801e3,fix,2026-06-08T05:24:35+00:00
vitest-dev/vitest,4087802b5f186e01c75fc4ff52cd0d61e7a99ee8,fix,2026-06-10T10:56:42+00:00
vitest-dev/vitest,a294d9b385b09e259c7fb0258354d08f2417e0ea,docs,2026-06-13T16:08:22+00:00
vitest-dev/vitest,dd62b84e00505d482879825116c57e8c38b2936a,fix,2026-06-16T06:40:03+00:00
vitest-dev/vitest,3900e634991fddc7eac6db3d63417411c11d0dae,feat,2026-06-18T08:25:52+00:00
vitest-dev/vitest,4c26d7675423341bcbd2e2090c77b0fca36fd1f0,fix,2026-06-19T08:21:51+00:00
vitest-dev/vitest,c4090147918c53835860ece57a04c8c0c1456458,fix,2026-06-23T05:10:43+00:00
vitest-dev/vitest,5b8642120d3bae9a2546df125ff3eb48a53444c5,fix,2026-06-23T21:19:41+00:00
vitest-dev/vitest,a60ded0fb1a15a5bc2eb6c26681d9e934d3e17eb,feat,2026-06-24T13:04:45+00:00
vitest-dev/vitest,3545fe78fa1feba27169d51d477b37e0850cc33d,fix,2026-06-26T00:39:10+00:00
vitest-dev/vitest,31fb6020aefe4fabea0b78e719768485b67613ea,docs,2026-06-28T09:24:15+00:00
vitest-dev/vitest,d20aa66b6949b826928cbe7708a1a38f0fbb4d1c,docs,2026-06-29T07:57:13+00:00
vitest-dev/vitest,5fed68f726b4697e6bfbd554157759a3b4460d54,refactor,2026-06-30T02:06:02+00:00
vitest-dev/vitest,0f6463bf2f10ce83e3b71b390afc14b8bf4bb032,feat,2026-06-30T06:17:08+00:00
vitest-dev/vitest,60c999032a80d04aa18a649a1ad5c7bbb7ecab3c,docs,2026-07-01T00:58:35+00:00
vitest-dev/vitest,33f96a145ef09ca6a43b4e555eb273e64a87be23,fix,2026-07-01T06:08:48+00:00
vitest-dev/vitest,9a48d92de1dc5f6b25c0d00ebfbf6d7ba91d88f8,docs,2026-07-01T06:22:48+00:00
vitest-dev/vitest,1c0ec34449b960b64bfc67e041ab381b072e2c3d,refactor,2026-07-07T09:24:52+00:00
vitest-dev/vitest,96fa6d73d8db734fd647edb1d7a896e573ef81eb,fix,2026-07-08T11:28:34+00:00
vitest-dev/vitest,d758b4755dc7534118fa0f62f16758881a8a6123,fix,2026-07-09T08:38:06+00:00
vitest-dev/vitest,b60605ca76c44b699d4d9153a5bd658c360c8dee,fix,2026-07-09T09:50:05+00:00
vitest-dev/vitest,2127fa6ce8b3ba38ecfd648588551e31f4d48b05,fix,2026-07-14T08:02:11+00:00
vitest-dev/vitest,62b8d3b360abfada127b27f55c2ddfeecc1e45d4,fix,2026-07-14T08:34:20+00:00
vitest-dev/vitest,78ed73afd841d74a4638b39e371021fdf1784374,feat,2026-07-20T08:04:04+00:00
vitest-dev/vitest,e30ccfe1c52f3a632336c9701a7b20adb44671d3,docs,2026-07-20T08:11:29+00:00
vitest-dev/vitest,22116feb775b0f407eeed9c04a8b58dd303c7ac5,fix,2026-07-21T09:08:43+00:00
vitest-dev/vitest,61585cc984ba859efc0b18dde277424db5cc88f1,docs,2026-07-21T09:38:38+00:00
vitest-dev/vitest,0f8e63f54759c10bdc17c33aea9af32da6ddda87,refactor,2026-07-21T11:18:56+00:00
vitest-dev/vitest,66d95af84b77b59ce84ef30492768d4c25e886ee,fix,2026-07-23T08:52:32+00:00
vitest-dev/vitest,1ffafc0878db61c92ace581b11d926e4699ca079,refactor,2026-07-24T11:47:12+00:00
vitest-dev/vitest,a31f86af738b2979905f6a61eb5d8848d489eed7,fix,2026-07-24T14:01:37+00:00
vitest-dev/vitest,a1b0565c9783add9f197be8c77fa82554c4b9cb1,fix,2026-07-29T06:26:48+00:00
vitest-dev/vitest,a7bf2b2c876f299b82edbe5118b903d6ee0a3c4b,fix,2026-07-29T07:34:18+00:00
vitest-dev/vitest,46a3cf750b51c0f3b0226d0225675ed559882b80,fix,2026-07-29T07:35:15+00:00
vitest-dev/vitest,41f551bce47a6d9309000daf80b831c495cadf2e,feat,2026-07-29T13:13:27+00:00
vitest-dev/vitest,202e27f3d66dde86dd5477cf3c1a8b4b2de6448d,fix,2026-07-29T14:43:51+00:00
vitest-dev/vitest,ec367cf2a6c955da8304e8cea935d1f3dc034a98,feat,2026-07-30T10:44:54+00:00
vitest-dev/vitest,d568f8ce3739b532d5bf2c1ee1e45e8a8a473d09,fix,2026-08-03T13:40:43+00:00
vitest-dev/vitest,a0b20bc8688fd0b056540add0b354dd35d5a054b,fix,2026-08-04T13:37:23+00:00
vitest-dev/vitest,aba0f9b7b9682eb5205e19d725bbd4f535a97288,fix,2026-08-05T11:02:50+00:00
vitest-dev/vitest,5eb3570e83292b08c4ab23a0709e3120615b0fb8,fix,2026-08-05T16:48:02+00:00
vitest-dev/vitest,62c795d63f333dd68eedd5f050450da01906a48b,fix,2026-08-07T11:52:23+00:00
vitest-dev/vitest,3850323e2123bd5cc8972436de79a9e80f395340,fix,2026-08-07T11:52:56+00:00
vitest-dev/vitest,01298e5b355df8c405e656e8a9b07e1d57cd05cf,feat,2026-08-07T12:11:47+00:00
vitest-dev/vitest,1216b5af96065b300df051227d1641f80b4106a6,fix,2026-08-07T12:34:48+00:00
vitest-dev/vitest,d87c96ee4ffdc4078864d72a9aea5bd2d7f30ed3,feat,2026-08-10T13:20:10+00:00
vitest-dev/vitest,90d696d44052d212ecb919fd536a6ab2ff5a3c5f,fix,2026-08-11T06:20:37+00:00
vitest-dev/vitest,61c4b8024cbd6e7ca9e3dc3bb16f000fd4198bed,fix,2026-08-11T06:45:00+00:00
vitest-dev/vitest,6093d764a18c21ea171b311d13f004079af092f0,fix,2026-08-11T07:43:48+00:00
vitest-dev/vitest,94a9b1dbf623b0cf862e18d049627dfa0fac0605,docs,2026-08-11T11:26:34+00:00
vitest-dev/vitest,99e596d33c76eb2bfa3dc0d8ce1531f0fcd4160a,fix,2026-08-11T11:35:26+00:00
vitest-dev/vitest,658affeb33889cf2bd32dc2d4f289e12cb902c01,fix,2026-08-11T11:54:22+00:00
vitest-dev/vitest,b298df6092b383cac13bf9b5983d319e901be075,fix,2026-08-12T10:17:17+00:00
vitest-dev/vitest,667c13954daff2d1bec8a866702da8934b9ce539,fix,2026-08-12T10:20:45+00:00
vitest-dev/vitest,76096c769153f183d7a8554bc392b41ebb5493bd,fix,2026-08-13T12:06:57+00:00
vitest-dev/vitest,9b4df4b057b645eb65c89841586ef09dd0d341b1,fix,2026-08-14T12:11:36+00:00
vitest-dev/vitest,5e69aba6540019bce86201ceb34311d45d909e94,fix,2026-08-16T15:32:16+00:00
vitest-dev/vitest,438eda13f6106604bb37c5a5fb1ffe5294020a65,fix,2026-08-17T07:40:12+00:00
vitest-dev/vitest,5622f0959bcbccb9fe4757dc3bb694153998be65,fix,2026-08-17T10:19:30+00:00
vitest-dev/vitest,8ff9b9a9efca7c6cfd5243569440de8d7a33aec4,fix,2026-08-17T11:41:20+00:00
vitest-dev/vitest,49e24fa38e263c818cd7e0f0f2102ca72864f953,fix,2026-08-17T13:13:42+00:00
vitest-dev/vitest,afec5d7374cbdad951350be124175b59b70894ac,refactor,2026-08-18T06:48:33+00:00
vitest-dev/vitest,294b139a3df178a4bdda7a2b9d38bc8142cfba0a,docs,2026-08-19T06:45:53+00:00
vitest-dev/vitest,c031e5a1e8fa91309a96a2e1f897530e060499a2,docs,2026-08-19T06:48:09+00:00
vitest-dev/vitest,1f4fcd36354532f16cee8e36c8e573f8a1a0af76,fix,2026-08-19T06:49:07+00:00
vitest-dev/vitest,bce2d3c2f5b63763ec6c1552b85213b1d4f80011,feat,2026-08-19T06:51:47+00:00
vitest-dev/vitest,6816f3b17ca8368578bc3d223f872f20fcfff421,feat,2026-08-19T06:51:48+00:00
vitest-dev/vitest,e5d38fd3c7247c9bcc0980638192bb679277b30c,refactor,2026-08-19T06:51:48+00:00
vitest-dev/vitest,1bbc278c2744639a8ef608e9e5660d0334a5088b,fix,2026-08-21T07:55:10+00:00
vitest-dev/vitest,c3ba16b35847d27fb9f01f38cdcb047c77e121f8,fix,2026-08-22T14:17:01+00:00
vitest-dev/vitest,cd63e9e4332899976e4e852af24cb81f6bf7169b,feat,2026-08-24T16:09:12+00:00
vitest-dev/vitest,c21865dfd0787e309aa5e974ac9ccd959a5bf0ea,fix,2026-08-24T16:09:43+00:00
vitest-dev/vitest,5f6a5e84a5e8cef301e15ac2e8f8e9837b002ec6,feat,2026-08-26T12:32:43+00:00
vitest-dev/vitest,488c04680e4fbb9e9bff796871ed665eef517e68,fix,2026-08-28T11:44:32+00:00
vitest-dev/vitest,c10a129007cc1f57b04a1b62ca6fa7a3cb3a1d5a,fix,2026-08-28T12:33:58+00:00
vitest-dev/vitest,130f79b8b7e9aa3c9af9ff7b81fc1c76cec01729,fix,2026-08-28T14:54:03+00:00
vitest-dev/vitest,b628cb68050729dd82fbe5998198f4347040ebf0,feat,2026-08-28T16:23:39+00:00
vitest-dev/vitest,ccd3059efeb9e2c6b3a01c2fa289c23e6e83a865,docs,2026-08-29T16:06:18+00:00
vitest-dev/vitest,dc10f5f8fb69b026afcf56f8a7a9dd36bd964d73,fix,2026-08-31T10:22:33+00:00
vitest-dev/vitest,2122ffdfb42d86c9a2f1238100d6a031312cae32,fix,2026-08-31T10:29:46+00:00
vitest-dev/vitest,f08ce4b7144542af128dcb884150c42074223653,fix,2026-09-03T10:34:50+00:00
vitest-dev/vitest,73d7294840a09c6c46d90a602a3a8acb3f8ddc41,fix,2026-09-03T10:35:08+00:00
vitest-dev/vitest,584cf308437069385b0fb905fa3ff7d7b7f65a90,fix,2026-09-03T10:38:28+00:00
vitest-dev/vitest,d7bf1a7444e15db23c9bbb921e968296b0e3cdf6,docs,2026-09-03T12:03:48+00:00
vitest-dev/vitest,5fd9ce33cb737a290456423fb700d07cf0971567,docs,2026-09-03T12:58:30+00:00
vitest-dev/vitest,decfeb61c71a93372f84b6d43893df86a1756308,docs,2026-09-03T13:15:14+00:00
vitest-dev/vitest,7c818153add03b0bca54453a54e76961dd5be18d,fix,2026-09-05T09:35:00+00:00
vitest-dev/vitest,5dc4b5c925e8e3ccc3e2ddf0ff31cb4c1f4447ca,feat,2026-09-08T14:06:34+00:00
vitest-dev/vitest,41c9f6516af58e6ca825d62cac63060b0c0a4e3e,docs,2026-09-09T07:57:20+00:00
vitest-dev/vitest,376dc3bc1c7ac099a7634b55c2e8f90cd6ec02a9,feat,2026-09-09T07:58:23+00:00
vitest-dev/vitest,221aaef485b1284563a0715fcfe017971ff0c58c,docs,2026-09-09T08:30:26+00:00
vitest-dev/vitest,23dda738ccacb11682426426cd7b876afd107621,fix,2026-09-09T10:44:42+00:00
vitest-dev/vitest,91ab1588c72c9c5f7c638368a541cd20e0e8a934,fix,2026-09-09T11:35:58+00:00
vitest-dev/vitest,c119be016295b45a005e2a36367ea7d133b4f385,fix,2026-09-09T11:37:09+00:00
vitest-dev/vitest,29de617051c69939201bd3c9f4efd7e4fd85618b,docs,2026-09-11T13:03:04+00:00
vitest-dev/vitest,2ce29d5fa758046e5453bd92b8ed6c9da9709bb5,fix,2026-09-11T13:19:32+00:00
vitest-dev/vitest,0a7122daaf6de7728f99359af879abba02c41616,fix,2026-09-14T10:23:49+00:00
